order_id,order_date,ship_date,dias_envio,ship_mode,customer_id,customer_name,segment,region,state,city,category,sub_category,product_name,sales,quantity,discount,profit,margen_utilidad,nivel_descuento,nivel_rentabilidad,venta_no_rentable,anio,mes,trimestre,row_id,country,postal_code,product_id,prediccion_perdida,probabilidad_perdida,nivel_riesgo_comercial
US-2014-140914,2014-11-11,2014-11-15,4,Standard Class,BH-11710,Brosina Hoffman,Consumer,Central,Illinois,Chicago,Furniture,Furnishings,DAX Wood Document Frame.,10.984,2,0.6,-7.9634,-0.725,Alto,Perdida,1,2014,11,4,9748,United States,60653,FUR-FU-10000175,1,1.0,Alto
US-2015-138919,2015-09-17,2015-09-21,4,Standard Class,LS-16975,Lindsay Shagiari,Home Office,East,New York,New York City,Furniture,Tables,"Riverside Furniture Oval Coffee Table, Oval End Table, End Table with Drawer",344.22,2,0.4,-103.266,-0.3,Alto,Perdida,1,2015,9,3,3016,United States,10035,FUR-TA-10004154,1,1.0,Alto
US-2017-123834,2017-07-21,2017-07-25,4,Standard Class,GM-14500,Gene McClure,Consumer,Central,Texas,Pharr,Furniture,Tables,Hon 61000 Series Interactive Training Tables,124.404,4,0.3,-21.3264,-0.1714285714285714,Medio,Perdida,1,2017,7,3,7845,United States,78577,FUR-TA-10001676,1,1.0,Alto
US-2015-114839,2015-04-26,2015-04-30,4,Standard Class,PW-19240,Pierre Wener,Consumer,Central,Texas,Houston,Furniture,Chairs,Hon 4070 Series Pagoda Armless Upholstered Stacking Chairs,408.422,2,0.3,-5.8346,-0.0142857142857142,Medio,Perdida,1,2015,4,2,2899,United States,77036,FUR-CH-10004086,1,1.0,Alto
CA-2016-157749,2016-06-04,2016-06-09,5,Second Class,KL-16645,Ken Lonsdale,Consumer,Central,Illinois,Chicago,Furniture,Tables,KI Conference Tables,177.225,5,0.5,-120.513,-0.68,Alto,Perdida,1,2016,6,2,242,United States,60610,FUR-TA-10002607,1,1.0,Alto
CA-2016-109400,2016-05-02,2016-05-06,4,Standard Class,NR-18550,Nick Radford,Consumer,Central,Texas,Amarillo,Furniture,Chairs,"Office Star - Contemporary Task Swivel chair with Loop Arms, Charcoal",366.744,4,0.3,-110.0232,-0.3,Medio,Perdida,1,2016,5,2,8505,United States,79109,FUR-CH-10003298,1,1.0,Alto
CA-2015-157322,2015-07-02,2015-07-06,4,Standard Class,RH-19600,Rob Haberlin,Consumer,Central,Illinois,Carol Stream,Furniture,Chairs,"Global Wood Trimmed Manager's Task Chair, Khaki",382.116,6,0.3,-92.7996,-0.2428571428571428,Medio,Perdida,1,2015,7,3,3490,United States,60188,FUR-CH-10003774,1,1.0,Alto
CA-2016-130050,2016-07-16,2016-07-18,2,Second Class,MC-17425,Mark Cousins,Corporate,Central,Texas,Houston,Furniture,Furnishings,Staple-based wall hangings,9.552,3,0.6,-3.8208,-0.4,Alto,Perdida,1,2016,7,3,3365,United States,77036,FUR-FU-10001940,1,1.0,Alto
CA-2016-146934,2016-05-22,2016-05-27,5,Standard Class,AF-10870,Art Ferguson,Consumer,East,New Jersey,Passaic,Furniture,Tables,Bevis 36 x 72 Conference Tables,174.286,2,0.3,-19.9184,-0.1142857142857142,Medio,Perdida,1,2016,5,2,2442,United States,7055,FUR-TA-10003748,1,1.0,Alto
CA-2015-157322,2015-07-02,2015-07-06,4,Standard Class,RH-19600,Rob Haberlin,Consumer,Central,Illinois,Carol Stream,Furniture,Chairs,Hon 4070 Series Pagoda Armless Upholstered Stacking Chairs,408.422,2,0.3,-5.8346,-0.0142857142857142,Medio,Perdida,1,2015,7,3,3489,United States,60188,FUR-CH-10004086,1,1.0,Alto
US-2014-148838,2014-03-17,2014-03-21,4,Standard Class,CP-12340,Christine Phan,Corporate,East,New York,New York City,Furniture,Tables,"Hon 30"" x 60"" Table with Locking Drawer",613.908,3,0.4,-122.7816,-0.1999999999999999,Alto,Perdida,1,2014,3,1,2360,United States,10024,FUR-TA-10004175,1,1.0,Alto
CA-2017-132199,2017-05-03,2017-05-08,5,Standard Class,BO-11350,Bill Overfelt,Corporate,East,Pennsylvania,Philadelphia,Furniture,Tables,Bevis 36 x 72 Conference Tables,373.47,5,0.4,-112.041,-0.3,Alto,Perdida,1,2017,5,2,8354,United States,19134,FUR-TA-10003748,1,1.0,Alto
CA-2017-113908,2017-06-03,2017-06-09,6,Standard Class,KN-16390,Katherine Nockton,Corporate,East,New York,New York City,Furniture,Tables,"Chromcraft 48"" x 96"" Racetrack Double Pedestal Table",384.768,2,0.4,-115.4304,-0.3,Alto,Perdida,1,2017,6,2,6484,United States,10011,FUR-TA-10001932,1,1.0,Alto
CA-2017-100615,2017-04-20,2017-04-24,4,Standard Class,SJ-20215,Sarah Jordon,Consumer,Central,Illinois,Chicago,Furniture,Chairs,DMI Arturo Collection Mission-style Design Wood Chair,317.058,3,0.3,-18.1176,-0.0571428571428571,Medio,Perdida,1,2017,4,2,6766,United States,60653,FUR-CH-10002602,1,1.0,Alto
CA-2016-145303,2016-08-28,2016-08-31,3,First Class,TP-21415,Tom Prescott,Consumer,Central,Texas,Dallas,Furniture,Bookcases,"Sauder Camden County Collection Libraries, Planked Cherry Finish",156.3728,2,0.32,-52.8908,-0.338235294117647,Alto,Perdida,1,2016,8,3,4072,United States,75081,FUR-BO-10003159,1,1.0,Alto
CA-2016-150483,2016-05-31,2016-06-04,4,Standard Class,BP-11290,Beth Paige,Consumer,Central,Illinois,Decatur,Furniture,Chairs,Global Highback Leather Tilter in Burgundy,191.079,3,0.3,-38.2158,-0.2,Medio,Perdida,1,2016,5,2,8903,United States,62521,FUR-CH-10000422,1,1.0,Alto
CA-2016-128916,2016-08-18,2016-08-20,2,Second Class,MA-17560,Matt Abelman,Home Office,Central,Texas,Houston,Furniture,Furnishings,Staple-based wall hangings,9.552,3,0.6,-3.8208,-0.4,Alto,Perdida,1,2016,8,3,9125,United States,77070,FUR-FU-10001940,1,1.0,Alto
CA-2015-163181,2015-11-07,2015-11-12,5,Standard Class,AB-10105,Adrian Barton,Consumer,Central,Texas,Houston,Furniture,Furnishings,Tenex Chairmats For Use with Hard Floors,64.96,5,0.6,-84.448,-1.3,Alto,Perdida,1,2015,11,4,9104,United States,77041,FUR-FU-10000193,1,1.0,Alto
US-2017-150595,2017-05-22,2017-05-26,4,Standard Class,LE-16810,Laurel Elliston,Consumer,Central,Illinois,Chicago,Furniture,Chairs,High-Back Leather Manager's Chair,181.986,2,0.3,-54.5958,-0.3,Medio,Perdida,1,2017,5,2,5540,United States,60653,FUR-CH-10000513,1,0.9966666666666667,Alto
US-2017-147669,2017-12-25,2017-12-30,5,Standard Class,SV-20935,Susan Vittorini,Consumer,East,Ohio,Fairfield,Furniture,Tables,Hon Rectangular Conference Tables,273.06,2,0.4,-104.673,-0.3833333333333333,Alto,Perdida,1,2017,12,4,2426,United States,45014,FUR-TA-10002645,1,0.9966666666666667,Alto
CA-2016-116337,2016-11-07,2016-11-12,5,Standard Class,MC-17845,Michael Chen,Consumer,Central,Texas,Dallas,Furniture,Furnishings,"Executive Impressions 14"" Contract Wall Clock with Quartz Movement",44.46,5,0.6,-17.784,-0.3999999999999999,Alto,Perdida,1,2016,11,4,8212,United States,75220,FUR-FU-10002030,1,0.9966666666666667,Alto
CA-2017-144491,2017-03-27,2017-04-01,5,Standard Class,CJ-12010,Caroline Jumper,Consumer,Central,Texas,Houston,Furniture,Chairs,Global Deluxe High-Back Manager's Chair,600.558,3,0.3,-8.5794,-0.0142857142857142,Medio,Perdida,1,2017,3,1,9789,United States,77070,FUR-CH-10004063,1,0.9966666666666667,Alto
US-2014-140452,2014-12-06,2014-12-10,4,Standard Class,BK-11260,Berenike Kampe,Consumer,Central,Illinois,Chicago,Furniture,Furnishings,Nu-Dell Float Frame 11 x 14 1/2,10.776,3,0.6,-4.8492,-0.45,Alto,Perdida,1,2014,12,4,5097,United States,60610,FUR-FU-10002088,1,0.9966666666666667,Alto
CA-2014-106229,2014-06-07,2014-06-11,4,Second Class,NR-18550,Nick Radford,Consumer,Central,Illinois,Aurora,Furniture,Tables,"Bevis Round Conference Table Top, X-Base",268.935,3,0.5,-209.7693,-0.7799999999999999,Alto,Perdida,1,2014,6,2,4722,United States,60505,FUR-TA-10002041,1,0.9966666666666667,Alto
CA-2015-139584,2015-08-24,2015-08-28,4,Standard Class,EM-13810,Eleni McCrary,Corporate,East,New York,New York City,Furniture,Tables,Chromcraft Rectangular Conference Tables,284.364,2,0.4,-75.8304,-0.2666666666666666,Alto,Perdida,1,2015,8,3,3157,United States,10009,FUR-TA-10001539,1,0.9966666666666667,Alto
CA-2014-120544,2014-11-23,2014-11-27,4,Standard Class,SS-20140,Saphhira Shifley,Corporate,Central,Texas,Mesquite,Furniture,Furnishings,Staple-based wall hangings,6.368,2,0.6,-2.5472,-0.4,Alto,Perdida,1,2014,11,4,3708,United States,75150,FUR-FU-10001940,1,0.9966666666666667,Alto
US-2015-168704,2015-04-13,2015-04-17,4,Standard Class,FP-14320,Frank Preis,Consumer,Central,Texas,Huntsville,Furniture,Tables,"Iceberg OfficeWorks 42"" Round Tables",211.372,2,0.3,-45.294,-0.2142857142857142,Medio,Perdida,1,2015,4,2,8930,United States,77340,FUR-TA-10002530,1,0.9966666666666667,Alto
US-2016-111563,2016-11-04,2016-11-08,4,Standard Class,SM-20005,Sally Matthias,Consumer,Central,Texas,Houston,Furniture,Furnishings,"DAX Two-Tone Rosewood/Black Document Frame, Desktop, 5 x 7",11.376,3,0.6,-5.688,-0.5,Alto,Perdida,1,2016,11,4,9322,United States,77041,FUR-FU-10002445,1,0.9966666666666667,Alto
CA-2016-163153,2016-03-21,2016-03-25,4,Standard Class,DM-12955,Dario Medina,Corporate,Central,Texas,Houston,Furniture,Tables,Safco Drafting Table,99.372,2,0.3,-1.4196,-0.0142857142857142,Medio,Perdida,1,2016,3,1,3766,United States,77036,FUR-TA-10004767,1,0.9966666666666667,Alto
CA-2016-128916,2016-08-18,2016-08-20,2,Second Class,MA-17560,Matt Abelman,Home Office,Central,Texas,Houston,Furniture,Furnishings,OIC Stacking Trays,5.344,4,0.6,-2.1376,-0.3999999999999999,Alto,Perdida,1,2016,8,3,9126,United States,77070,FUR-FU-10000320,1,0.9966666666666667,Alto
CA-2017-121300,2017-09-29,2017-09-29,0,Same Day,MG-17680,Maureen Gastineau,Home Office,East,Ohio,Mentor,Furniture,Tables,Riverside Furniture Stanwyck Manor Table Series,344.22,2,0.4,-189.321,-0.5499999999999999,Alto,Perdida,1,2017,9,3,4474,United States,44060,FUR-TA-10004442,1,0.9966666666666667,Alto
CA-2014-122931,2014-09-29,2014-10-03,4,Standard Class,SM-20950,Suzanne McNair,Corporate,East,Pennsylvania,Philadelphia,Furniture,Tables,Hon 4060 Series Tables,67.176,1,0.4,-20.1528,-0.3,Alto,Perdida,1,2014,9,3,4057,United States,19134,FUR-TA-10004147,1,0.9966666666666667,Alto
US-2015-164175,2015-04-30,2015-05-05,5,Standard Class,PS-18970,Paul Stevenson,Home Office,Central,Illinois,Chicago,Furniture,Chairs,"Global Value Mid-Back Manager's Chair, Gray",213.115,5,0.3,-15.2225,-0.0714285714285714,Medio,Perdida,1,2015,4,2,67,United States,60610,FUR-CH-10001146,1,0.9966666666666667,Alto
CA-2014-100678,2014-04-18,2014-04-22,4,Standard Class,KM-16720,Kunst Miller,Consumer,Central,Texas,Houston,Furniture,Chairs,DMI Arturo Collection Mission-style Design Wood Chair,317.058,3,0.3,-18.1176,-0.0571428571428571,Medio,Perdida,1,2014,4,2,6570,United States,77095,FUR-CH-10002602,1,0.9966666666666667,Alto
CA-2017-163265,2017-02-16,2017-02-21,5,Standard Class,JS-16030,Joy Smith,Consumer,Central,Illinois,Decatur,Furniture,Chairs,Global Deluxe High-Back Manager's Chair,600.558,3,0.3,-8.5794,-0.0142857142857142,Medio,Perdida,1,2017,2,1,8674,United States,62521,FUR-CH-10004063,1,0.9966666666666667,Alto
CA-2015-118955,2015-06-16,2015-06-20,4,Standard Class,LS-17230,Lycoris Saunders,Consumer,Central,Texas,Grand Prairie,Furniture,Chairs,Office Star - Contemporary Swivel Chair with Padded Adjustable Arms and Flex Back,197.372,2,0.3,-25.3764,-0.1285714285714285,Medio,Perdida,1,2015,6,2,3939,United States,75051,FUR-CH-10001708,1,0.9966666666666667,Alto
CA-2016-145730,2016-03-03,2016-03-08,5,Standard Class,CC-12220,Chris Cortes,Consumer,Central,Texas,San Antonio,Furniture,Tables,"Office Impressions End Table, 20-1/2""H x 24""W x 20""D",637.896,3,0.3,-127.5792,-0.2,Medio,Perdida,1,2016,3,1,4003,United States,78207,FUR-TA-10004915,1,0.9966666666666667,Alto
CA-2016-129861,2016-06-17,2016-06-23,6,Standard Class,DM-13345,Denise Monton,Corporate,East,New York,Rochester,Furniture,Tables,Hon 2111 Invitation Series Corner Table,376.866,3,0.4,-213.5574,-0.5666666666666667,Alto,Perdida,1,2016,6,2,9604,United States,14609,FUR-TA-10003715,1,0.9966666666666667,Alto
CA-2017-106432,2017-10-19,2017-10-24,5,Standard Class,CA-12265,Christina Anderson,Consumer,Central,Texas,Waco,Furniture,Bookcases,Rush Hierlooms Collection Rich Wood Bookcases,328.3992,3,0.32,-91.7586,-0.2794117647058823,Alto,Perdida,1,2017,10,4,5176,United States,76706,FUR-BO-10004360,1,0.9966666666666667,Alto
CA-2015-131352,2015-10-08,2015-10-13,5,Standard Class,GH-14485,Gene Hale,Corporate,Central,Texas,Dallas,Furniture,Furnishings,"Tenex Traditional Chairmats for Medium Pile Carpet, Standard Lip, 36"" x 48""",72.78,3,0.6,-70.9605,-0.975,Alto,Perdida,1,2015,10,4,8134,United States,75081,FUR-FU-10003708,1,0.9966666666666667,Alto
US-2016-126844,2016-10-08,2016-10-14,6,Standard Class,BW-11110,Bart Watters,Corporate,Central,Texas,Houston,Furniture,Furnishings,Contemporary Wood/Metal Frame,51.712,8,0.6,-32.32,-0.625,Alto,Perdida,1,2016,10,4,2557,United States,77070,FUR-FU-10004909,1,0.9966666666666667,Alto
CA-2017-163006,2017-06-30,2017-07-04,4,Second Class,GH-14410,Gary Hansen,Home Office,Central,Illinois,Chicago,Furniture,Furnishings,"Seth Thomas 13 1/2"" Wall Clock",14.224,2,0.6,-10.3124,-0.725,Alto,Perdida,1,2017,6,2,5159,United States,60653,FUR-FU-10003799,1,0.9966666666666667,Alto
CA-2015-143147,2015-05-26,2015-05-28,2,Second Class,PS-18760,Pamela Stobb,Consumer,Central,Texas,San Antonio,Furniture,Chairs,"Global Stack Chair with Arms, Black",104.93,5,0.3,-4.497,-0.0428571428571428,Medio,Perdida,1,2015,5,2,9578,United States,78207,FUR-CH-10004754,1,0.9966666666666667,Alto
CA-2016-134334,2016-02-14,2016-02-15,1,First Class,DK-13090,Dave Kipp,Consumer,East,Maryland,Clinton,Furniture,Tables,Bevis Boat-Shaped Conference Table,550.431,3,0.3,-47.1798,-0.0857142857142857,Medio,Perdida,1,2016,2,1,7813,United States,20735,FUR-TA-10002356,1,0.9933333333333333,Alto
CA-2016-165484,2016-10-23,2016-10-29,6,Standard Class,HK-14890,Heather Kirkland,Corporate,Central,Illinois,Chicago,Furniture,Furnishings,DAX Cubicle Frames - 8x10,16.156,7,0.6,-12.117,-0.7500000000000001,Alto,Perdida,1,2016,10,4,1810,United States,60610,FUR-FU-10001196,1,0.9933333333333333,Alto
CA-2014-163468,2014-11-18,2014-11-21,3,First Class,JK-15730,Joe Kamberova,Consumer,Central,Illinois,Des Plaines,Furniture,Tables,BPI Conference Tables,292.1,4,0.5,-175.26,-0.5999999999999999,Alto,Perdida,1,2014,11,4,7299,United States,60016,FUR-TA-10002533,1,0.9933333333333333,Alto
CA-2014-130673,2014-05-20,2014-05-22,2,Second Class,MC-17590,Matt Collister,Corporate,Central,Texas,San Marcos,Furniture,Furnishings,Contemporary Borderless Frame,10.332,3,0.6,-5.9409,-0.575,Alto,Perdida,1,2014,5,2,8581,United States,78666,FUR-FU-10003489,1,0.9933333333333333,Alto
CA-2016-120824,2016-06-12,2016-06-16,4,Second Class,AW-10930,Arthur Wiediger,Home Office,Central,Texas,Houston,Furniture,Furnishings,Dax Clear Box Frame,6.984,2,0.6,-4.5396,-0.65,Alto,Perdida,1,2016,6,2,8718,United States,77070,FUR-FU-10001424,1,0.9933333333333333,Alto
US-2017-141558,2017-03-11,2017-03-16,5,Standard Class,MH-17290,Marc Harrigan,Home Office,East,Pennsylvania,Philadelphia,Furniture,Tables,KI Adjustable-Height Table,154.764,3,0.4,-46.4292,-0.3,Alto,Perdida,1,2017,3,1,7146,United States,19140,FUR-TA-10004086,1,0.9933333333333333,Alto
US-2017-164056,2017-04-29,2017-05-04,5,Second Class,FM-14215,Filia McAdams,Corporate,East,Ohio,Dublin,Furniture,Tables,"SAFCO PlanMaster Heigh-Adjustable Drafting Table Base, 43w x 30d x 30-37h, Black",1048.35,5,0.4,-69.89,-0.0666666666666666,Alto,Perdida,1,2017,4,2,1728,United States,43017,FUR-TA-10001307,1,0.9933333333333333,Alto
US-2017-119319,2017-11-06,2017-11-09,3,Second Class,LC-17050,Liz Carlisle,Consumer,Central,Texas,Dallas,Furniture,Furnishings,"Linden 10"" Round Wall Clock, Black",30.56,5,0.6,-19.864,-0.65,Alto,Perdida,1,2017,11,4,8621,United States,75217,FUR-FU-10003878,1,0.9933333333333333,Alto
US-2016-104815,2016-09-03,2016-09-07,4,Standard Class,RB-19570,Rob Beeghly,Consumer,Central,Illinois,Chicago,Furniture,Bookcases,"Safco Value Mate Steel Bookcase, Baked Enamel Finish on Steel, Black",198.744,4,0.3,0.0,0.0,Medio,Perdida,1,2016,9,3,7563,United States,60610,FUR-BO-10003894,1,0.9933333333333333,Alto
CA-2017-147277,2017-10-20,2017-10-24,4,Standard Class,EB-13705,Ed Braxton,Corporate,East,Ohio,Akron,Furniture,Tables,Chromcraft Rectangular Conference Tables,284.364,2,0.4,-75.8304,-0.2666666666666666,Alto,Perdida,1,2017,10,4,454,United States,44312,FUR-TA-10001539,1,0.9933333333333333,Alto
US-2014-150119,2014-04-23,2014-04-27,4,Standard Class,LB-16795,Laurel Beltran,Home Office,East,Ohio,Columbus,Furniture,Chairs,"Global Leather Highback Executive Chair with Pneumatic Height Adjustment, Black",281.372,2,0.3,-12.0588,-0.0428571428571428,Medio,Perdida,1,2014,4,2,3407,United States,43229,FUR-CH-10002965,1,0.9933333333333333,Alto
CA-2017-144491,2017-03-27,2017-04-01,5,Standard Class,CJ-12010,Caroline Jumper,Consumer,Central,Texas,Houston,Furniture,Chairs,"Global Leather & Oak Executive Chair, Burgundy",211.246,2,0.3,-66.3916,-0.3142857142857143,Medio,Perdida,1,2017,3,1,9791,United States,77070,FUR-CH-10001714,1,0.9933333333333333,Alto
US-2014-150119,2014-04-23,2014-04-27,4,Standard Class,LB-16795,Laurel Beltran,Home Office,East,Ohio,Columbus,Furniture,Chairs,"Global Leather Highback Executive Chair with Pneumatic Height Adjustment, Black",281.372,2,0.3,-12.0588,-0.0428571428571428,Medio,Perdida,1,2014,4,2,3406,United States,43229,FUR-CH-10002965,1,0.9933333333333333,Alto
CA-2016-157749,2016-06-04,2016-06-09,5,Second Class,KL-16645,Ken Lonsdale,Consumer,Central,Illinois,Chicago,Furniture,Furnishings,Eldon 100 Class Desk Accessories,4.044,3,0.6,-2.8308,-0.7000000000000001,Alto,Perdida,1,2016,6,2,243,United States,60610,FUR-FU-10002505,1,0.9933333333333333,Alto
US-2016-157945,2016-09-26,2016-10-01,5,Standard Class,NF-18385,Natalie Fritzler,Consumer,Central,Illinois,Decatur,Furniture,Chairs,Hon 4700 Series Mobuis Mid-Back Task Chairs with Adjustable Arms,747.558,3,0.3,-96.1146,-0.1285714285714285,Medio,Perdida,1,2016,9,3,458,United States,62521,FUR-CH-10002331,1,0.9933333333333333,Alto
US-2017-124779,2017-09-08,2017-09-11,3,First Class,BF-11020,Barry Franzsisch,Corporate,Central,Texas,Arlington,Furniture,Furnishings,DAX Black Cherry Wood-Tone Poster Frame,21.184,2,0.6,-11.6512,-0.5499999999999999,Alto,Perdida,1,2017,9,3,6652,United States,76017,FUR-FU-10001095,1,0.9933333333333333,Alto
US-2014-148838,2014-03-17,2014-03-21,4,Standard Class,CP-12340,Christine Phan,Corporate,East,New York,New York City,Furniture,Tables,Balt Solid Wood Round Tables,1071.576,4,0.4,-553.6476,-0.5166666666666667,Alto,Perdida,1,2014,3,1,2359,United States,10024,FUR-TA-10001950,1,0.9933333333333333,Alto
CA-2016-132066,2016-10-16,2016-10-20,4,Standard Class,NB-18655,Nona Balk,Corporate,East,New York,New York City,Furniture,Tables,Chromcraft Rectangular Conference Tables,142.182,1,0.4,-37.9152,-0.2666666666666666,Alto,Perdida,1,2016,10,4,7317,United States,10011,FUR-TA-10001539,1,0.9933333333333333,Alto
CA-2016-101693,2016-06-25,2016-06-27,2,Second Class,LC-17140,Logan Currie,Consumer,Central,Texas,Houston,Furniture,Chairs,"Global Value Mid-Back Manager's Chair, Gray",85.246,2,0.3,-6.089,-0.0714285714285714,Medio,Perdida,1,2016,6,2,7426,United States,77070,FUR-CH-10001146,1,0.9933333333333333,Alto
CA-2016-157511,2016-09-18,2016-09-20,2,First Class,SV-20365,Seth Vernon,Consumer,East,Ohio,Columbus,Furniture,Chairs,"Situations Contoured Folding Chairs, 4/Set",99.372,2,0.3,-7.098,-0.0714285714285714,Medio,Perdida,1,2016,9,3,3543,United States,43229,FUR-CH-10002647,1,0.9933333333333333,Alto
CA-2014-103086,2014-10-17,2014-10-19,2,Second Class,EB-14170,Evan Bailliet,Consumer,Central,Texas,Houston,Furniture,Furnishings,G.E. Longer-Life Indoor Recessed Floodlight Bulbs,5.312,2,0.6,-1.5936,-0.3,Alto,Perdida,1,2014,10,4,9558,United States,77095,FUR-FU-10004586,1,0.9933333333333333,Alto
CA-2015-157133,2015-11-28,2015-12-03,5,Standard Class,LC-16885,Lena Creighton,Consumer,Central,Illinois,Champaign,Furniture,Furnishings,"Eldon ""L"" Workstation Diamond Chairmat",151.96,5,0.6,-182.352,-1.2,Alto,Perdida,1,2015,11,4,3865,United States,61821,FUR-FU-10004904,1,0.9933333333333333,Alto
CA-2014-121769,2014-04-08,2014-04-12,4,Standard Class,JS-15880,John Stevenson,Consumer,East,Ohio,Toledo,Furniture,Tables,Riverside Furniture Stanwyck Manor Table Series,172.11,1,0.4,-94.6605,-0.5499999999999999,Alto,Perdida,1,2014,4,2,7410,United States,43615,FUR-TA-10004442,1,0.9933333333333333,Alto
US-2017-111024,2017-07-03,2017-07-06,3,Second Class,SZ-20035,Sam Zeldin,Home Office,East,Ohio,Lancaster,Furniture,Tables,"Bevis Round Conference Table Top, X-Base",215.148,2,0.4,-103.9882,-0.4833333333333334,Alto,Perdida,1,2017,7,3,3429,United States,43130,FUR-TA-10002041,1,0.9933333333333333,Alto
CA-2017-163860,2017-12-28,2018-01-01,4,Standard Class,LO-17170,Lori Olson,Corporate,Central,Illinois,Peoria,Furniture,Furnishings,G.E. Longer-Life Indoor Recessed Floodlight Bulbs,7.968,3,0.6,-2.3904,-0.3,Alto,Perdida,1,2017,12,4,6820,United States,61604,FUR-FU-10004586,1,0.9933333333333333,Alto
CA-2015-104871,2015-03-30,2015-04-03,4,Standard Class,DR-12940,Daniel Raglin,Home Office,Central,Illinois,Normal,Furniture,Chairs,"Office Star - Contemporary Task Swivel chair with Loop Arms, Charcoal",366.744,4,0.3,-110.0232,-0.3,Medio,Perdida,1,2015,3,1,7002,United States,61761,FUR-CH-10003298,1,0.9933333333333333,Alto
CA-2014-166086,2014-05-07,2014-05-12,5,Standard Class,CT-11995,Carol Triggs,Consumer,East,Massachusetts,Lawrence,Furniture,Tables,Balt Split Level Computer Training Table,194.25,2,0.3,-38.85,-0.2,Medio,Perdida,1,2014,5,2,6564,United States,1841,FUR-TA-10003469,1,0.9933333333333333,Alto
CA-2015-130365,2015-04-25,2015-04-29,4,Standard Class,ZC-21910,Zuschuss Carroll,Consumer,Central,Illinois,Aurora,Furniture,Chairs,"Global Armless Task Chair, Royal Blue",128.058,3,0.3,-23.7822,-0.1857142857142857,Medio,Perdida,1,2015,4,2,6949,United States,60505,FUR-CH-10003535,1,0.9933333333333333,Alto
CA-2016-103919,2016-10-03,2016-10-07,4,Standard Class,TP-21565,Tracy Poddar,Corporate,Central,Texas,Grand Prairie,Furniture,Furnishings,"Eldon Expressions Desk Accessory, Wood Photo Frame, Mahogany",38.08,5,0.6,-29.512,-0.775,Alto,Perdida,1,2016,10,4,6370,United States,75051,FUR-FU-10001756,1,0.9933333333333333,Alto
CA-2016-110898,2016-03-06,2016-03-12,6,Standard Class,LC-16870,Lena Cacioppo,Consumer,Central,Illinois,Chicago,Furniture,Tables,Bevis Rectangular Conference Tables,145.98,2,0.5,-99.2664,-0.68,Alto,Perdida,1,2016,3,1,8985,United States,60623,FUR-TA-10000849,1,0.9933333333333333,Alto
CA-2017-102925,2017-11-05,2017-11-10,5,Second Class,CD-12280,Christina DeMoss,Consumer,East,New York,New York City,Furniture,Tables,Balt Split Level Computer Training Table,166.5,2,0.4,-66.6,-0.3999999999999999,Alto,Perdida,1,2017,11,4,9468,United States,10024,FUR-TA-10003469,1,0.9933333333333333,Alto
CA-2016-136595,2016-09-05,2016-09-07,2,First Class,EM-13825,Elizabeth Moffitt,Corporate,Central,Texas,Houston,Furniture,Furnishings,"Executive Impressions 12"" Wall Clock",21.204,3,0.6,-11.6622,-0.55,Alto,Perdida,1,2016,9,3,7550,United States,77036,FUR-FU-10004671,1,0.9933333333333333,Alto
CA-2014-155887,2014-05-12,2014-05-17,5,Standard Class,KT-16480,Kean Thornton,Consumer,East,Massachusetts,Franklin,Furniture,Tables,"Bevis Traditional Conference Table Top, Plinth Base",700.056,3,0.3,-130.0104,-0.1857142857142857,Medio,Perdida,1,2014,5,2,2747,United States,2038,FUR-TA-10002228,1,0.9933333333333333,Alto
CA-2016-130288,2016-11-26,2016-11-30,4,Second Class,DK-13225,Dean Katz,Corporate,East,New York,New York City,Furniture,Tables,"Bevis Oval Conference Table, Walnut",313.176,2,0.4,-120.0508,-0.3833333333333333,Alto,Perdida,1,2016,11,4,5924,United States,10011,FUR-TA-10002958,1,0.99,Alto
CA-2014-144029,2014-05-26,2014-05-31,5,Standard Class,MM-18055,Michelle Moray,Consumer,Central,Illinois,Chicago,Furniture,Chairs,Global Commerce Series Low-Back Swivel/Tilt Chairs,359.772,2,0.3,-5.1396,-0.0142857142857142,Medio,Perdida,1,2014,5,2,6741,United States,60623,FUR-CH-10003981,1,0.99,Alto
US-2016-111563,2016-11-04,2016-11-08,4,Standard Class,SM-20005,Sally Matthias,Consumer,Central,Texas,Houston,Furniture,Furnishings,"Deflect-o EconoMat Studded, No Bevel Mat for Low Pile Carpeting",66.112,4,0.6,-84.2928,-1.275,Alto,Perdida,1,2016,11,4,9323,United States,77041,FUR-FU-10000723,1,0.99,Alto
CA-2017-119746,2017-11-23,2017-11-27,4,Standard Class,CM-12385,Christopher Martinez,Consumer,Central,Illinois,Chicago,Furniture,Furnishings,Contemporary Wood/Metal Frame,6.464,1,0.6,-4.04,-0.625,Alto,Perdida,1,2017,11,4,4773,United States,60610,FUR-FU-10004909,1,0.99,Alto
CA-2014-127166,2014-05-21,2014-05-23,2,Second Class,KH-16360,Katherine Hughes,Consumer,Central,Texas,Houston,Furniture,Chairs,Global Deluxe Steno Chair,107.772,2,0.3,-29.2524,-0.2714285714285714,Medio,Perdida,1,2014,5,2,9793,United States,77070,FUR-CH-10003396,1,0.99,Alto
CA-2016-157749,2016-06-04,2016-06-09,5,Second Class,KL-16645,Ken Lonsdale,Consumer,Central,Illinois,Chicago,Furniture,Furnishings,Staple-based wall hangings,11.688,3,0.6,-4.6752,-0.4,Alto,Perdida,1,2016,6,2,240,United States,60610,FUR-FU-10004351,1,0.99,Alto
CA-2015-137512,2015-05-07,2015-05-12,5,Standard Class,AG-10675,Anna Gayman,Consumer,Central,Texas,Allen,Furniture,Tables,Chromcraft Round Conference Tables,244.006,2,0.3,-31.3722,-0.1285714285714285,Medio,Perdida,1,2015,5,2,2975,United States,75002,FUR-TA-10001095,1,0.99,Alto
US-2016-110156,2016-11-19,2016-11-24,5,Standard Class,EH-13945,Eric Hoffmann,Consumer,Central,Texas,Houston,Furniture,Furnishings,"GE General Purpose, Extra Long Life, Showcase & Floodlight Incandescent Bulbs",2.328,2,0.6,-0.7566,-0.325,Alto,Perdida,1,2016,11,4,1107,United States,77041,FUR-FU-10000206,1,0.99,Alto
CA-2015-168809,2015-08-25,2015-08-25,0,Same Day,MC-18100,Mick Crebagga,Consumer,Central,Texas,Houston,Furniture,Furnishings,Nu-Dell EZ-Mount Plastic Wall Frames,7.88,5,0.6,-3.94,-0.5,Alto,Perdida,1,2015,8,3,6799,United States,77041,FUR-FU-10002240,1,0.99,Alto
CA-2015-135251,2015-08-06,2015-08-10,4,Standard Class,RP-19270,Rachel Payne,Corporate,Central,Texas,Houston,Furniture,Bookcases,O'Sullivan Manor Hill 2-Door Library in Brianna Oak,369.1992,3,0.32,-114.0174,-0.3088235294117646,Alto,Perdida,1,2015,8,3,9545,United States,77095,FUR-BO-10003965,1,0.99,Alto
CA-2014-159520,2014-06-06,2014-06-11,5,Standard Class,GT-14635,Grant Thornton,Corporate,East,New York,Long Beach,Furniture,Tables,"Chromcraft Bull-Nose Wood 48"" x 96"" Rectangular Conference Tables",991.764,3,0.4,-347.1174,-0.35,Alto,Perdida,1,2014,6,2,2142,United States,11561,FUR-TA-10003238,1,0.99,Alto
CA-2017-124191,2017-06-12,2017-06-14,2,Second Class,TS-21610,Troy Staebel,Consumer,Central,Illinois,Chicago,Furniture,Furnishings,"Eldon Expressions Wood Desk Accessories, Oak",8.856,3,0.6,-6.8634,-0.775,Alto,Perdida,1,2017,6,2,9537,United States,60610,FUR-FU-10002364,1,0.99,Alto
CA-2016-125087,2016-04-18,2016-04-23,5,Standard Class,TH-21115,Thea Hudgings,Corporate,Central,Texas,Houston,Furniture,Furnishings,"Howard Miller 16"" Diameter Gallery Wall Clock",127.88,5,0.6,-67.137,-0.525,Alto,Perdida,1,2016,4,2,8455,United States,77070,FUR-FU-10004748,1,0.99,Alto
US-2014-127635,2014-09-14,2014-09-18,4,Second Class,SC-20260,Scott Cohen,Corporate,Central,Texas,Corpus Christi,Furniture,Furnishings,Stacking Trays by OIC,9.96,5,0.6,-6.723,-0.6749999999999999,Alto,Perdida,1,2014,9,3,8435,United States,78415,FUR-FU-10000550,1,0.99,Alto
CA-2014-120775,2014-10-03,2014-10-07,4,Standard Class,RD-19930,Russell D'Ascenzo,Consumer,Central,Texas,Dallas,Furniture,Furnishings,DAX Natural Wood-Tone Poster Frame,31.776,3,0.6,-19.0656,-0.6,Alto,Perdida,1,2014,10,4,8219,United States,75217,FUR-FU-10000758,1,0.99,Alto
CA-2017-149888,2017-11-07,2017-11-13,6,Standard Class,EP-13915,Emily Phan,Consumer,East,Pennsylvania,Philadelphia,Furniture,Tables,Bevis Rectangular Conference Tables,350.352,4,0.4,-140.1408,-0.4000000000000001,Alto,Perdida,1,2017,11,4,2727,United States,19120,FUR-TA-10000849,1,0.99,Alto
CA-2017-127474,2017-02-03,2017-02-07,4,Second Class,RD-19810,Ross DeVincentis,Home Office,Central,Illinois,Chicago,Furniture,Furnishings,Eldon Cleatmat Chair Mats for Medium Pile Carpets,22.2,1,0.6,-26.085,-1.175,Alto,Perdida,1,2017,2,1,7447,United States,60610,FUR-FU-10004597,1,0.99,Alto
CA-2016-137176,2016-09-09,2016-09-14,5,Second Class,DB-12910,Daniel Byrd,Home Office,Central,Texas,Dallas,Furniture,Furnishings,"Eldon Expressions Punched Metal & Wood Desk Accessories, Black & Cherry",15.008,4,0.6,-12.0064,-0.8,Alto,Perdida,1,2016,9,3,3568,United States,75220,FUR-FU-10003832,1,0.99,Alto
US-2014-117744,2014-12-02,2014-12-06,4,Standard Class,MD-17860,Michael Dominguez,Corporate,Central,Texas,Corpus Christi,Furniture,Furnishings,12-1/2 Diameter Round Wall Clock,39.96,5,0.6,-23.976,-0.6,Alto,Perdida,1,2014,12,4,2790,United States,78415,FUR-FU-10002759,1,0.99,Alto
CA-2016-130946,2016-04-08,2016-04-12,4,Standard Class,ZC-21910,Zuschuss Carroll,Consumer,Central,Texas,Houston,Furniture,Chairs,Global Chrome Stack Chair,95.984,4,0.3,-4.1136,-0.0428571428571428,Medio,Perdida,1,2016,4,2,1199,United States,77041,FUR-CH-10004540,1,0.99,Alto
CA-2014-113859,2014-09-13,2014-09-17,4,Standard Class,BC-11125,Becky Castell,Home Office,Central,Texas,Odessa,Furniture,Chairs,"Padded Folding Chairs, Black, 4/Carton",340.116,6,0.3,-9.7176,-0.0285714285714285,Medio,Perdida,1,2014,9,3,5278,United States,79762,FUR-CH-10004698,1,0.99,Alto
CA-2014-122931,2014-09-29,2014-10-03,4,Standard Class,SM-20950,Suzanne McNair,Corporate,East,Pennsylvania,Philadelphia,Furniture,Tables,"Hon 30"" x 60"" Table with Locking Drawer",409.272,2,0.4,-81.8544,-0.2,Alto,Perdida,1,2014,9,3,4053,United States,19134,FUR-TA-10004175,1,0.99,Alto
CA-2016-139157,2016-10-01,2016-10-05,4,Standard Class,GM-14680,Greg Matthias,Consumer,East,New York,New York City,Furniture,Tables,"Chromcraft Bull-Nose Wood 48"" x 96"" Rectangular Conference Tables",330.588,1,0.4,-115.7058,-0.35,Alto,Perdida,1,2016,10,4,2229,United States,10024,FUR-TA-10003238,1,0.99,Alto
US-2017-147221,2017-12-02,2017-12-04,2,Second Class,JS-16030,Joy Smith,Consumer,Central,Texas,Houston,Furniture,Furnishings,Advantus Panel Wall Acrylic Frame,8.752,4,0.6,-3.7196,-0.4249999999999999,Alto,Perdida,1,2017,12,4,1997,United States,77036,FUR-FU-10004020,1,0.99,Alto
CA-2015-141250,2015-01-19,2015-01-23,4,Standard Class,PM-18940,Paul MacIntyre,Consumer,Central,Texas,Texas City,Furniture,Chairs,Harbour Creations 67200 Series Stacking Chairs,199.304,4,0.3,-8.5416,-0.0428571428571428,Medio,Perdida,1,2015,1,1,6626,United States,77590,FUR-CH-10004875,1,0.99,Alto
US-2015-168704,2015-04-13,2015-04-17,4,Standard Class,FP-14320,Frank Preis,Consumer,Central,Texas,Huntsville,Furniture,Tables,"Chromcraft Bull-Nose Wood Round Conference Table Top, Wood Base",609.98,4,0.3,-113.282,-0.1857142857142857,Medio,Perdida,1,2015,4,2,8929,United States,77340,FUR-TA-10000688,1,0.99,Alto
CA-2016-168032,2016-01-30,2016-02-03,4,Standard Class,DF-13135,David Flashing,Consumer,Central,Illinois,Rockford,Furniture,Tables,Bretford ÒJust In TimeÓ Height-Adjustable Multi-Task Work Tables,626.1,3,0.5,-538.446,-0.86,Alto,Perdida,1,2016,1,1,8927,United States,61107,FUR-TA-10004256,1,0.99,Alto
US-2016-150861,2016-12-03,2016-12-06,3,First Class,EG-13900,Emily Grady,Consumer,East,New York,Oceanside,Furniture,Tables,"Bevis Traditional Conference Table Top, Plinth Base",400.032,2,0.4,-153.3456,-0.3833333333333333,Alto,Perdida,1,2016,12,4,729,United States,11572,FUR-TA-10002228,1,0.99,Alto
CA-2015-100818,2015-05-31,2015-06-05,5,Second Class,JM-15265,Janet Molinari,Corporate,Central,Illinois,Chicago,Furniture,Furnishings,"Tenex Traditional Chairmats for Hard Floors, Average Lip, 36"" x 48""",51.56,2,0.6,-61.872,-1.2,Alto,Perdida,1,2015,5,2,9477,United States,60653,FUR-FU-10002703,1,0.99,Alto
CA-2015-143077,2015-09-17,2015-09-21,4,Standard Class,SF-20965,Sylvia Foulston,Corporate,Central,Texas,Houston,Furniture,Furnishings,Howard Miller Distant Time Traveler Alarm Clock,21.936,2,0.6,-10.4196,-0.475,Alto,Perdida,1,2015,9,3,1675,United States,77041,FUR-FU-10003535,1,0.99,Alto
CA-2014-166863,2014-06-20,2014-06-24,4,Standard Class,SC-20020,Sam Craven,Consumer,Central,Texas,Plano,Furniture,Bookcases,"Hon Metal Bookcases, Black",193.0656,4,0.32,-19.8744,-0.1029411764705882,Alto,Perdida,1,2014,6,2,3508,United States,75023,FUR-BO-10001608,1,0.99,Alto
CA-2017-103415,2017-12-03,2017-12-08,5,Standard Class,MV-17485,Mark Van Huff,Consumer,Central,Texas,Houston,Furniture,Furnishings,Tensor Brushed Steel Torchiere Floor Lamp,13.592,2,0.6,-14.2716,-1.0499999999999998,Alto,Perdida,1,2017,12,4,7537,United States,77041,FUR-FU-10000820,1,0.9866666666666667,Alto
CA-2016-101791,2016-05-27,2016-05-31,4,Standard Class,BS-11665,Brian Stugart,Consumer,Central,Illinois,Chicago,Furniture,Furnishings,G.E. Halogen Desk Lamp Bulbs,5.584,2,0.6,-1.6752,-0.3,Alto,Perdida,1,2016,5,2,7606,United States,60623,FUR-FU-10002191,1,0.9866666666666667,Alto
CA-2014-134572,2014-04-20,2014-04-22,2,Second Class,SV-20365,Seth Vernon,Consumer,Central,Texas,Houston,Furniture,Tables,Bush Advantage Collection Round Conference Table,744.1,5,0.3,-95.67,-0.1285714285714285,Medio,Perdida,1,2014,4,2,5076,United States,77070,FUR-TA-10001705,1,0.9866666666666667,Alto
US-2014-140914,2014-11-11,2014-11-15,4,Standard Class,BH-11710,Brosina Hoffman,Consumer,Central,Illinois,Chicago,Furniture,Chairs,Global Commerce Series High-Back Swivel/Tilt Chairs,797.944,4,0.3,-56.996,-0.0714285714285714,Medio,Perdida,1,2014,11,4,9749,United States,60653,FUR-CH-10003379,1,0.9866666666666667,Alto
CA-2015-141250,2015-01-19,2015-01-23,4,Standard Class,PM-18940,Paul MacIntyre,Consumer,Central,Texas,Texas City,Furniture,Tables,Bevis Round Conference Table Top & Single Column Base,102.438,1,0.3,-13.1706,-0.1285714285714285,Medio,Perdida,1,2015,1,1,6625,United States,77590,FUR-TA-10002855,1,0.9866666666666667,Alto
CA-2015-136728,2015-09-13,2015-09-17,4,Second Class,AG-10900,Arthur Gainer,Consumer,Central,Illinois,Chicago,Furniture,Chairs,"Global Value Steno Chair, Gray",170.072,4,0.3,-12.148,-0.0714285714285714,Medio,Perdida,1,2015,9,3,8187,United States,60623,FUR-CH-10003817,1,0.9866666666666667,Alto
CA-2014-110030,2014-12-06,2014-12-08,2,Second Class,LF-17185,Luke Foster,Consumer,Central,Texas,Houston,Furniture,Furnishings,12-1/2 Diameter Round Wall Clock,23.976,3,0.6,-14.3856,-0.6,Alto,Perdida,1,2014,12,4,2720,United States,77095,FUR-FU-10002759,1,0.9866666666666667,Alto
CA-2017-112529,2017-11-19,2017-11-21,2,First Class,SC-20770,Stewart Carmichael,Corporate,Central,Texas,San Antonio,Furniture,Tables,"Bush Andora Conference Table, Maple/Graphite Gray Finish",718.116,6,0.3,-71.8116,-0.1,Medio,Perdida,1,2017,11,4,3615,United States,78207,FUR-TA-10002622,1,0.9866666666666667,Alto
CA-2016-131296,2016-10-04,2016-10-09,5,Standard Class,MS-17830,Melanie Seite,Consumer,East,Maryland,Baltimore,Furniture,Tables,"Bush Andora Conference Table, Maple/Graphite Gray Finish",239.372,2,0.3,-23.9372,-0.0999999999999999,Medio,Perdida,1,2016,10,4,8157,United States,21215,FUR-TA-10002622,1,0.9866666666666667,Alto
US-2014-117744,2014-12-02,2014-12-06,4,Standard Class,MD-17860,Michael Dominguez,Corporate,Central,Texas,Corpus Christi,Furniture,Furnishings,"Deflect-o SuperTray Unbreakable Stackable Tray, Letter, Black",58.36,5,0.6,-24.803,-0.425,Alto,Perdida,1,2014,12,4,2788,United States,78415,FUR-FU-10001588,1,0.9866666666666667,Alto
CA-2017-157350,2017-08-26,2017-09-01,6,Standard Class,DP-13000,Darren Powers,Consumer,Central,Illinois,Chicago,Furniture,Furnishings,"Seth Thomas 16"" Steel Case Clock",64.96,5,0.6,-43.848,-0.675,Alto,Perdida,1,2017,8,3,8129,United States,60610,FUR-FU-10000222,1,0.9866666666666667,Alto
US-2017-106551,2017-07-22,2017-07-27,5,Standard Class,EB-13930,Eric Barreto,Consumer,Central,Illinois,Chicago,Furniture,Chairs,Hon Every-Day Series Multi-Task Chairs,526.344,4,0.3,-75.192,-0.1428571428571428,Medio,Perdida,1,2017,7,3,8119,United States,60653,FUR-CH-10004997,1,0.9866666666666667,Alto
CA-2016-101693,2016-06-25,2016-06-27,2,Second Class,LC-17140,Logan Currie,Consumer,Central,Texas,Houston,Furniture,Furnishings,Eldon Executive Woodline II Cherry Finish Desk Accessories,32.712,2,0.6,-26.1696,-0.7999999999999999,Alto,Perdida,1,2016,6,2,7427,United States,77070,FUR-FU-10003919,1,0.9866666666666667,Alto
CA-2015-126557,2015-07-12,2015-07-17,5,Second Class,RL-19615,Rob Lucas,Consumer,Central,Illinois,Chicago,Furniture,Furnishings,"Floodlight Indoor Halogen Bulbs, 1 Bulb per Pack, 60 Watts",7.76,1,0.6,-2.134,-0.2749999999999999,Alto,Perdida,1,2015,7,3,4549,United States,60610,FUR-FU-10001861,1,0.9866666666666667,Alto
CA-2014-110219,2014-05-05,2014-05-08,3,First Class,EB-13870,Emily Burns,Consumer,Central,Texas,San Antonio,Furniture,Chairs,"Global Value Mid-Back Manager's Chair, Gray",127.869,3,0.3,-9.1335,-0.0714285714285714,Medio,Perdida,1,2014,5,2,4560,United States,78207,FUR-CH-10001146,1,0.9866666666666667,Alto
CA-2015-143147,2015-05-26,2015-05-28,2,Second Class,PS-18760,Pamela Stobb,Consumer,Central,Texas,San Antonio,Furniture,Chairs,Novimex Swivel Fabric Task Chair,105.686,1,0.3,-28.6862,-0.2714285714285714,Medio,Perdida,1,2015,5,2,9576,United States,78207,FUR-CH-10000863,1,0.9866666666666667,Alto
CA-2017-137449,2017-06-29,2017-06-30,1,First Class,ME-17725,Max Engle,Consumer,Central,Texas,Dallas,Furniture,Bookcases,O'Sullivan Plantations 2-Door Library in Landvery Oak,409.9992,3,0.32,-96.4704,-0.2352941176470588,Alto,Perdida,1,2017,6,2,9626,United States,75220,FUR-BO-10000780,1,0.9866666666666667,Alto
CA-2014-142587,2014-10-21,2014-10-22,1,First Class,TB-21520,Tracy Blumstein,Consumer,East,Ohio,Fairfield,Furniture,Tables,"Hon Practical Foundations 30 x 60 Training Table, Light Gray/Charcoal",409.59,3,0.4,-122.877,-0.3,Alto,Perdida,1,2014,10,4,1890,United States,45014,FUR-TA-10000617,1,0.9866666666666667,Alto
CA-2017-125451,2017-10-23,2017-10-24,1,First Class,AH-10075,Adam Hart,Corporate,East,Rhode Island,Cranston,Furniture,Tables,"Office Impressions End Table, 20-1/2""H x 24""W x 20""D",637.896,3,0.3,-127.5792,-0.2,Medio,Perdida,1,2017,10,4,8449,United States,2920,FUR-TA-10004915,1,0.9866666666666667,Alto
CA-2014-163468,2014-11-18,2014-11-21,3,First Class,JK-15730,Joe Kamberova,Consumer,Central,Illinois,Des Plaines,Furniture,Furnishings,Dana Swing-Arm Lamps,8.544,2,0.6,-7.476,-0.875,Alto,Perdida,1,2014,11,4,7300,United States,60016,FUR-FU-10001546,1,0.9866666666666667,Alto
CA-2016-110975,2016-12-25,2016-12-30,5,Standard Class,DB-12970,Darren Budd,Corporate,East,New York,New York City,Furniture,Tables,"Bevis Oval Conference Table, Walnut",313.176,2,0.4,-120.0508,-0.3833333333333333,Alto,Perdida,1,2016,12,4,7396,United States,10024,FUR-TA-10002958,1,0.9866666666666667,Alto
CA-2014-161508,2014-07-12,2014-07-16,4,Standard Class,PV-18985,Paul Van Hugh,Home Office,Central,Texas,League City,Furniture,Chairs,Hon Deluxe Fabric Upholstered Stacking Chairs,512.358,3,0.3,-14.6388,-0.0285714285714285,Medio,Perdida,1,2014,7,3,8314,United States,77573,FUR-CH-10002126,1,0.9866666666666667,Alto
CA-2017-157987,2017-09-02,2017-09-06,4,Standard Class,AC-10615,Ann Chong,Corporate,East,New York,New York City,Furniture,Tables,Bush Advantage Collection Racetrack Conference Table,254.526,1,0.4,-93.3262,-0.3666666666666666,Alto,Perdida,1,2017,9,3,1949,United States,10009,FUR-TA-10001889,1,0.9866666666666667,Alto
CA-2016-119963,2016-11-18,2016-11-22,4,Standard Class,SN-20710,Steve Nguyen,Home Office,Central,Texas,Pasadena,Furniture,Chairs,"Global Value Steno Chair, Gray",255.108,6,0.3,-18.222,-0.0714285714285714,Medio,Perdida,1,2016,11,4,3951,United States,77506,FUR-CH-10003817,1,0.9866666666666667,Alto
CA-2016-104276,2016-11-27,2016-12-03,6,Standard Class,HF-14995,Herbert Flentye,Consumer,South,Florida,Fort Lauderdale,Furniture,Tables,KI Adjustable-Height Table,331.023,7,0.45,-114.3534,-0.3454545454545454,Alto,Perdida,1,2016,11,4,7202,United States,33311,FUR-TA-10001039,1,0.9866666666666667,Alto
CA-2015-164084,2015-09-07,2015-09-12,5,Standard Class,AG-10525,Andy Gerbode,Corporate,East,New York,New York City,Furniture,Tables,Bretford CR8500 Series Meeting Room Furniture,481.176,2,0.4,-120.294,-0.25,Alto,Perdida,1,2015,9,3,8630,United States,10011,FUR-TA-10003569,1,0.9866666666666667,Alto
CA-2014-142839,2014-08-16,2014-08-20,4,Standard Class,TS-21610,Troy Staebel,Consumer,East,Pennsylvania,Philadelphia,Furniture,Tables,Chromcraft Rectangular Conference Tables,853.092,6,0.4,-227.4912,-0.2666666666666666,Alto,Perdida,1,2014,8,3,1690,United States,19143,FUR-TA-10001539,1,0.9866666666666667,Alto
CA-2014-114517,2014-12-23,2014-12-27,4,Standard Class,TH-21235,Tiffany House,Corporate,East,New York,New York City,Furniture,Tables,Hon 61000 Series Interactive Training Tables,53.316,2,0.4,-19.5492,-0.3666666666666666,Alto,Perdida,1,2014,12,4,3980,United States,10024,FUR-TA-10001676,1,0.9866666666666667,Alto
CA-2017-158876,2017-11-19,2017-11-21,2,Second Class,AB-10150,Aimee Bixby,Consumer,Central,Texas,Carrollton,Furniture,Furnishings,Telescoping Adjustable Floor Lamp,15.992,2,0.6,-13.993,-0.875,Alto,Perdida,1,2017,11,4,1601,United States,75007,FUR-FU-10001967,1,0.9866666666666667,Alto
CA-2016-162187,2016-12-11,2016-12-11,0,Same Day,NS-18640,Noel Staavos,Corporate,East,Ohio,Columbus,Furniture,Tables,"Lesro Round Back Collection Coffee Table, End Table",328.59,3,0.4,-147.8655,-0.45,Alto,Perdida,1,2016,12,4,5998,United States,43229,FUR-TA-10003008,1,0.9866666666666667,Alto
US-2017-124968,2017-09-08,2017-09-13,5,Second Class,MM-18055,Michelle Moray,Consumer,Central,Illinois,Chicago,Furniture,Tables,BoxOffice By Design Rectangular and Half-Moon Meeting Room Tables,765.625,7,0.5,-566.5625,-0.74,Alto,Perdida,1,2017,9,3,1714,United States,60610,FUR-TA-10004289,1,0.9866666666666667,Alto
CA-2016-168046,2016-01-25,2016-01-28,3,Second Class,JD-15895,Jonathan Doherty,Corporate,East,New York,New York City,Furniture,Tables,Chromcraft Round Conference Tables,313.722,3,0.4,-99.3453,-0.3166666666666666,Alto,Perdida,1,2016,1,1,9359,United States,10024,FUR-TA-10001095,1,0.9866666666666667,Alto
CA-2017-148411,2017-09-24,2017-09-26,2,First Class,RO-19780,Rose O'Brian,Consumer,Central,Illinois,Chicago,Furniture,Chairs,GuestStacker Chair with Chrome Finish Legs,520.464,2,0.3,-14.8704,-0.0285714285714285,Medio,Perdida,1,2017,9,3,9353,United States,60623,FUR-CH-10003973,1,0.9866666666666667,Alto
US-2016-128902,2016-03-11,2016-03-15,4,Standard Class,MB-18085,Mick Brown,Consumer,East,New Jersey,Vineland,Furniture,Tables,Chromcraft Round Conference Tables,244.006,2,0.3,-31.3722,-0.1285714285714285,Medio,Perdida,1,2016,3,1,1462,United States,8360,FUR-TA-10001095,1,0.9866666666666667,Alto
CA-2016-110898,2016-03-06,2016-03-12,6,Standard Class,LC-16870,Lena Cacioppo,Consumer,Central,Illinois,Chicago,Furniture,Furnishings,Eldon Cleatmat Plus Chair Mats for High Pile Carpets,159.04,5,0.6,-194.824,-1.225,Alto,Perdida,1,2016,3,1,8984,United States,60623,FUR-FU-10003773,1,0.9866666666666667,Alto
US-2017-165358,2017-07-18,2017-07-23,5,Standard Class,SV-20365,Seth Vernon,Consumer,East,Pennsylvania,Philadelphia,Furniture,Chairs,"Situations Contoured Folding Chairs, 4/Set",198.744,4,0.3,-14.196,-0.0714285714285714,Medio,Perdida,1,2017,7,3,7044,United States,19134,FUR-CH-10002647,1,0.9866666666666667,Alto
CA-2017-143021,2017-11-19,2017-11-19,0,Same Day,AP-10720,Anne Pryor,Home Office,East,New York,New York City,Furniture,Tables,Hon 61000 Series Interactive Training Tables,79.974,3,0.4,-29.3238,-0.3666666666666666,Alto,Perdida,1,2017,11,4,6951,United States,10011,FUR-TA-10001676,1,0.9866666666666667,Alto
CA-2016-143406,2016-09-26,2016-09-30,4,Standard Class,LR-17035,Lisa Ryan,Corporate,Central,Texas,Houston,Furniture,Chairs,High-Back Leather Manager's Chair,454.965,5,0.3,-136.4895,-0.3,Medio,Perdida,1,2016,9,3,9088,United States,77041,FUR-CH-10000513,1,0.9866666666666667,Alto
US-2014-138758,2014-07-07,2014-07-11,4,Standard Class,JL-15835,John Lee,Consumer,East,Pennsylvania,Philadelphia,Furniture,Chairs,"Global High-Back Leather Tilter, Burgundy",172.186,2,0.3,-46.7362,-0.2714285714285714,Medio,Perdida,1,2014,7,3,4398,United States,19120,FUR-CH-10002880,1,0.9866666666666667,Alto
CA-2017-136539,2017-12-28,2018-01-01,4,Standard Class,GH-14665,Greg Hansen,Consumer,Central,Texas,Round Rock,Furniture,Bookcases,"Bush Westfield Collection Bookcases, Medium Cherry Finish",78.8528,2,0.32,-11.596,-0.1470588235294117,Alto,Perdida,1,2017,12,4,955,United States,78664,FUR-BO-10004709,1,0.9866666666666667,Alto
CA-2015-112214,2015-08-05,2015-08-11,6,Standard Class,AH-10690,Anna Hberlin,Corporate,Central,Texas,Dallas,Furniture,Furnishings,"Eldon Expressions Wood Desk Accessories, Oak",14.76,5,0.6,-11.439,-0.775,Alto,Perdida,1,2015,8,3,5858,United States,75220,FUR-FU-10002364,1,0.9866666666666667,Alto
CA-2017-162565,2017-12-11,2017-12-11,0,Same Day,RR-19315,Ralph Ritter,Consumer,Central,Illinois,Aurora,Furniture,Furnishings,Electrix Halogen Magnifier Lamp,77.72,1,0.6,-66.062,-0.85,Alto,Perdida,1,2017,12,4,4359,United States,60505,FUR-FU-10004306,1,0.9866666666666667,Alto
CA-2015-145394,2015-11-16,2015-11-20,4,Standard Class,MC-17605,Matt Connell,Corporate,Central,Illinois,Chicago,Furniture,Furnishings,"Howard Miller 11-1/2"" Diameter Brentwood Wall Clock",34.504,2,0.6,-15.5268,-0.45,Alto,Perdida,1,2015,11,4,6796,United States,60610,FUR-FU-10001215,1,0.9866666666666667,Alto
CA-2017-163860,2017-12-28,2018-01-01,4,Standard Class,LO-17170,Lori Olson,Corporate,Central,Illinois,Peoria,Furniture,Furnishings,3M Hangers With Command Adhesive,2.96,2,0.6,-1.406,-0.475,Alto,Perdida,1,2017,12,4,6822,United States,61604,FUR-FU-10001935,1,0.9866666666666667,Alto
CA-2017-109085,2017-02-17,2017-02-20,3,First Class,CK-12325,Christine Kargatis,Home Office,East,Ohio,Troy,Furniture,Tables,"SAFCO PlanMaster Boards, 60w x 37-1/2d, White Melamine",455.97,5,0.4,-106.393,-0.2333333333333333,Alto,Perdida,1,2017,2,1,9344,United States,45373,FUR-TA-10001086,1,0.9866666666666667,Alto
US-2014-147606,2014-11-26,2014-12-01,5,Second Class,JE-15745,Joel Eaton,Consumer,Central,Texas,Houston,Furniture,Furnishings,"Eldon Expressions Desk Accessory, Wood Pencil Holder, Oak",19.3,5,0.6,-14.475,-0.75,Alto,Perdida,1,2014,11,4,79,United States,77070,FUR-FU-10003194,1,0.9866666666666667,Alto
CA-2014-122609,2014-11-12,2014-11-18,6,Standard Class,DP-13000,Darren Powers,Consumer,Central,Texas,Carrollton,Furniture,Furnishings,"GE General Use Halogen Bulbs, 100 Watts, 1 Bulb per Pack",25.128,3,0.6,-6.9102,-0.2749999999999999,Alto,Perdida,1,2014,11,4,9904,United States,75007,FUR-FU-10004587,1,0.9866666666666667,Alto
US-2017-156909,2017-07-16,2017-07-18,2,Second Class,SF-20065,Sandra Flanagan,Consumer,East,Pennsylvania,Philadelphia,Furniture,Chairs,"Global Deluxe Stacking Chair, Gray",71.372,2,0.3,-1.0196,-0.0142857142857142,Medio,Perdida,1,2017,7,3,24,United States,19140,FUR-CH-10002774,1,0.9833333333333333,Alto
US-2017-118038,2017-12-09,2017-12-11,2,First Class,KB-16600,Ken Brennan,Corporate,Central,Texas,Houston,Furniture,Furnishings,"6"" Cubicle Wall Clock, Black",9.708,3,0.6,-5.8248,-0.6,Alto,Perdida,1,2017,12,4,77,United States,77041,FUR-FU-10000260,1,0.9833333333333333,Alto
CA-2014-113257,2014-12-16,2014-12-18,2,Second Class,SC-20305,Sean Christensen,Consumer,Central,Texas,Beaumont,Furniture,Furnishings,Longer-Life Soft White Bulbs,8.624,7,0.6,-2.5872,-0.3,Alto,Perdida,1,2014,12,4,9832,United States,77705,FUR-FU-10001706,1,0.9833333333333333,Alto
CA-2015-130974,2015-11-27,2015-11-29,2,Second Class,MA-17560,Matt Abelman,Home Office,East,Massachusetts,Everett,Furniture,Tables,Hon Non-Folding Utility Tables,446.068,4,0.3,0.0,0.0,Medio,Perdida,1,2015,11,4,7675,United States,2149,FUR-TA-10004619,1,0.9833333333333333,Alto
CA-2017-149720,2017-06-04,2017-06-07,3,Second Class,EM-14065,Erin Mull,Consumer,Central,Texas,Frisco,Furniture,Furnishings,Nu-Dell Executive Frame,30.336,6,0.6,-17.4432,-0.5750000000000001,Alto,Perdida,1,2017,6,2,8518,United States,75034,FUR-FU-10002501,1,0.9833333333333333,Alto
CA-2017-135692,2017-04-27,2017-05-01,4,Standard Class,CV-12805,Cynthia Voltz,Corporate,Central,Texas,Fort Worth,Furniture,Bookcases,Sauder Barrister Bookcases,220.2656,4,0.32,-42.1096,-0.1911764705882352,Alto,Perdida,1,2017,4,2,3099,United States,76106,FUR-BO-10002268,1,0.9833333333333333,Alto
CA-2015-135391,2015-02-09,2015-02-11,2,Second Class,FA-14230,Frank Atkinson,Corporate,Central,Texas,San Antonio,Furniture,Furnishings,"Dana Fluorescent Magnifying Lamp, White, 36""",40.784,2,0.6,-30.588,-0.75,Alto,Perdida,1,2015,2,1,1844,United States,78207,FUR-FU-10001986,1,0.9833333333333333,Alto
CA-2017-101581,2017-10-22,2017-10-27,5,Standard Class,DW-13195,David Wiener,Corporate,West,Oregon,Redmond,Furniture,Tables,KI Conference Tables,177.225,5,0.5,-120.513,-0.68,Alto,Perdida,1,2017,10,4,4295,United States,97756,FUR-TA-10002607,1,0.9833333333333333,Alto
US-2015-164238,2015-08-16,2015-08-20,4,Standard Class,JW-15955,Joni Wasserman,Consumer,East,Pennsylvania,Philadelphia,Furniture,Bookcases,O'Sullivan Plantations 2-Door Library in Landvery Oak,301.47,3,0.5,-204.9996,-0.6799999999999999,Alto,Perdida,1,2015,8,3,9220,United States,19120,FUR-BO-10000780,1,0.9833333333333333,Alto
US-2016-143819,2016-03-01,2016-03-05,4,Standard Class,KD-16270,Karen Daniels,Consumer,East,New York,Yonkers,Furniture,Tables,Chromcraft Round Conference Tables,836.592,8,0.4,-264.9208,-0.3166666666666666,Alto,Perdida,1,2016,3,1,1083,United States,10701,FUR-TA-10001095,1,0.9833333333333333,Alto
CA-2017-163160,2017-10-13,2017-10-16,3,First Class,TS-21610,Troy Staebel,Consumer,Central,Illinois,Freeport,Furniture,Furnishings,Dax Clear Box Frame,10.476,3,0.6,-6.8094,-0.6499999999999999,Alto,Perdida,1,2017,10,4,4257,United States,61032,FUR-FU-10001424,1,0.9833333333333333,Alto
CA-2017-118640,2017-07-20,2017-07-26,6,Standard Class,CS-11950,Carlos Soltero,Consumer,Central,Illinois,Chicago,Furniture,Furnishings,"Contract Clock, 14"", Brown",8.792,1,0.6,-5.7148,-0.65,Alto,Perdida,1,2017,7,3,580,United States,60610,FUR-FU-10001475,1,0.9833333333333333,Alto
US-2017-124779,2017-09-08,2017-09-11,3,First Class,BF-11020,Barry Franzsisch,Corporate,Central,Texas,Arlington,Furniture,Chairs,"Global Armless Task Chair, Royal Blue",213.43,5,0.3,-39.637,-0.1857142857142857,Medio,Perdida,1,2017,9,3,6654,United States,76017,FUR-CH-10003535,1,0.9833333333333333,Alto
CA-2016-154018,2016-10-13,2016-10-19,6,Standard Class,HA-14920,Helen Andreada,Consumer,Central,Texas,Laredo,Furniture,Furnishings,"Tenex ""The Solids"" Textured Chair Mats",139.92,5,0.6,-150.414,-1.075,Alto,Perdida,1,2016,10,4,2166,United States,78041,FUR-FU-10003394,1,0.9833333333333333,Alto
CA-2016-125087,2016-04-18,2016-04-23,5,Standard Class,TH-21115,Thea Hudgings,Corporate,Central,Texas,Houston,Furniture,Chairs,"Global High-Back Leather Tilter, Burgundy",344.372,4,0.3,-93.4724,-0.2714285714285714,Medio,Perdida,1,2016,4,2,8453,United States,77070,FUR-CH-10002880,1,0.9833333333333333,Alto
US-2016-114013,2016-03-13,2016-03-15,2,Second Class,SC-20770,Stewart Carmichael,Corporate,East,Pennsylvania,Philadelphia,Furniture,Chairs,SAFCO Arco Folding Chair,386.68,2,0.3,-5.524,-0.0142857142857142,Medio,Perdida,1,2016,3,1,7415,United States,19134,FUR-CH-10004287,1,0.9833333333333333,Alto
CA-2017-150266,2017-11-25,2017-11-30,5,Standard Class,RO-19780,Rose O'Brian,Consumer,Central,Texas,Houston,Furniture,Chairs,Hon Deluxe Fabric Upholstered Stacking Chairs,853.93,5,0.3,-24.398,-0.0285714285714285,Medio,Perdida,1,2017,11,4,8961,United States,77070,FUR-CH-10002126,1,0.9833333333333333,Alto
CA-2016-162383,2016-09-05,2016-09-11,6,Standard Class,MD-17350,Maribeth Dona,Consumer,East,Ohio,Lancaster,Furniture,Chairs,"Global Push Button Manager's Chair, Indigo",85.246,2,0.3,-1.2178,-0.0142857142857142,Medio,Perdida,1,2016,9,3,7524,United States,43130,FUR-CH-10004477,1,0.9833333333333333,Alto
CA-2015-126697,2015-09-21,2015-09-24,3,First Class,SV-20815,Stuart Van,Corporate,Central,Texas,Houston,Furniture,Furnishings,Longer-Life Soft White Bulbs,4.928,4,0.6,-1.4784,-0.3,Alto,Perdida,1,2015,9,3,1419,United States,77041,FUR-FU-10001706,1,0.9833333333333333,Alto
US-2014-118486,2014-04-06,2014-04-08,2,First Class,SD-20485,Shirley Daniels,Home Office,East,Pennsylvania,Philadelphia,Furniture,Tables,KI Adjustable-Height Table,154.764,3,0.4,-36.1116,-0.2333333333333333,Alto,Perdida,1,2014,4,2,1406,United States,19143,FUR-TA-10001039,1,0.9833333333333333,Alto
US-2016-100566,2016-09-03,2016-09-09,6,Standard Class,JK-16120,Julie Kriz,Home Office,Central,Illinois,Aurora,Furniture,Furnishings,"Tenex ""The Solids"" Textured Chair Mats",83.952,3,0.6,-90.2484,-1.0750000000000002,Alto,Perdida,1,2016,9,3,1382,United States,60505,FUR-FU-10003394,1,0.9833333333333333,Alto
US-2015-105676,2015-12-01,2015-12-02,1,Same Day,NM-18520,Neoma Murray,Consumer,Central,Texas,Houston,Furniture,Furnishings,"Eldon Image Series Desk Accessories, Burgundy",6.688,4,0.6,-4.0128,-0.6000000000000001,Alto,Perdida,1,2015,12,4,1474,United States,77036,FUR-FU-10004270,1,0.9833333333333333,Alto
US-2016-161396,2016-04-19,2016-04-25,6,Standard Class,GM-14455,Gary Mitchum,Home Office,East,Ohio,Columbus,Furniture,Tables,"Bush Andora Conference Table, Maple/Graphite Gray Finish",205.176,2,0.4,-58.1332,-0.2833333333333334,Alto,Perdida,1,2016,4,2,1403,United States,43229,FUR-TA-10002622,1,0.9833333333333333,Alto
CA-2017-124674,2017-11-17,2017-11-23,6,Standard Class,JB-16000,Joy Bell-,Consumer,Central,Texas,Brownsville,Furniture,Bookcases,"Atlantic Metals Mobile 2-Shelf Bookcases, Custom Colors",327.7328,2,0.32,-14.4588,-0.0441176470588235,Alto,Perdida,1,2017,11,4,3024,United States,78521,FUR-BO-10002202,1,0.9833333333333333,Alto
US-2017-152380,2017-11-19,2017-11-23,4,Standard Class,JH-15910,Jonathan Howell,Consumer,Central,Illinois,Chicago,Furniture,Tables,BPI Conference Tables,219.075,3,0.5,-131.445,-0.6,Alto,Perdida,1,2017,11,4,304,United States,60623,FUR-TA-10002533,1,0.9833333333333333,Alto
CA-2015-139374,2015-09-10,2015-09-14,4,Standard Class,AR-10345,Alex Russell,Corporate,Central,Texas,Austin,Furniture,Chairs,Global Commerce Series Low-Back Swivel/Tilt Chairs,179.886,1,0.3,-2.5698,-0.0142857142857142,Medio,Perdida,1,2015,9,3,7724,United States,78745,FUR-CH-10003981,1,0.9833333333333333,Alto
CA-2016-149272,2016-03-15,2016-03-19,4,Standard Class,MY-18295,Muhammed Yedwab,Corporate,Central,Texas,Bryan,Furniture,Chairs,Novimex Swivel Fabric Task Chair,528.43,5,0.3,-143.431,-0.2714285714285714,Medio,Perdida,1,2016,3,1,9920,United States,77803,FUR-CH-10000863,1,0.9833333333333333,Alto
US-2014-134614,2014-09-20,2014-09-25,5,Standard Class,PF-19165,Philip Fox,Consumer,Central,Illinois,Bloomington,Furniture,Tables,Bevis 44 x 96 Conference Tables,617.7,6,0.5,-407.682,-0.66,Alto,Perdida,1,2014,9,3,126,United States,61701,FUR-TA-10004534,1,0.9833333333333333,Alto
CA-2015-117415,2015-12-27,2015-12-31,4,Standard Class,SN-20710,Steve Nguyen,Home Office,Central,Texas,Houston,Furniture,Chairs,"Global Fabric Manager's Chair, Dark Gray",212.058,3,0.3,-15.147,-0.0714285714285714,Medio,Perdida,1,2015,12,4,40,United States,77041,FUR-CH-10004218,1,0.9833333333333333,Alto
CA-2014-108273,2014-12-16,2014-12-21,5,Standard Class,EJ-13720,Ed Jacobs,Consumer,Central,Texas,Huntsville,Furniture,Furnishings,"Tenex Carpeted, Granite-Look or Clear Contemporary Contour Shape Chair Mats",56.568,2,0.6,-74.9526,-1.3250000000000002,Alto,Perdida,1,2014,12,4,4714,United States,77340,FUR-FU-10002116,1,0.9833333333333333,Alto
CA-2015-124891,2015-07-31,2015-07-31,0,Same Day,RH-19495,Rick Hansen,Consumer,East,New York,New York City,Furniture,Tables,"Bevis Round Bullnose 29"" High Table Top",1090.782,7,0.4,-290.8752,-0.2666666666666667,Alto,Perdida,1,2015,7,3,1003,United States,10024,FUR-TA-10002903,1,0.9833333333333333,Alto
CA-2015-118423,2015-03-24,2015-03-27,3,First Class,DP-13390,Dennis Pardue,Home Office,Central,Illinois,Peoria,Furniture,Bookcases,Sauder Inglewood Library Bookcases,359.058,3,0.3,-35.9058,-0.1,Medio,Perdida,1,2015,3,1,1595,United States,61604,FUR-BO-10000362,1,0.9833333333333333,Alto
US-2017-160836,2017-09-11,2017-09-16,5,Standard Class,CC-12475,Cindy Chapman,Consumer,Central,Texas,Houston,Furniture,Tables,Bevis Round Conference Table Top & Single Column Base,512.19,5,0.3,-65.853,-0.1285714285714285,Medio,Perdida,1,2017,9,3,7494,United States,77070,FUR-TA-10002855,1,0.9833333333333333,Alto
CA-2014-159310,2014-11-07,2014-11-12,5,Standard Class,SC-20725,Steven Cartwright,Consumer,Central,Texas,Houston,Furniture,Chairs,"Hon Deluxe Fabric Upholstered Stacking Chairs, Squared Back",683.144,4,0.3,0.0,0.0,Medio,Perdida,1,2014,11,4,4781,United States,77070,FUR-CH-10002758,1,0.9833333333333333,Alto
CA-2015-111073,2015-12-26,2015-12-30,4,Standard Class,MC-18100,Mick Crebagga,Consumer,East,Ohio,Medina,Furniture,Tables,KI Adjustable-Height Table,51.588,1,0.4,-15.4764,-0.3,Alto,Perdida,1,2015,12,4,5294,United States,44256,FUR-TA-10004086,1,0.9833333333333333,Alto
CA-2016-162082,2016-03-14,2016-03-17,3,First Class,JS-15880,John Stevenson,Consumer,Central,Texas,Harlingen,Furniture,Bookcases,"Safco Value Mate Series Steel Bookcases, Baked Enamel Finish on Steel, Gray",241.332,5,0.32,-14.196,-0.0588235294117647,Alto,Perdida,1,2016,3,1,3929,United States,78550,FUR-BO-10004409,1,0.9833333333333333,Alto
CA-2017-100615,2017-04-20,2017-04-24,4,Standard Class,SJ-20215,Sarah Jordon,Consumer,Central,Illinois,Chicago,Furniture,Furnishings,"Master Caster Door Stop, Large Neon Orange",14.56,5,0.6,-6.188,-0.425,Alto,Perdida,1,2017,4,2,6768,United States,60653,FUR-FU-10002456,1,0.9833333333333333,Alto
CA-2016-159912,2016-08-29,2016-09-03,5,Standard Class,GB-14530,George Bell,Corporate,East,Pennsylvania,Philadelphia,Furniture,Tables,"Barricks 18"" x 48"" Non-Folding Utility Table with Bottom Storage Shelf",241.92,4,0.4,-56.448,-0.2333333333333333,Alto,Perdida,1,2016,8,3,4684,United States,19120,FUR-TA-10004152,1,0.9833333333333333,Alto
US-2015-157154,2015-01-10,2015-01-15,5,Standard Class,MM-17920,Michael Moore,Consumer,East,New York,New York City,Furniture,Tables,Bush Advantage Collection Racetrack Conference Table,1018.104,4,0.4,-373.3048,-0.3666666666666666,Alto,Perdida,1,2015,1,1,1670,United States,10011,FUR-TA-10001889,1,0.9833333333333333,Alto
CA-2017-154907,2017-03-31,2017-04-04,4,Standard Class,DS-13180,David Smith,Corporate,Central,Texas,Amarillo,Furniture,Bookcases,Bush Mission Pointe Library,205.3328,2,0.32,-36.2352,-0.1764705882352941,Alto,Perdida,1,2017,3,1,469,United States,79109,FUR-BO-10002824,1,0.9833333333333333,Alto
CA-2016-129847,2016-09-02,2016-09-04,2,First Class,TA-21385,Tom Ashbrook,Home Office,Central,Illinois,Chicago,Furniture,Furnishings,Deflect-o DuraMat Antistatic Studded Beveled Mat for Medium Pile Carpeting,84.272,2,0.6,-75.8448,-0.9,Alto,Perdida,1,2016,9,3,6937,United States,60653,FUR-FU-10000277,1,0.9833333333333333,Alto
CA-2016-158778,2016-09-05,2016-09-09,4,Standard Class,DB-13210,Dean Braden,Consumer,East,Pennsylvania,Philadelphia,Furniture,Chairs,"Global Task Chair, Black",71.246,2,0.3,-19.3382,-0.2714285714285714,Medio,Perdida,1,2016,9,3,7592,United States,19134,FUR-CH-10001146,1,0.9833333333333333,Alto
CA-2014-127446,2014-11-25,2014-11-30,5,Standard Class,MC-17590,Matt Collister,Corporate,Central,Texas,Arlington,Furniture,Furnishings,"Master Caster Door Stop, Brown",6.096,3,0.6,-3.9624,-0.65,Alto,Perdida,1,2014,11,4,2613,United States,76017,FUR-FU-10000221,1,0.9833333333333333,Alto
CA-2017-159149,2017-02-17,2017-02-19,2,First Class,CR-12820,Cyra Reiten,Home Office,Central,Texas,Houston,Furniture,Bookcases,"Sauder Mission Library with Doors, Fruitwood Finish",89.0664,1,0.32,-17.0274,-0.1911764705882352,Alto,Perdida,1,2017,2,1,8106,United States,77041,FUR-BO-10001601,1,0.9833333333333333,Alto
CA-2015-157287,2015-12-22,2015-12-23,1,First Class,HR-14830,Harold Ryan,Corporate,East,Pennsylvania,Philadelphia,Furniture,Chairs,Harbour Creations Steel Folding Chair,422.625,7,0.3,0.0,0.0,Medio,Perdida,1,2015,12,4,8543,United States,19140,FUR-CH-10001270,1,0.9833333333333333,Alto
CA-2015-119879,2015-11-21,2015-11-25,4,Standard Class,SS-20410,Shahid Shariari,Consumer,East,Pennsylvania,Philadelphia,Furniture,Tables,"Bevis Oval Conference Table, Walnut",1252.704,8,0.4,-480.2032,-0.3833333333333333,Alto,Perdida,1,2015,11,4,8181,United States,19120,FUR-TA-10002958,1,0.9833333333333333,Alto
CA-2017-155642,2017-05-18,2017-05-22,4,Standard Class,BM-11575,Brendan Murry,Corporate,Central,Illinois,Chicago,Furniture,Furnishings,Flat Face Poster Frame,22.608,3,0.6,-10.1736,-0.45,Alto,Perdida,1,2017,5,2,8183,United States,60653,FUR-FU-10004973,1,0.98,Alto
CA-2016-128706,2016-02-27,2016-03-02,4,Standard Class,DW-13540,Don Weiss,Consumer,Central,Texas,Houston,Furniture,Furnishings,DAX Two-Tone Silver Metal Document Frame,16.192,2,0.6,-6.8816,-0.425,Alto,Perdida,1,2016,2,1,7848,United States,77070,FUR-FU-10004053,1,0.98,Alto
US-2017-117247,2017-10-09,2017-10-14,5,Standard Class,CK-12760,Cyma Kinney,Corporate,Central,Illinois,Aurora,Furniture,Tables,Hon 61000 Series Interactive Training Tables,66.645,3,0.5,-42.6528,-0.64,Alto,Perdida,1,2017,10,4,1396,United States,60505,FUR-TA-10001676,1,0.98,Alto
CA-2017-151750,2017-01-01,2017-01-05,4,Standard Class,JM-15250,Janet Martin,Consumer,Central,Texas,Huntsville,Furniture,Chairs,Office Star - Contemporary Task Swivel Chair,310.744,4,0.3,-26.6352,-0.0857142857142857,Medio,Perdida,1,2017,1,1,8072,United States,77340,FUR-CH-10003199,1,0.98,Alto
CA-2017-141705,2017-10-24,2017-10-26,2,First Class,PO-18850,Patrick O'Brill,Consumer,Central,Texas,Mansfield,Furniture,Tables,Hon 2111 Invitation Series Straight Table,517.405,5,0.3,-81.3065,-0.1571428571428571,Medio,Perdida,1,2017,10,4,8678,United States,76063,FUR-TA-10004607,1,0.98,Alto
CA-2014-120411,2014-09-20,2014-09-23,3,First Class,SB-20185,Sarah Brown,Consumer,Central,Illinois,Chicago,Furniture,Bookcases,"Bush Heritage Pine Collection 5-Shelf Bookcase, Albany Pine Finish, *Special Order",493.43,5,0.3,-70.49,-0.1428571428571428,Medio,Perdida,1,2014,9,3,8867,United States,60653,FUR-BO-10004218,1,0.98,Alto
CA-2014-154963,2014-06-22,2014-06-27,5,Standard Class,AA-10645,Anna Andreadi,Consumer,East,Pennsylvania,Chester,Furniture,Chairs,"Padded Folding Chairs, Black, 4/Carton",170.058,3,0.3,-4.8588,-0.0285714285714285,Medio,Perdida,1,2014,6,2,4021,United States,19013,FUR-CH-10004698,1,0.98,Alto
CA-2014-154963,2014-06-22,2014-06-27,5,Standard Class,AA-10645,Anna Andreadi,Consumer,East,Pennsylvania,Chester,Furniture,Chairs,"Hon Deluxe Fabric Upholstered Stacking Chairs, Rounded Back",853.93,5,0.3,0.0,0.0,Medio,Perdida,1,2014,6,2,4023,United States,19013,FUR-CH-10000454,1,0.98,Alto
CA-2014-169019,2014-07-26,2014-07-30,4,Standard Class,LF-17185,Luke Foster,Consumer,Central,Texas,San Antonio,Furniture,Furnishings,DAX Clear Channel Poster Frame,17.496,3,0.6,-10.0602,-0.5750000000000001,Alto,Perdida,1,2014,7,3,9776,United States,78207,FUR-FU-10004666,1,0.98,Alto
US-2015-123218,2015-12-20,2015-12-25,5,Standard Class,KD-16345,Katherine Ducich,Consumer,Central,Illinois,Chicago,Furniture,Bookcases,"Sauder Facets Collection Library, Sky Alder Finish",359.058,3,0.3,-71.8116,-0.2,Medio,Perdida,1,2015,12,4,1724,United States,60623,FUR-BO-10003966,1,0.98,Alto
US-2017-119816,2017-03-04,2017-03-06,2,Second Class,TT-21460,Tonja Turnell,Home Office,Central,Texas,Houston,Furniture,Furnishings,"Howard Miller 13-3/4"" Diameter Brushed Chrome Round Wall Clock",103.5,5,0.6,-77.625,-0.75,Alto,Perdida,1,2017,3,1,6447,United States,77095,FUR-FU-10004848,1,0.98,Alto
CA-2016-146206,2016-09-10,2016-09-14,4,Second Class,KT-16480,Kean Thornton,Consumer,Central,Texas,Houston,Furniture,Tables,KI Adjustable-Height Table,300.93,5,0.3,-34.392,-0.1142857142857143,Medio,Perdida,1,2016,9,3,2494,United States,77095,FUR-TA-10004086,1,0.98,Alto
CA-2017-131254,2017-11-19,2017-11-21,2,First Class,NC-18415,Nathan Cano,Consumer,Central,Texas,Houston,Furniture,Chairs,"Global Wood Trimmed Manager's Task Chair, Khaki",191.058,3,0.3,-46.3998,-0.2428571428571428,Medio,Perdida,1,2017,11,4,5309,United States,77095,FUR-CH-10003774,1,0.98,Alto
CA-2017-163125,2017-10-09,2017-10-11,2,Second Class,MB-17305,Maria Bertelson,Consumer,Central,Texas,League City,Furniture,Chairs,Hon Every-Day Chair Series Swivel Task Chairs,254.058,3,0.3,-32.6646,-0.1285714285714286,Medio,Perdida,1,2017,10,4,4918,United States,77573,FUR-CH-10001802,1,0.98,Alto
CA-2016-167605,2016-04-28,2016-04-30,2,Second Class,RB-19570,Rob Beeghly,Consumer,Central,Illinois,Saint Charles,Furniture,Furnishings,"Eldon Delta Triangular Chair Mat, 52"" x 58"", Clear",30.344,2,0.6,-31.8612,-1.05,Alto,Perdida,1,2016,4,2,7913,United States,60174,FUR-FU-10001602,1,0.98,Alto
CA-2017-165386,2017-08-03,2017-08-04,1,First Class,CM-12190,Charlotte Melton,Consumer,Central,Illinois,Chicago,Furniture,Bookcases,"O'Sullivan Elevations Bookcase, Cherry Finish",183.372,2,0.3,-36.6744,-0.1999999999999999,Medio,Perdida,1,2017,8,3,2008,United States,60623,FUR-BO-10003034,1,0.98,Alto
CA-2017-154109,2017-11-06,2017-11-11,5,Standard Class,ML-17410,Maris LaWare,Consumer,East,Pennsylvania,Philadelphia,Furniture,Chairs,"Global Wood Trimmed Manager's Task Chair, Khaki",127.372,2,0.3,-30.9332,-0.2428571428571428,Medio,Perdida,1,2017,11,4,3675,United States,19143,FUR-CH-10003774,1,0.98,Alto
CA-2016-159940,2016-07-07,2016-07-11,4,Second Class,BF-11020,Barry Franzsisch,Corporate,Central,Illinois,Aurora,Furniture,Furnishings,Flat Face Poster Frame,60.288,8,0.6,-27.1296,-0.45,Alto,Perdida,1,2016,7,3,2372,United States,60505,FUR-FU-10004973,1,0.98,Alto
CA-2015-168809,2015-08-25,2015-08-25,0,Same Day,MC-18100,Mick Crebagga,Consumer,Central,Texas,Houston,Furniture,Furnishings,"Eldon Executive Woodline II Desk Accessories, Mahogany",20.104,2,0.6,-16.5858,-0.825,Alto,Perdida,1,2015,8,3,6797,United States,77041,FUR-FU-10001473,1,0.98,Alto
CA-2017-102204,2017-05-01,2017-05-06,5,Standard Class,CJ-12010,Caroline Jumper,Consumer,South,Florida,Jacksonville,Furniture,Tables,Bush Advantage Collection Racetrack Conference Table,933.262,4,0.45,-458.1468,-0.4909090909090909,Alto,Perdida,1,2017,5,2,8236,United States,32216,FUR-TA-10001889,1,0.98,Alto
US-2017-118087,2017-09-09,2017-09-13,4,Standard Class,SP-20620,Stefania Perrino,Corporate,East,Pennsylvania,Philadelphia,Furniture,Chairs,Global Low Back Tilter Chair,141.372,2,0.3,-48.4704,-0.3428571428571428,Medio,Perdida,1,2017,9,3,1213,United States,19134,FUR-CH-10004860,1,0.98,Alto
CA-2017-137785,2017-05-13,2017-05-17,4,Standard Class,MH-18115,Mick Hernandez,Home Office,East,Pennsylvania,Philadelphia,Furniture,Chairs,Office Star - Mesh Screen back chair with Vinyl seat,458.43,5,0.3,-124.431,-0.2714285714285714,Medio,Perdida,1,2017,5,2,9000,United States,19140,FUR-CH-10001482,1,0.98,Alto
CA-2016-163048,2016-02-08,2016-02-15,7,Standard Class,MH-17440,Mark Haberlin,Corporate,Central,Texas,Houston,Furniture,Chairs,Harbour Creations Steel Folding Chair,241.5,4,0.3,0.0,0.0,Medio,Perdida,1,2016,2,1,8383,United States,77036,FUR-CH-10001270,1,0.98,Alto
CA-2015-119550,2015-12-26,2015-12-31,5,Standard Class,RB-19705,Roger Barcio,Home Office,Central,Texas,Houston,Furniture,Chairs,"Office Star - Contemporary Task Swivel chair with 2-way adjustable arms, Plum",275.058,3,0.3,-90.3762,-0.3285714285714285,Medio,Perdida,1,2015,12,4,5690,United States,77070,FUR-CH-10002044,1,0.98,Alto
US-2014-140452,2014-12-06,2014-12-10,4,Standard Class,BK-11260,Berenike Kampe,Consumer,Central,Illinois,Chicago,Furniture,Tables,KI Adjustable-Height Table,214.95,5,0.5,-120.372,-0.56,Alto,Perdida,1,2014,12,4,5095,United States,60610,FUR-TA-10004086,1,0.98,Alto
CA-2016-125080,2016-10-21,2016-10-26,5,Standard Class,VW-21775,Victoria Wilson,Corporate,East,Ohio,Lakewood,Furniture,Tables,"Chromcraft Bull-Nose Wood 48"" x 96"" Rectangular Conference Tables",661.176,2,0.4,-231.4116,-0.35,Alto,Perdida,1,2016,10,4,6286,United States,44107,FUR-TA-10003238,1,0.98,Alto
US-2015-123918,2015-10-15,2015-10-15,0,Same Day,CG-12520,Claire Gute,Consumer,Central,Texas,Dallas,Furniture,Furnishings,"C-Line Cubicle Keepers Polyproplyene Holder w/Velcro Back, 8-1/2x11, 25/Bx",131.376,6,0.6,-95.2476,-0.725,Alto,Perdida,1,2015,10,4,6878,United States,75217,FUR-FU-10004952,1,0.98,Alto
US-2015-129637,2015-12-17,2015-12-22,5,Standard Class,MC-18100,Mick Crebagga,Consumer,Central,Illinois,Bloomington,Furniture,Furnishings,"Howard Miller 11-1/2"" Diameter Ridgewood Wall Clock",41.552,2,0.6,-19.7372,-0.475,Alto,Perdida,1,2015,12,4,6686,United States,61701,FUR-FU-10000965,1,0.98,Alto
CA-2014-160766,2014-09-14,2014-09-14,0,Same Day,DM-13015,Darrin Martin,Consumer,East,New York,New York City,Furniture,Tables,KI Adjustable-Height Table,464.292,9,0.4,-108.3348,-0.2333333333333333,Alto,Perdida,1,2014,9,3,5125,United States,10009,FUR-TA-10001039,1,0.98,Alto
CA-2017-161739,2017-11-10,2017-11-15,5,Second Class,EB-13750,Edward Becker,Corporate,Central,Texas,Round Rock,Furniture,Furnishings,Tenex Antistatic Computer Chair Mats,341.96,5,0.6,-427.45,-1.25,Alto,Perdida,1,2017,11,4,3317,United States,78664,FUR-FU-10001468,1,0.98,Alto
CA-2016-132829,2016-12-23,2016-12-26,3,Second Class,LA-16780,Laura Armstrong,Corporate,Central,Texas,Houston,Furniture,Furnishings,"GE General Purpose, Extra Long Life, Showcase & Floodlight Incandescent Bulbs",2.328,2,0.6,-0.7566,-0.325,Alto,Perdida,1,2016,12,4,8562,United States,77041,FUR-FU-10000206,1,0.98,Alto
CA-2017-148404,2017-10-07,2017-10-11,4,Standard Class,Dp-13240,Dean percer,Home Office,South,North Carolina,Charlotte,Furniture,Tables,KI Adjustable-Height Table,154.764,3,0.4,-36.1116,-0.2333333333333333,Alto,Perdida,1,2017,10,4,3390,United States,28205,FUR-TA-10001039,1,0.98,Alto
CA-2017-117653,2017-10-19,2017-10-23,4,Standard Class,MO-17500,Mary O'Rourke,Consumer,Central,Illinois,Chicago,Furniture,Tables,"Lesro Round Back Collection Coffee Table, End Table",91.275,1,0.5,-67.5435,-0.7399999999999999,Alto,Perdida,1,2017,10,4,4927,United States,60623,FUR-TA-10003008,1,0.98,Alto
CA-2017-113355,2017-12-01,2017-12-05,4,Standard Class,SJ-20215,Sarah Jordon,Consumer,Central,Texas,Grand Prairie,Furniture,Chairs,DMI Arturo Collection Mission-style Design Wood Chair,317.058,3,0.3,-18.1176,-0.0571428571428571,Medio,Perdida,1,2017,12,4,3245,United States,75051,FUR-CH-10002602,1,0.9766666666666667,Alto
CA-2014-163468,2014-11-18,2014-11-21,3,First Class,JK-15730,Joe Kamberova,Consumer,Central,Illinois,Des Plaines,Furniture,Bookcases,Hon 4-Shelf Metal Bookcases,424.116,6,0.3,-30.294,-0.0714285714285714,Medio,Perdida,1,2014,11,4,7301,United States,60016,FUR-BO-10003546,1,0.9766666666666667,Alto
CA-2016-119165,2016-10-31,2016-11-06,6,Standard Class,BD-11320,Bill Donatelli,Consumer,East,Pennsylvania,Philadelphia,Furniture,Chairs,Hon Olson Stacker Stools,492.835,5,0.3,-14.081,-0.0285714285714285,Medio,Perdida,1,2016,10,4,2448,United States,19143,FUR-CH-10000988,1,0.9766666666666667,Alto
CA-2017-125451,2017-10-23,2017-10-24,1,First Class,AH-10075,Adam Hart,Corporate,East,Rhode Island,Cranston,Furniture,Tables,KI Adjustable-Height Table,240.744,4,0.3,-13.7568,-0.0571428571428571,Medio,Perdida,1,2017,10,4,8446,United States,2920,FUR-TA-10001039,1,0.9766666666666667,Alto
CA-2016-152555,2016-03-29,2016-04-02,4,Second Class,ME-17320,Maria Etezadi,Home Office,Central,Illinois,Chicago,Furniture,Chairs,"Global Leather Highback Executive Chair with Pneumatic Height Adjustment, Black",844.116,6,0.3,-36.1764,-0.0428571428571428,Medio,Perdida,1,2016,3,1,3552,United States,60653,FUR-CH-10002965,1,0.9766666666666667,Alto
US-2016-110170,2016-09-27,2016-10-03,6,Standard Class,HM-14860,Harry Marie,Corporate,Central,Texas,Huntsville,Furniture,Bookcases,O'Sullivan Plantations 2-Door Library in Landvery Oak,956.6648,7,0.32,-225.0976,-0.2352941176470588,Alto,Perdida,1,2016,9,3,2404,United States,77340,FUR-BO-10000780,1,0.9766666666666667,Alto
US-2016-131611,2016-11-05,2016-11-09,4,Standard Class,EP-13915,Emily Phan,Consumer,Central,Texas,Houston,Furniture,Bookcases,O'Sullivan Plantations 2-Door Library in Landvery Oak,956.6648,7,0.32,-225.0976,-0.2352941176470588,Alto,Perdida,1,2016,11,4,4267,United States,77036,FUR-BO-10000780,1,0.9766666666666667,Alto
CA-2017-168389,2017-12-11,2017-12-17,6,Standard Class,DV-13045,Darrin Van Huff,Corporate,South,Florida,Jacksonville,Furniture,Tables,BoxOffice By Design Rectangular and Half-Moon Meeting Room Tables,721.875,6,0.45,-420.0,-0.5818181818181818,Alto,Perdida,1,2017,12,4,7345,United States,32216,FUR-TA-10004289,1,0.9766666666666667,Alto
CA-2015-156377,2015-12-31,2016-01-05,5,Standard Class,TB-21625,Trudy Brown,Consumer,Central,Texas,Grand Prairie,Furniture,Furnishings,"Eldon Expressions Wood Desk Accessories, Oak",14.76,5,0.6,-11.439,-0.775,Alto,Perdida,1,2015,12,4,2137,United States,75051,FUR-FU-10002364,1,0.9766666666666667,Alto
CA-2014-134572,2014-04-20,2014-04-22,2,Second Class,SV-20365,Seth Vernon,Consumer,Central,Texas,Houston,Furniture,Tables,Riverside Furniture Stanwyck Manor Table Series,401.59,2,0.3,-131.951,-0.3285714285714285,Medio,Perdida,1,2014,4,2,5078,United States,77070,FUR-TA-10004442,1,0.9766666666666667,Alto
CA-2014-163867,2014-06-03,2014-06-06,3,First Class,RE-19450,Richard Eichhorn,Consumer,Central,Illinois,Decatur,Furniture,Furnishings,"Contract Clock, 14"", Brown",61.544,7,0.6,-40.0036,-0.65,Alto,Perdida,1,2014,6,2,9845,United States,62521,FUR-FU-10001475,1,0.9766666666666667,Alto
US-2014-117380,2014-03-28,2014-04-03,6,Standard Class,MP-18175,Mike Pelletier,Home Office,East,Ohio,Springfield,Furniture,Tables,Chromcraft Bull-Nose Wood Oval Conference Tables & Bases,330.588,1,0.4,-143.2548,-0.4333333333333333,Alto,Perdida,1,2014,3,1,9900,United States,45503,FUR-TA-10000198,1,0.9766666666666667,Alto
CA-2014-162866,2014-12-27,2014-12-31,4,Standard Class,Co-12640,Corey-Lock,Consumer,Central,Illinois,Skokie,Furniture,Furnishings,DAX Wood Document Frame,32.952,6,0.6,-19.7712,-0.6000000000000001,Alto,Perdida,1,2014,12,4,2967,United States,60076,FUR-FU-10001473,1,0.9766666666666667,Alto
CA-2017-107629,2017-12-14,2017-12-14,0,Same Day,DB-13060,Dave Brooks,Consumer,Central,Illinois,Skokie,Furniture,Furnishings,"Howard Miller 13"" Diameter Goldtone Round Wall Clock",56.328,3,0.6,-26.7558,-0.475,Alto,Perdida,1,2017,12,4,6714,United States,60076,FUR-FU-10004091,1,0.9766666666666667,Alto
CA-2016-124590,2016-11-12,2016-11-16,4,Standard Class,SP-20920,Susan Pistek,Consumer,East,Ohio,Parma,Furniture,Chairs,Hon 4070 Series Pagoda Round Back Stacking Chairs,449.372,2,0.3,-12.8392,-0.0285714285714285,Medio,Perdida,1,2016,11,4,6115,United States,44134,FUR-CH-10003746,1,0.9766666666666667,Alto
US-2015-159982,2015-11-28,2015-12-04,6,Standard Class,DR-12880,Dan Reichenbach,Corporate,Central,Illinois,Chicago,Furniture,Furnishings,Eldon 100 Class Desk Accessories,12.132,9,0.6,-8.4924,-0.7000000000000001,Alto,Perdida,1,2015,11,4,255,United States,60623,FUR-FU-10002505,1,0.9766666666666667,Alto
US-2014-166310,2014-09-21,2014-09-23,2,First Class,JS-15940,Joni Sundaresam,Home Office,Central,Texas,Garland,Furniture,Furnishings,Dana Swing-Arm Lamps,8.544,2,0.6,-7.476,-0.875,Alto,Perdida,1,2014,9,3,5305,United States,75043,FUR-FU-10001546,1,0.9766666666666667,Alto
CA-2017-152583,2017-10-30,2017-10-30,0,Same Day,RA-19945,Ryan Akin,Consumer,Central,Texas,Dallas,Furniture,Furnishings,"DAX Metal Frame, Desktop, Stepped-Edge",16.192,2,0.6,-8.5008,-0.525,Alto,Perdida,1,2017,10,4,3438,United States,75217,FUR-FU-10003849,1,0.9766666666666667,Alto
US-2017-133200,2017-05-06,2017-05-11,5,Standard Class,DB-13555,Dorothy Badders,Corporate,Central,Texas,Fort Worth,Furniture,Bookcases,"Sauder Mission Library with Doors, Fruitwood Finish",623.4648,7,0.32,-119.1918,-0.1911764705882353,Alto,Perdida,1,2017,5,2,4670,United States,76106,FUR-BO-10001601,1,0.9766666666666667,Alto
CA-2017-142461,2017-05-30,2017-06-03,4,Second Class,KT-16480,Kean Thornton,Consumer,Central,Texas,Dallas,Furniture,Bookcases,"Atlantic Metals Mobile 5-Shelf Bookcases, Custom Colors",204.6664,1,0.32,-6.0196,-0.0294117647058823,Alto,Perdida,1,2017,5,2,9513,United States,75217,FUR-BO-10001811,1,0.9766666666666667,Alto
CA-2017-109085,2017-02-17,2017-02-20,3,First Class,CK-12325,Christine Kargatis,Home Office,East,Ohio,Troy,Furniture,Chairs,Global Commerce Series Low-Back Swivel/Tilt Chairs,899.43,5,0.3,-12.849,-0.0142857142857142,Medio,Perdida,1,2017,2,1,9348,United States,45373,FUR-CH-10003981,1,0.9766666666666667,Alto
CA-2016-158778,2016-09-05,2016-09-09,4,Standard Class,DB-13210,Dean Braden,Consumer,East,Pennsylvania,Philadelphia,Furniture,Chairs,Global Comet Stacking Arm Chair,887.271,3,0.3,-63.3765,-0.0714285714285714,Medio,Perdida,1,2016,9,3,7594,United States,19134,FUR-CH-10000309,1,0.9766666666666667,Alto
CA-2017-122595,2017-12-14,2017-12-20,6,Standard Class,GM-14455,Gary Mitchum,Home Office,Central,Illinois,Chicago,Furniture,Furnishings,"Master Caster Door Stop, Gray",2.032,1,0.6,-1.3208,-0.65,Alto,Perdida,1,2017,12,4,3334,United States,60653,FUR-FU-10002963,1,0.9766666666666667,Alto
CA-2016-124590,2016-11-12,2016-11-16,4,Standard Class,SP-20920,Susan Pistek,Consumer,East,Ohio,Parma,Furniture,Chairs,"Global Leather and Oak Executive Chair, Black",1474.802,7,0.3,-21.0686,-0.0142857142857142,Medio,Perdida,1,2016,11,4,6111,United States,44134,FUR-CH-10004495,1,0.9766666666666667,Alto
CA-2017-161774,2017-05-14,2017-05-15,1,First Class,GT-14710,Greg Tran,Consumer,Central,Texas,Houston,Furniture,Chairs,Global Commerce Series Low-Back Swivel/Tilt Chairs,899.43,5,0.3,-12.849,-0.0142857142857142,Medio,Perdida,1,2017,5,2,6408,United States,77041,FUR-CH-10003981,1,0.9766666666666667,Alto
CA-2016-120824,2016-06-12,2016-06-16,4,Second Class,AW-10930,Arthur Wiediger,Home Office,Central,Texas,Houston,Furniture,Chairs,Global Enterprise Series Seating High-Back Swivel/Tilt Chairs,379.372,2,0.3,-119.2312,-0.3142857142857143,Medio,Perdida,1,2016,6,2,8721,United States,77070,FUR-CH-10000229,1,0.9766666666666667,Alto
US-2017-100930,2017-04-07,2017-04-12,5,Standard Class,CS-12400,Christopher Schild,Home Office,South,Florida,Tampa,Furniture,Tables,Bretford Rectangular Conference Table Tops,620.6145,3,0.45,-248.2458,-0.3999999999999999,Alto,Perdida,1,2017,4,2,233,United States,33614,FUR-TA-10003473,1,0.9766666666666667,Alto
US-2015-122784,2015-07-20,2015-07-27,7,Standard Class,RA-19915,Russell Applegate,Consumer,Central,Illinois,Highland Park,Furniture,Bookcases,O'Sullivan Cherrywood Estates Traditional Barrister Bookcase,384.944,4,0.3,-126.4816,-0.3285714285714285,Medio,Perdida,1,2015,7,3,4384,United States,60035,FUR-BO-10004690,1,0.9766666666666667,Alto
US-2015-163433,2015-04-18,2015-04-22,4,Second Class,MP-17965,Michael Paige,Corporate,Central,Texas,Mcallen,Furniture,Chairs,"Global Geo Office Task Chair, Gray",56.686,1,0.3,-20.245,-0.3571428571428571,Medio,Perdida,1,2015,4,2,9301,United States,78501,FUR-CH-10000225,1,0.9766666666666667,Alto
CA-2017-151799,2017-12-14,2017-12-18,4,Standard Class,BF-11170,Ben Ferrer,Home Office,East,Massachusetts,Lawrence,Furniture,Tables,Bretford Rectangular Conference Table Tops,526.582,2,0.3,-52.6582,-0.1,Medio,Perdida,1,2017,12,4,7702,United States,1841,FUR-TA-10003473,1,0.9766666666666667,Alto
CA-2014-126802,2014-12-29,2015-01-05,7,Standard Class,ZC-21910,Zuschuss Carroll,Consumer,Central,Illinois,Chicago,Furniture,Furnishings,Tenex Chairmats For Use with Hard Floors,38.976,3,0.6,-50.6688,-1.3,Alto,Perdida,1,2014,12,4,5678,United States,60610,FUR-FU-10000193,1,0.9766666666666667,Alto
US-2015-122784,2015-07-20,2015-07-27,7,Standard Class,RA-19915,Russell Applegate,Consumer,Central,Illinois,Highland Park,Furniture,Bookcases,"Atlantic Metals Mobile 3-Shelf Bookcases, Custom Colors",913.43,5,0.3,-52.196,-0.0571428571428571,Medio,Perdida,1,2015,7,3,4386,United States,60035,FUR-BO-10002545,1,0.9733333333333334,Alto
CA-2017-156237,2017-09-14,2017-09-15,1,First Class,PS-18760,Pamela Stobb,Consumer,East,Pennsylvania,Philadelphia,Furniture,Chairs,Office Star - Ergonomically Designed Knee Chair,113.372,2,0.3,-29.1528,-0.2571428571428571,Medio,Perdida,1,2017,9,3,6812,United States,19140,FUR-CH-10002372,1,0.9733333333333334,Alto
US-2016-160528,2016-08-23,2016-08-30,7,Standard Class,MH-18115,Mick Hernandez,Home Office,Central,Texas,Pharr,Furniture,Furnishings,Flat Face Poster Frame,22.608,3,0.6,-10.1736,-0.45,Alto,Perdida,1,2016,8,3,3018,United States,78577,FUR-FU-10004973,1,0.9733333333333334,Alto
US-2017-165456,2017-11-30,2017-12-03,3,First Class,TB-21625,Trudy Brown,Consumer,East,Pennsylvania,Philadelphia,Furniture,Chairs,Global Commerce Series Low-Back Swivel/Tilt Chairs,1079.316,6,0.3,-15.4188,-0.0142857142857142,Medio,Perdida,1,2017,11,4,9289,United States,19134,FUR-CH-10003981,1,0.9733333333333334,Alto
CA-2017-140298,2017-05-11,2017-05-17,6,Standard Class,JK-16120,Julie Kriz,Home Office,Central,Texas,Austin,Furniture,Furnishings,Telescoping Adjustable Floor Lamp,7.996,1,0.6,-6.9965,-0.875,Alto,Perdida,1,2017,5,2,4703,United States,78745,FUR-FU-10001967,1,0.9733333333333334,Alto
CA-2015-112130,2015-05-03,2015-05-07,4,Standard Class,SV-20785,Stewart Visinsky,Consumer,East,Pennsylvania,Philadelphia,Furniture,Chairs,"Global Leather Highback Executive Chair with Pneumatic Height Adjustment, Black",844.116,6,0.3,-36.1764,-0.0428571428571428,Medio,Perdida,1,2015,5,2,4662,United States,19140,FUR-CH-10002965,1,0.9733333333333334,Alto
CA-2016-127236,2016-03-29,2016-04-02,4,Standard Class,TB-21595,Troy Blackwell,Consumer,East,Ohio,Springfield,Furniture,Bookcases,"Bush Andora Bookcase, Maple/Graphite Gray Finish",299.975,5,0.5,-167.986,-0.5599999999999999,Alto,Perdida,1,2016,3,1,6382,United States,45503,FUR-BO-10004015,1,0.9733333333333334,Alto
CA-2015-119690,2015-06-25,2015-06-28,3,First Class,MV-17485,Mark Van Huff,Consumer,Central,Texas,Houston,Furniture,Furnishings,"GE General Use Halogen Bulbs, 100 Watts, 1 Bulb per Pack",75.384,9,0.6,-20.7306,-0.2749999999999999,Alto,Perdida,1,2015,6,2,8035,United States,77041,FUR-FU-10004587,1,0.9733333333333334,Alto
CA-2016-150483,2016-05-31,2016-06-04,4,Standard Class,BP-11290,Beth Paige,Consumer,Central,Illinois,Decatur,Furniture,Furnishings,"Executive Impressions 16-1/2"" Circular Wall Clock",32.064,3,0.6,-12.8256,-0.3999999999999999,Alto,Perdida,1,2016,5,2,8901,United States,62521,FUR-FU-10001379,1,0.9733333333333334,Alto
US-2017-117247,2017-10-09,2017-10-14,5,Standard Class,CK-12760,Cyma Kinney,Corporate,Central,Illinois,Aurora,Furniture,Tables,"Bevis Oval Conference Table, Walnut",652.45,5,0.5,-430.617,-0.66,Alto,Perdida,1,2017,10,4,1395,United States,60505,FUR-TA-10002958,1,0.9733333333333334,Alto
CA-2014-153976,2014-10-03,2014-10-08,5,Second Class,BP-11290,Beth Paige,Consumer,Central,Illinois,Evanston,Furniture,Chairs,"Global High-Back Leather Tilter, Burgundy",258.279,3,0.3,-70.1043,-0.2714285714285714,Medio,Perdida,1,2014,10,4,1351,United States,60201,FUR-CH-10002880,1,0.9733333333333334,Alto
CA-2014-119466,2014-12-15,2014-12-21,6,Standard Class,SP-20860,Sung Pak,Corporate,Central,Illinois,Chicago,Furniture,Furnishings,Dana Swing-Arm Lamps,8.544,2,0.6,-7.476,-0.875,Alto,Perdida,1,2014,12,4,7007,United States,60623,FUR-FU-10001546,1,0.9733333333333334,Alto
US-2016-131611,2016-11-05,2016-11-09,4,Standard Class,EP-13915,Emily Phan,Consumer,Central,Texas,Houston,Furniture,Tables,Laminate Occasional Tables,863.128,8,0.3,-160.2952,-0.1857142857142857,Medio,Perdida,1,2016,11,4,4265,United States,77036,FUR-TA-10002774,1,0.9733333333333334,Alto
CA-2016-149349,2016-11-12,2016-11-13,1,First Class,SP-20650,Stephanie Phelps,Corporate,Central,Illinois,Chicago,Furniture,Furnishings,"DAX Charcoal/Nickel-Tone Document Frame, 5 x 7",22.752,6,0.6,-8.532,-0.375,Alto,Perdida,1,2016,11,4,7331,United States,60623,FUR-FU-10001037,1,0.9733333333333334,Alto
CA-2015-122266,2015-04-26,2015-04-30,4,Standard Class,SA-20830,Sue Ann Reed,Consumer,South,Florida,Daytona Beach,Furniture,Tables,Bretford CR4500 Series Slim Rectangular Table,191.5155,1,0.45,-76.6062,-0.4,Alto,Perdida,1,2015,4,2,8207,United States,32114,FUR-TA-10000577,1,0.9733333333333334,Alto
CA-2015-143364,2015-07-14,2015-07-19,5,Second Class,TG-21310,Toby Gnade,Consumer,West,Arizona,Mesa,Furniture,Bookcases,"Hon Metal Bookcases, Black",127.764,6,0.7,-191.646,-1.5,Alto,Perdida,1,2015,7,3,7867,United States,85204,FUR-BO-10001608,1,0.9733333333333334,Alto
US-2017-118556,2017-05-28,2017-06-02,5,Second Class,TH-21235,Tiffany House,Corporate,Central,Illinois,Chicago,Furniture,Chairs,"Global Task Chair, Black",106.869,3,0.3,-29.0073,-0.2714285714285714,Medio,Perdida,1,2017,5,2,8457,United States,60653,FUR-CH-10001146,1,0.9733333333333334,Alto
US-2016-127971,2016-11-20,2016-11-27,7,Standard Class,DW-13195,David Wiener,Corporate,Central,Texas,Houston,Furniture,Chairs,"Global Wood Trimmed Manager's Task Chair, Khaki",318.43,5,0.3,-77.333,-0.2428571428571428,Medio,Perdida,1,2016,11,4,3239,United States,77095,FUR-CH-10003774,1,0.9733333333333334,Alto
US-2016-127971,2016-11-20,2016-11-27,7,Standard Class,DW-13195,David Wiener,Corporate,Central,Texas,Houston,Furniture,Furnishings,Eldon Wave Desk Accessories,7.068,3,0.6,-2.8272,-0.4,Alto,Perdida,1,2016,11,4,3241,United States,77095,FUR-FU-10000023,1,0.9733333333333334,Alto
CA-2015-168746,2015-01-27,2015-01-29,2,Second Class,SV-20365,Seth Vernon,Consumer,East,Ohio,Cleveland,Furniture,Chairs,High-Back Leather Manager's Chair,181.986,2,0.3,-54.5958,-0.3,Medio,Perdida,1,2015,1,1,2537,United States,44105,FUR-CH-10000513,1,0.9733333333333334,Alto
CA-2017-155642,2017-05-18,2017-05-22,4,Standard Class,BM-11575,Brendan Murry,Corporate,Central,Illinois,Chicago,Furniture,Furnishings,C-Line Cubicle Keepers Polyproplyene Holder With Velcro Backings,1.892,1,0.6,-0.9933,-0.525,Alto,Perdida,1,2017,5,2,8184,United States,60653,FUR-FU-10001918,1,0.9733333333333334,Alto
CA-2016-160241,2016-11-29,2016-12-04,5,Second Class,DR-12940,Daniel Raglin,Home Office,Central,Illinois,Aurora,Furniture,Furnishings,"Tenex Chairmat w/ Average Lip, 45"" x 53""",242.176,4,0.6,-302.72,-1.2500000000000002,Alto,Perdida,1,2016,11,4,7879,United States,60505,FUR-FU-10003806,1,0.9733333333333334,Alto
CA-2015-129700,2015-05-04,2015-05-05,1,First Class,LA-16780,Laura Armstrong,Corporate,Central,Illinois,Tinley Park,Furniture,Furnishings,Staple-based wall hangings,22.288,7,0.6,-8.9152,-0.4,Alto,Perdida,1,2015,5,2,3403,United States,60477,FUR-FU-10001940,1,0.9733333333333334,Alto
US-2016-115455,2016-09-08,2016-09-14,6,Standard Class,SE-20110,Sanjit Engle,Consumer,Central,Illinois,Wheeling,Furniture,Tables,Bretford CR8500 Series Meeting Room Furniture,601.47,3,0.5,-300.735,-0.5,Alto,Perdida,1,2016,9,3,2592,United States,60090,FUR-TA-10003569,1,0.9733333333333334,Alto
US-2016-115455,2016-09-08,2016-09-14,6,Standard Class,SE-20110,Sanjit Engle,Consumer,Central,Illinois,Wheeling,Furniture,Furnishings,"Executive Impressions 12"" Wall Clock",14.136,2,0.6,-7.7748,-0.55,Alto,Perdida,1,2016,9,3,2591,United States,60090,FUR-FU-10004671,1,0.9733333333333334,Alto
CA-2014-118276,2014-12-29,2015-01-02,4,Standard Class,MG-17890,Michael Granlund,Home Office,Central,Illinois,Saint Charles,Furniture,Furnishings,"Master Caster Door Stop, Large Brown",8.736,3,0.6,-4.8048,-0.5499999999999999,Alto,Perdida,1,2014,12,4,7204,United States,60174,FUR-FU-10002111,1,0.9733333333333334,Alto
CA-2015-131856,2015-05-12,2015-05-17,5,Standard Class,JG-15160,James Galang,Consumer,Central,Texas,Houston,Furniture,Furnishings,DAX Wood Document Frame.,21.968,4,0.6,-15.9268,-0.725,Alto,Perdida,1,2015,5,2,8662,United States,77041,FUR-FU-10000175,1,0.9733333333333334,Alto
CA-2016-134936,2016-12-19,2016-12-25,6,Standard Class,ES-14080,Erin Smith,Corporate,West,Arizona,Tucson,Furniture,Tables,"SAFCO PlanMaster Boards, 60w x 37-1/2d, White Melamine",455.97,6,0.5,-218.8656,-0.48,Alto,Perdida,1,2016,12,4,5543,United States,85705,FUR-TA-10001086,1,0.9733333333333334,Alto
CA-2015-140221,2015-03-05,2015-03-09,4,Second Class,MS-17365,Maribeth Schnelling,Consumer,Central,Illinois,Chicago,Furniture,Furnishings,Eldon Wave Desk Accessories,4.712,2,0.6,-1.8848,-0.4,Alto,Perdida,1,2015,3,1,8251,United States,60653,FUR-FU-10000023,1,0.9733333333333334,Alto
CA-2016-126627,2016-10-10,2016-10-12,2,First Class,WB-21850,William Brown,Consumer,Central,Texas,La Porte,Furniture,Furnishings,"Eldon 400 Class Desk Accessories, Black Carbon",14.0,4,0.6,-6.3,-0.45,Alto,Perdida,1,2016,10,4,9835,United States,77571,FUR-FU-10004963,1,0.9733333333333334,Alto
US-2017-139969,2017-11-19,2017-11-26,7,Standard Class,AF-10870,Art Ferguson,Consumer,Central,Texas,College Station,Furniture,Chairs,Office Star Flex Back Scooter Chair with White Frame,233.058,3,0.3,-53.2704,-0.2285714285714286,Medio,Perdida,1,2017,11,4,2151,United States,77840,FUR-CH-10001973,1,0.9733333333333334,Alto
CA-2017-137449,2017-06-29,2017-06-30,1,First Class,ME-17725,Max Engle,Consumer,Central,Texas,Dallas,Furniture,Tables,Bevis Round Conference Table Top & Single Column Base,307.314,3,0.3,-39.5118,-0.1285714285714285,Medio,Perdida,1,2017,6,2,9625,United States,75220,FUR-TA-10002855,1,0.9733333333333334,Alto
CA-2016-145261,2016-12-18,2016-12-21,3,First Class,AH-10120,Adrian Hane,Home Office,West,Oregon,Salem,Furniture,Tables,"Iceberg OfficeWorks 42"" Round Tables",377.45,5,0.5,-264.215,-0.7,Alto,Perdida,1,2016,12,4,5659,United States,97301,FUR-TA-10002530,1,0.9733333333333334,Alto
CA-2015-111339,2015-05-29,2015-05-31,2,First Class,VP-21760,Victoria Pisteka,Corporate,East,Ohio,Columbus,Furniture,Chairs,Novimex Swivel Fabric Task Chair,317.058,3,0.3,-86.0586,-0.2714285714285714,Medio,Perdida,1,2015,5,2,9372,United States,43229,FUR-CH-10000863,1,0.97,Alto
CA-2016-140018,2016-11-21,2016-11-26,5,Standard Class,CK-12205,Chloris Kastensmidt,Consumer,East,Ohio,Columbus,Furniture,Chairs,"Global Value Steno Chair, Gray",127.554,3,0.3,-9.111,-0.0714285714285714,Medio,Perdida,1,2016,11,4,4825,United States,43229,FUR-CH-10003817,1,0.97,Alto
CA-2017-159100,2017-10-16,2017-10-21,5,Standard Class,VP-21760,Victoria Pisteka,Corporate,South,Tennessee,Columbia,Furniture,Tables,Balt Solid Wood Round Tables,1875.258,7,0.4,-968.8833,-0.5166666666666666,Alto,Perdida,1,2017,10,4,8994,United States,38401,FUR-TA-10001950,1,0.97,Alto
US-2017-132381,2017-08-22,2017-08-24,2,First Class,Dp-13240,Dean percer,Home Office,East,Pennsylvania,Philadelphia,Furniture,Tables,Bevis Boat-Shaped Conference Table,314.532,2,0.4,-83.8752,-0.2666666666666667,Alto,Perdida,1,2017,8,3,6105,United States,19143,FUR-TA-10002356,1,0.97,Alto
US-2015-168935,2015-11-27,2015-12-02,5,Standard Class,DO-13435,Denny Ordway,Consumer,South,Florida,Pembroke Pines,Furniture,Tables,"Hon Practical Foundations 30 x 60 Training Table, Light Gray/Charcoal",375.4575,3,0.45,-157.0095,-0.4181818181818182,Alto,Perdida,1,2015,11,4,385,United States,33024,FUR-TA-10000617,1,0.97,Alto
US-2014-130379,2014-05-25,2014-05-29,4,Standard Class,JL-15235,Janet Lee,Consumer,Central,Illinois,Chicago,Furniture,Furnishings,"Electrix Incandescent Magnifying Lamp, Black",29.32,2,0.6,-24.189,-0.825,Alto,Perdida,1,2014,5,2,1820,United States,60623,FUR-FU-10002553,1,0.97,Alto
CA-2016-153577,2016-06-27,2016-07-01,4,Standard Class,KH-16330,Katharine Harms,Corporate,Central,Illinois,Highland Park,Furniture,Chairs,Global Commerce Series Low-Back Swivel/Tilt Chairs,539.658,3,0.3,-7.7094,-0.0142857142857142,Medio,Perdida,1,2016,6,2,2905,United States,60035,FUR-CH-10003981,1,0.97,Alto
US-2014-112914,2014-09-25,2014-09-30,5,Standard Class,MT-18070,Michelle Tran,Home Office,Central,Texas,Houston,Furniture,Bookcases,O'Sullivan Living Dimensions 5-Shelf Bookcases,300.5328,2,0.32,-97.2312,-0.3235294117647059,Alto,Perdida,1,2014,9,3,2826,United States,77041,FUR-BO-10003272,1,0.97,Alto
US-2017-134481,2017-08-27,2017-09-01,5,Standard Class,AR-10405,Allen Rosenblatt,Corporate,East,Massachusetts,Franklin,Furniture,Tables,"Office Impressions End Table, 20-1/2""H x 24""W x 20""D",1488.424,7,0.3,-297.6848,-0.2,Medio,Perdida,1,2017,8,3,378,United States,2038,FUR-TA-10004915,1,0.97,Alto
CA-2017-159793,2017-08-25,2017-08-29,4,Standard Class,SV-20365,Seth Vernon,Consumer,East,Pennsylvania,Philadelphia,Furniture,Bookcases,Bush Somerset Collection Bookcase,130.98,2,0.5,-89.0664,-0.68,Alto,Perdida,1,2017,8,3,8635,United States,19140,FUR-BO-10001798,1,0.97,Alto
US-2014-141215,2014-06-15,2014-06-21,6,Standard Class,KL-16555,Kelly Lampkin,Corporate,Central,Texas,San Antonio,Furniture,Chairs,Global Commerce Series High-Back Swivel/Tilt Chairs,797.944,4,0.3,-56.996,-0.0714285714285714,Medio,Perdida,1,2014,6,2,917,United States,78207,FUR-CH-10003379,1,0.97,Alto
CA-2017-105991,2017-05-05,2017-05-06,1,First Class,LH-17020,Lisa Hazard,Consumer,West,Colorado,Louisville,Furniture,Bookcases,Bestar Classic Bookcase,89.991,3,0.7,-152.9847,-1.7,Alto,Perdida,1,2017,5,2,5288,United States,80027,FUR-BO-10004467,1,0.97,Alto
CA-2016-117590,2016-12-08,2016-12-10,2,First Class,GH-14485,Gene Hale,Corporate,Central,Texas,Richardson,Furniture,Furnishings,"Electrix Architect's Clamp-On Swing Arm Lamp, Black",190.92,5,0.6,-147.963,-0.775,Alto,Perdida,1,2016,12,4,37,United States,75080,FUR-FU-10003664,1,0.97,Alto
US-2016-117037,2016-05-17,2016-05-20,3,First Class,LW-17215,Luke Weiss,Consumer,Central,Illinois,Chicago,Furniture,Furnishings,Flat Face Poster Frame,22.608,3,0.6,-10.1736,-0.45,Alto,Perdida,1,2016,5,2,7789,United States,60653,FUR-FU-10004973,1,0.97,Alto
CA-2017-161340,2017-05-28,2017-06-01,4,Standard Class,AM-10360,Alice McCarthy,Corporate,East,Ohio,Cleveland,Furniture,Bookcases,"Bush Westfield Collection Bookcases, Medium Cherry Finish",115.96,4,0.5,-64.9376,-0.56,Alto,Perdida,1,2017,5,2,9296,United States,44105,FUR-BO-10004709,1,0.97,Alto
CA-2016-130820,2016-11-15,2016-11-15,0,Same Day,ON-18715,Odella Nelson,Corporate,South,North Carolina,Burlington,Furniture,Tables,Hon Racetrack Conference Tables,630.024,4,0.4,-199.5076,-0.3166666666666666,Alto,Perdida,1,2016,11,4,8411,United States,27217,FUR-TA-10001768,1,0.97,Alto
US-2016-105452,2016-07-28,2016-08-01,4,Standard Class,BF-11005,Barry Franz,Home Office,Central,Texas,Pasadena,Furniture,Furnishings,"Eldon Image Series Desk Accessories, Ebony",24.7,5,0.6,-9.88,-0.4,Alto,Perdida,1,2016,7,3,9592,United States,77506,FUR-FU-10003691,1,0.97,Alto
CA-2014-108609,2014-10-31,2014-11-02,2,Second Class,AJ-10780,Anthony Jacobs,Corporate,East,Ohio,Lorain,Furniture,Tables,Hon 94000 Series Round Tables,1421.664,8,0.4,-734.5264,-0.5166666666666666,Alto,Perdida,1,2014,10,4,6640,United States,44052,FUR-TA-10003954,1,0.97,Alto
US-2014-123519,2014-12-14,2014-12-21,7,Standard Class,SS-20875,Sung Shariari,Consumer,East,Ohio,Marion,Furniture,Tables,Hon Rectangular Conference Tables,136.53,1,0.4,-52.3365,-0.3833333333333333,Alto,Perdida,1,2014,12,4,5704,United States,43302,FUR-TA-10002645,1,0.97,Alto
US-2016-152051,2016-06-25,2016-06-29,4,Standard Class,TS-21160,Theresa Swint,Corporate,East,Pennsylvania,York,Furniture,Chairs,"Global Leather Highback Executive Chair with Pneumatic Height Adjustment, Black",422.058,3,0.3,-18.0882,-0.0428571428571428,Medio,Perdida,1,2016,6,2,2146,United States,17403,FUR-CH-10002965,1,0.97,Alto
CA-2014-143903,2014-07-20,2014-07-24,4,Standard Class,KM-16375,Katherine Murray,Home Office,Central,Texas,Dallas,Furniture,Chairs,HON 5400 Series Task Chairs for Big and Tall,981.372,2,0.3,-140.196,-0.1428571428571428,Medio,Perdida,1,2014,7,3,3078,United States,75217,FUR-CH-10002024,1,0.97,Alto
US-2014-115189,2014-12-30,2015-01-03,4,Second Class,AR-10345,Alex Russell,Corporate,East,Pennsylvania,Philadelphia,Furniture,Tables,Hon 5100 Series Wood Tables,523.764,3,0.4,-192.0468,-0.3666666666666666,Alto,Perdida,1,2014,12,4,7360,United States,19143,FUR-TA-10004575,1,0.97,Alto
CA-2017-164168,2017-11-12,2017-11-18,6,Standard Class,LS-16975,Lindsay Shagiari,Home Office,Central,Texas,Dallas,Furniture,Furnishings,"Eldon Expressions Desk Accessory, Wood Photo Frame, Mahogany",22.848,3,0.6,-17.7072,-0.775,Alto,Perdida,1,2017,11,4,3140,United States,75081,FUR-FU-10001756,1,0.9666666666666667,Alto
CA-2017-161557,2017-09-03,2017-09-08,5,Standard Class,AG-10900,Arthur Gainer,Consumer,Central,Texas,Dallas,Furniture,Furnishings,Eldon Advantage Foldable Chair Mats for Low Pile Carpets,108.4,5,0.6,-105.69,-0.975,Alto,Perdida,1,2017,9,3,6351,United States,75217,FUR-FU-10004622,1,0.9666666666666667,Alto
US-2014-122021,2014-10-15,2014-10-17,2,First Class,AC-10660,Anna Chung,Consumer,East,Ohio,Parma,Furniture,Chairs,Global Italian Leather Office Chair,183.372,2,0.3,-7.8588,-0.0428571428571428,Medio,Perdida,1,2014,10,4,4898,United States,44134,FUR-CH-10003761,1,0.9666666666666667,Alto
US-2017-102890,2017-06-30,2017-06-30,0,Same Day,SG-20470,Sheri Gordon,Consumer,East,New York,New York City,Furniture,Tables,Bretford CR4500 Series Slim Rectangular Table,1044.63,5,0.4,-295.9785,-0.2833333333333333,Alto,Perdida,1,2017,6,2,1563,United States,10011,FUR-TA-10000577,1,0.9666666666666667,Alto
US-2017-106663,2017-06-09,2017-06-13,4,Standard Class,MO-17800,Meg O'Connel,Home Office,Central,Illinois,Chicago,Furniture,Furnishings,12-1/2 Diameter Round Wall Clock,23.976,3,0.6,-14.3856,-0.6,Alto,Perdida,1,2017,6,2,670,United States,60653,FUR-FU-10002759,1,0.9666666666666667,Alto
US-2017-119438,2017-03-18,2017-03-23,5,Standard Class,CD-11980,Carol Darley,Consumer,Central,Texas,Tyler,Furniture,Furnishings,"Howard Miller 13-1/2"" Diameter Rosebrook Wall Clock",82.524,3,0.6,-41.262,-0.5,Alto,Perdida,1,2017,3,1,679,United States,75701,FUR-FU-10003553,1,0.9666666666666667,Alto
CA-2017-120061,2017-11-02,2017-11-07,5,Second Class,SR-20425,Sharelle Roach,Home Office,East,Ohio,Springfield,Furniture,Chairs,Office Star Flex Back Scooter Chair with White Frame,155.372,2,0.3,-35.5136,-0.2285714285714285,Medio,Perdida,1,2017,11,4,8399,United States,45503,FUR-CH-10001973,1,0.9666666666666667,Alto
US-2016-120460,2016-04-30,2016-05-05,5,Standard Class,BF-11170,Ben Ferrer,Home Office,Central,Texas,Dallas,Furniture,Furnishings,Flat Face Poster Frame,22.608,3,0.6,-10.1736,-0.45,Alto,Perdida,1,2016,4,2,2155,United States,75081,FUR-FU-10004973,1,0.9666666666666667,Alto
CA-2014-105417,2014-01-07,2014-01-12,5,Standard Class,VS-21820,Vivek Sundaresam,Consumer,Central,Texas,Huntsville,Furniture,Furnishings,"Howard Miller 14-1/2"" Diameter Chrome Round Wall Clock",76.728,3,0.6,-53.7096,-0.7000000000000001,Alto,Perdida,1,2014,1,1,7661,United States,77340,FUR-FU-10004864,1,0.9666666666666667,Alto
CA-2015-122623,2015-09-07,2015-09-11,4,Standard Class,CC-12145,Charles Crestani,Consumer,Central,Texas,El Paso,Furniture,Chairs,"Metal Folding Chairs, Beige, 4/Carton",47.516,2,0.3,-2.0364,-0.0428571428571428,Medio,Perdida,1,2015,9,3,2806,United States,79907,FUR-CH-10000553,1,0.9666666666666667,Alto
CA-2014-113880,2014-03-01,2014-03-05,4,Standard Class,VF-21715,Vicky Freymann,Home Office,Central,Illinois,Elmhurst,Furniture,Chairs,Novimex Swivel Fabric Task Chair,634.116,6,0.3,-172.1172,-0.2714285714285714,Medio,Perdida,1,2014,3,1,6548,United States,60126,FUR-CH-10000863,1,0.9666666666666667,Alto
US-2016-134488,2016-09-24,2016-10-01,7,Standard Class,PK-19075,Pete Kriz,Consumer,East,Ohio,Columbus,Furniture,Chairs,Office Star - Contemporary Task Swivel Chair,155.372,2,0.3,-13.3176,-0.0857142857142857,Medio,Perdida,1,2016,9,3,1314,United States,43229,FUR-CH-10003199,1,0.9666666666666667,Alto
CA-2015-105690,2015-11-21,2015-11-26,5,Second Class,CA-11965,Carol Adams,Corporate,Central,Texas,Port Arthur,Furniture,Bookcases,O'Sullivan Manor Hill 2-Door Library in Brianna Oak,246.1328,2,0.32,-76.0116,-0.3088235294117647,Alto,Perdida,1,2015,11,4,4285,United States,77642,FUR-BO-10003965,1,0.9666666666666667,Alto
CA-2015-168088,2015-03-19,2015-03-22,3,First Class,CM-12655,Corinna Mitchell,Home Office,Central,Texas,Houston,Furniture,Bookcases,"Bush Heritage Pine Collection 5-Shelf Bookcase, Albany Pine Finish, *Special Order",383.4656,4,0.32,-67.6704,-0.1764705882352941,Alto,Perdida,1,2015,3,1,9963,United States,77041,FUR-BO-10004218,1,0.9666666666666667,Alto
CA-2016-159940,2016-07-07,2016-07-11,4,Second Class,BF-11020,Barry Franzsisch,Corporate,Central,Illinois,Aurora,Furniture,Chairs,Global Ergonomic Managers Chair,253.372,2,0.3,-14.4784,-0.0571428571428571,Medio,Perdida,1,2016,7,3,2375,United States,60505,FUR-CH-10000785,1,0.9666666666666667,Alto
CA-2017-156895,2017-05-08,2017-05-12,4,Standard Class,DJ-13510,Don Jones,Corporate,East,Pennsylvania,Philadelphia,Furniture,Chairs,"Global Armless Task Chair, Royal Blue",128.058,3,0.3,-23.7822,-0.1857142857142857,Medio,Perdida,1,2017,5,2,4471,United States,19140,FUR-CH-10003535,1,0.9666666666666667,Alto
CA-2017-157966,2017-03-13,2017-03-13,0,Same Day,SU-20665,Stephanie Ulpright,Home Office,Central,Illinois,Chicago,Furniture,Chairs,SAFCO Folding Chair Trolley,89.768,1,0.3,-2.5648,-0.0285714285714285,Medio,Perdida,1,2017,3,1,5568,United States,60610,FUR-CH-10003606,1,0.9666666666666667,Alto
CA-2014-131009,2014-03-01,2014-03-05,4,Standard Class,SC-20380,Shahid Collister,Consumer,Central,Texas,El Paso,Furniture,Chairs,Harbour Creations Steel Folding Chair,362.25,6,0.3,0.0,0.0,Medio,Perdida,1,2014,3,1,7949,United States,79907,FUR-CH-10001270,1,0.9633333333333334,Alto
CA-2014-131009,2014-03-01,2014-03-05,4,Standard Class,SC-20380,Shahid Collister,Consumer,Central,Texas,El Paso,Furniture,Furnishings,DAX Black Cherry Wood-Tone Poster Frame,63.552,6,0.6,-34.9536,-0.55,Alto,Perdida,1,2014,3,1,7950,United States,79907,FUR-FU-10001095,1,0.9633333333333334,Alto
CA-2016-134180,2016-11-03,2016-11-07,4,Standard Class,JP-16135,Julie Prescott,Home Office,East,Pennsylvania,Philadelphia,Furniture,Chairs,Bevis Steel Folding Chairs,470.155,7,0.3,-13.433,-0.0285714285714285,Medio,Perdida,1,2016,11,4,8968,United States,19120,FUR-CH-10004886,1,0.9633333333333334,Alto
US-2016-105452,2016-07-28,2016-08-01,4,Standard Class,BF-11005,Barry Franz,Home Office,Central,Texas,Pasadena,Furniture,Furnishings,"Tenex Chairmat w/ Average Lip, 45"" x 53""",302.72,5,0.6,-378.4,-1.2499999999999998,Alto,Perdida,1,2016,7,3,9593,United States,77506,FUR-FU-10003806,1,0.9633333333333334,Alto
US-2014-152030,2014-12-26,2014-12-28,2,Second Class,AD-10180,Alan Dominguez,Home Office,Central,Texas,Houston,Furniture,Chairs,Global Deluxe High-Back Manager's Chair,600.558,3,0.3,-8.5794,-0.0142857142857142,Medio,Perdida,1,2014,12,4,125,United States,77041,FUR-CH-10004063,1,0.9633333333333334,Alto
CA-2015-128125,2015-03-31,2015-04-05,5,Standard Class,EB-13705,Ed Braxton,Corporate,Central,Texas,Houston,Furniture,Furnishings,3M Polarizing Light Filter Sleeves,22.38,3,0.6,-7.833,-0.35,Alto,Perdida,1,2015,3,1,6809,United States,77095,FUR-FU-10001085,1,0.9633333333333334,Alto
CA-2015-154823,2015-08-21,2015-08-25,4,Standard Class,KN-16390,Katherine Nockton,Corporate,East,Ohio,Springfield,Furniture,Chairs,Global Commerce Series High-Back Swivel/Tilt Chairs,598.458,3,0.3,-42.747,-0.0714285714285714,Medio,Perdida,1,2015,8,3,7009,United States,45503,FUR-CH-10003379,1,0.9633333333333334,Alto
US-2014-143721,2014-11-23,2014-11-26,3,Second Class,DK-12835,Damala Kotsonis,Corporate,Central,Texas,Houston,Furniture,Chairs,Office Star Flex Back Scooter Chair with White Frame,155.372,2,0.3,-35.5136,-0.2285714285714285,Medio,Perdida,1,2014,11,4,7266,United States,77095,FUR-CH-10001973,1,0.9633333333333334,Alto
CA-2016-116799,2016-03-03,2016-03-06,3,First Class,JG-15310,Jason Gross,Corporate,Central,Texas,Odessa,Furniture,Chairs,Office Star - Mid Back Dual function Ergonomic High Back Chair with 2-Way Adjustable Arms,563.43,5,0.3,-56.343,-0.1,Medio,Perdida,1,2016,3,1,3757,United States,79762,FUR-CH-10004983,1,0.9633333333333334,Alto
CA-2015-154284,2015-12-21,2015-12-26,5,Second Class,SZ-20035,Sam Zeldin,Home Office,Central,Illinois,Saint Charles,Furniture,Furnishings,"Howard Miller 11-1/2"" Diameter Grantwood Wall Clock",51.756,3,0.6,-33.6414,-0.6499999999999999,Alto,Perdida,1,2015,12,4,8286,United States,60174,FUR-FU-10003039,1,0.9633333333333334,Alto
US-2014-159618,2014-11-12,2014-11-16,4,Standard Class,DB-12970,Darren Budd,Corporate,Central,Texas,Houston,Furniture,Bookcases,Bestar Classic Bookcase,67.9932,1,0.32,-12.9987,-0.1911764705882352,Alto,Perdida,1,2014,11,4,5555,United States,77036,FUR-BO-10004467,1,0.9633333333333334,Alto
CA-2016-169922,2016-06-11,2016-06-17,6,Standard Class,MZ-17515,Mary Zewe,Corporate,Central,Texas,Arlington,Furniture,Furnishings,"Stacking Tray, Side-Loading, Legal, Smoke",12.544,7,0.6,-9.0944,-0.725,Alto,Perdida,1,2016,6,2,2430,United States,76017,FUR-FU-10004415,1,0.9633333333333334,Alto
US-2015-125374,2015-03-23,2015-03-29,6,Standard Class,JD-16060,Julia Dunbar,Consumer,Central,Texas,Houston,Furniture,Chairs,Global Deluxe Steno Chair,107.772,2,0.3,-29.2524,-0.2714285714285714,Medio,Perdida,1,2015,3,1,1061,United States,77095,FUR-CH-10003396,1,0.9633333333333334,Alto
CA-2017-160122,2017-11-18,2017-11-23,5,Standard Class,RD-19930,Russell D'Ascenzo,Consumer,Central,Illinois,Chicago,Furniture,Chairs,Global Highback Leather Tilter in Burgundy,127.386,2,0.3,-25.4772,-0.2,Medio,Perdida,1,2017,11,4,8111,United States,60623,FUR-CH-10000422,1,0.9633333333333334,Alto
CA-2017-130505,2017-10-12,2017-10-12,0,Same Day,NF-18385,Natalie Fritzler,Consumer,East,West Virginia,Wheeling,Furniture,Tables,"Chromcraft 48"" x 96"" Racetrack Double Pedestal Table",673.344,3,0.3,-76.9536,-0.1142857142857142,Medio,Perdida,1,2017,10,4,9487,United States,26003,FUR-TA-10001932,1,0.9633333333333334,Alto
US-2014-150434,2014-07-19,2014-07-24,5,Standard Class,CA-12310,Christine Abelman,Corporate,East,Connecticut,Bristol,Furniture,Tables,"Barricks 18"" x 48"" Non-Folding Utility Table with Bottom Storage Shelf",70.56,1,0.3,-4.032,-0.0571428571428571,Medio,Perdida,1,2014,7,3,3355,United States,6010,FUR-TA-10004152,1,0.9633333333333334,Alto
CA-2016-158806,2016-01-07,2016-01-11,4,Standard Class,NM-18520,Neoma Murray,Consumer,Central,Texas,Amarillo,Furniture,Furnishings,"Executive Impressions 13"" Clairmont Wall Clock",23.076,3,0.6,-10.9611,-0.475,Alto,Perdida,1,2016,1,1,8031,United States,79109,FUR-FU-10004270,1,0.9633333333333334,Alto
CA-2017-133102,2017-08-17,2017-08-24,7,Standard Class,ED-13885,Emily Ducich,Home Office,Central,Texas,Houston,Furniture,Furnishings,36X48 HARDFLOOR CHAIRMAT,16.784,2,0.6,-22.2388,-1.3250000000000002,Alto,Perdida,1,2017,8,3,7188,United States,77095,FUR-FU-10003247,1,0.9633333333333334,Alto
CA-2017-163265,2017-02-16,2017-02-21,5,Standard Class,JS-16030,Joy Smith,Consumer,Central,Illinois,Decatur,Furniture,Furnishings,"Executive Impressions 13"" Clairmont Wall Clock",7.692,1,0.6,-3.6537,-0.475,Alto,Perdida,1,2017,2,1,8677,United States,62521,FUR-FU-10004270,1,0.9633333333333334,Alto
CA-2015-117415,2015-12-27,2015-12-31,4,Standard Class,SN-20710,Steve Nguyen,Home Office,Central,Texas,Houston,Furniture,Bookcases,"Atlantic Metals Mobile 3-Shelf Bookcases, Custom Colors",532.3992,3,0.32,-46.9764,-0.088235294117647,Alto,Perdida,1,2015,12,4,39,United States,77041,FUR-BO-10002545,1,0.9633333333333334,Alto
US-2014-141215,2014-06-15,2014-06-21,6,Standard Class,KL-16555,Kelly Lampkin,Corporate,Central,Texas,San Antonio,Furniture,Tables,"Lesro Sheffield Collection Coffee Table, End Table, Center Table, Corner Table",99.918,2,0.3,-18.5562,-0.1857142857142857,Medio,Perdida,1,2014,6,2,916,United States,78207,FUR-TA-10001520,1,0.9633333333333334,Alto
CA-2017-166849,2017-04-20,2017-04-26,6,Standard Class,SJ-20125,Sanjit Jacobs,Home Office,Central,Illinois,Chicago,Furniture,Furnishings,Eldon Cleatmat Chair Mats for Medium Pile Carpets,44.4,2,0.6,-52.17,-1.175,Alto,Perdida,1,2017,4,2,2239,United States,60610,FUR-FU-10004597,1,0.9633333333333334,Alto
CA-2014-162089,2014-03-30,2014-04-01,2,First Class,MP-17470,Mark Packer,Home Office,Central,Texas,Brownsville,Furniture,Chairs,"Global Stack Chair without Arms, Black",127.302,7,0.3,-9.093,-0.0714285714285714,Medio,Perdida,1,2014,3,1,7632,United States,78521,FUR-CH-10002304,1,0.9633333333333334,Alto
US-2014-102631,2014-12-13,2014-12-17,4,Standard Class,EB-13840,Ellis Ballard,Corporate,Central,Illinois,Chicago,Furniture,Furnishings,Howard Miller 12-3/4 Diameter Accuwave DS  Wall Clock,94.428,3,0.6,-42.4926,-0.45,Alto,Perdida,1,2014,12,4,4226,United States,60623,FUR-FU-10003930,1,0.96,Alto
CA-2015-104346,2015-12-11,2015-12-16,5,Standard Class,IM-15070,Irene Maddox,Consumer,West,Colorado,Colorado Springs,Furniture,Bookcases,"Bush Westfield Collection Bookcases, Dark Cherry Finish",69.576,4,0.7,-143.7904,-2.066666666666667,Alto,Perdida,1,2015,12,4,4786,United States,80906,FUR-BO-10003450,1,0.96,Alto
US-2017-169551,2017-07-07,2017-07-09,2,First Class,RL-19615,Rob Lucas,Consumer,East,Pennsylvania,Philadelphia,Furniture,Bookcases,O'Sullivan 3-Shelf Heavy-Duty Bookcases,87.21,3,0.5,-45.3492,-0.5200000000000001,Alto,Perdida,1,2017,7,3,5930,United States,19120,FUR-BO-10001519,1,0.96,Alto
CA-2015-101889,2015-12-27,2015-12-31,4,Standard Class,DB-13120,David Bremer,Corporate,East,Ohio,Marion,Furniture,Tables,"Riverside Furniture Oval Coffee Table, Oval End Table, End Table with Drawer",1548.99,9,0.4,-464.697,-0.3,Alto,Perdida,1,2015,12,4,7650,United States,43302,FUR-TA-10004154,1,0.96,Alto
CA-2017-154039,2017-02-17,2017-02-22,5,Standard Class,JK-16120,Julie Kriz,Home Office,Central,Illinois,Chicago,Furniture,Tables,"Chromcraft 48"" x 96"" Racetrack Double Pedestal Table",480.96,3,0.5,-269.3376,-0.56,Alto,Perdida,1,2017,2,1,3860,United States,60653,FUR-TA-10001932,1,0.96,Alto
CA-2016-159373,2016-03-13,2016-03-18,5,Standard Class,LT-17110,Liz Thompson,Consumer,Central,Texas,San Antonio,Furniture,Tables,Hon Non-Folding Utility Tables,557.585,5,0.3,0.0,0.0,Medio,Perdida,1,2016,3,1,2348,United States,78207,FUR-TA-10004619,1,0.96,Alto
US-2016-156097,2016-09-19,2016-09-19,0,Same Day,EH-14125,Eugene Hildebrand,Home Office,Central,Illinois,Aurora,Furniture,Chairs,Global Troy Executive Leather Low-Back Tilter,701.372,2,0.3,-50.098,-0.0714285714285714,Medio,Perdida,1,2016,9,3,658,United States,60505,FUR-CH-10001215,1,0.96,Alto
CA-2015-146563,2015-08-24,2015-08-28,4,Standard Class,CB-12025,Cassandra Brandow,Consumer,Central,Texas,Arlington,Furniture,Tables,Hon Racetrack Conference Tables,918.785,5,0.3,-118.1295,-0.1285714285714285,Medio,Perdida,1,2015,8,3,662,United States,76017,FUR-TA-10001768,1,0.96,Alto
CA-2016-124590,2016-11-12,2016-11-16,4,Standard Class,SP-20920,Susan Pistek,Consumer,East,Ohio,Parma,Furniture,Chairs,"Hon Deluxe Fabric Upholstered Stacking Chairs, Rounded Back",1537.074,9,0.3,0.0,0.0,Medio,Perdida,1,2016,11,4,6114,United States,44134,FUR-CH-10000454,1,0.96,Alto
CA-2017-105669,2017-09-17,2017-09-22,5,Second Class,SJ-20125,Sanjit Jacobs,Home Office,Central,Texas,Houston,Furniture,Chairs,"Global Wood Trimmed Manager's Task Chair, Khaki",318.43,5,0.3,-77.333,-0.2428571428571428,Medio,Perdida,1,2017,9,3,7451,United States,77036,FUR-CH-10003774,1,0.96,Alto
CA-2014-137274,2014-03-29,2014-04-02,4,Standard Class,MG-18145,Mike Gockenbach,Consumer,Central,Texas,Plano,Furniture,Tables,Bush Advantage Collection Racetrack Conference Table,890.841,3,0.3,-152.7156,-0.1714285714285714,Medio,Perdida,1,2014,3,1,7306,United States,75023,FUR-TA-10001889,1,0.96,Alto
CA-2017-122539,2017-12-01,2017-12-05,4,Standard Class,SC-20305,Sean Christensen,Consumer,East,Pennsylvania,Philadelphia,Furniture,Chairs,Global Commerce Series High-Back Swivel/Tilt Chairs,398.972,2,0.3,-28.498,-0.0714285714285714,Medio,Perdida,1,2017,12,4,9280,United States,19140,FUR-CH-10003379,1,0.96,Alto
CA-2015-166219,2015-08-28,2015-09-01,4,Standard Class,BP-11185,Ben Peterman,Corporate,Central,Texas,Dallas,Furniture,Tables,Hon 2111 Invitation Series Straight Table,103.481,1,0.3,-16.2613,-0.1571428571428571,Medio,Perdida,1,2015,8,3,9431,United States,75081,FUR-TA-10004607,1,0.96,Alto
US-2014-127978,2014-03-03,2014-03-08,5,Standard Class,JS-15595,Jill Stevenson,Corporate,East,Ohio,Columbus,Furniture,Bookcases,O'Sullivan 4-Shelf Bookcase in Odessa Pine,302.45,5,0.5,-199.617,-0.66,Alto,Perdida,1,2014,3,1,7248,United States,43229,FUR-BO-10001972,1,0.96,Alto
CA-2016-130393,2016-12-01,2016-12-03,2,Second Class,JM-15865,John Murray,Consumer,Central,Texas,San Angelo,Furniture,Chairs,"Global Push Button Manager's Chair, Indigo",85.246,2,0.3,-1.2178,-0.0142857142857142,Medio,Perdida,1,2016,12,4,8114,United States,76903,FUR-CH-10004477,1,0.96,Alto
CA-2017-119284,2017-06-15,2017-06-20,5,Standard Class,TS-21205,Thomas Seio,Corporate,South,Tennessee,Nashville,Furniture,Tables,"Barricks 18"" x 48"" Non-Folding Utility Table with Bottom Storage Shelf",120.96,2,0.4,-28.224,-0.2333333333333333,Alto,Perdida,1,2017,6,2,8699,United States,37211,FUR-TA-10004152,1,0.96,Alto
CA-2016-152289,2016-08-26,2016-08-28,2,First Class,LC-16930,Linda Cazamias,Corporate,Central,Texas,Pasadena,Furniture,Chairs,Hon Deluxe Fabric Upholstered Stacking Chairs,1024.716,6,0.3,-29.2776,-0.0285714285714285,Medio,Perdida,1,2016,8,3,1464,United States,77506,FUR-CH-10002126,1,0.96,Alto
US-2014-165589,2014-02-18,2014-02-18,0,Same Day,TB-21595,Troy Blackwell,Consumer,Central,Texas,Lubbock,Furniture,Furnishings,"DAX Copper Panel Document Frame, 5 x 7 Size",25.16,5,0.6,-11.322,-0.4499999999999999,Alto,Perdida,1,2014,2,1,6082,United States,79424,FUR-FU-10002396,1,0.96,Alto
CA-2017-167549,2017-07-25,2017-07-27,2,First Class,EM-14200,Evan Minnotte,Home Office,Central,Texas,Dallas,Furniture,Tables,Safco Drafting Table,298.116,6,0.3,-4.2588,-0.0142857142857142,Medio,Perdida,1,2017,7,3,7930,United States,75217,FUR-TA-10004767,1,0.96,Alto
CA-2016-119186,2016-05-26,2016-05-26,0,Same Day,MS-17710,Maurice Satty,Consumer,Central,Texas,Fort Worth,Furniture,Chairs,Office Star Flex Back Scooter Chair with White Frame,388.43,5,0.3,-88.784,-0.2285714285714286,Medio,Perdida,1,2016,5,2,1275,United States,76106,FUR-CH-10001973,1,0.96,Alto
CA-2015-131338,2015-08-09,2015-08-12,3,First Class,NP-18325,Naresj Patel,Consumer,East,New York,New York City,Furniture,Tables,KI Conference Tables,382.806,9,0.4,-153.1224,-0.4,Alto,Perdida,1,2015,8,3,1581,United States,10024,FUR-TA-10002607,1,0.96,Alto
CA-2016-102813,2016-07-02,2016-07-03,1,First Class,EA-14035,Erin Ashbrook,Corporate,Central,Texas,Huntsville,Furniture,Chairs,"Global Airflow Leather Mesh Back Chair, Black",528.43,5,0.3,0.0,0.0,Medio,Perdida,1,2016,7,3,8777,United States,77340,FUR-CH-10000665,1,0.9566666666666667,Alto
US-2016-161844,2016-12-09,2016-12-14,5,Second Class,DK-12835,Damala Kotsonis,Corporate,South,Tennessee,Franklin,Furniture,Tables,Hon 61000 Series Interactive Training Tables,79.974,3,0.4,-29.3238,-0.3666666666666666,Alto,Perdida,1,2016,12,4,3258,United States,37064,FUR-TA-10001676,1,0.9566666666666667,Alto
CA-2015-133585,2015-03-01,2015-03-04,3,First Class,CM-12715,Craig Molinari,Corporate,Central,Texas,Houston,Furniture,Bookcases,"Atlantic Metals Mobile 5-Shelf Bookcases, Custom Colors",1227.9984,6,0.32,-36.1176,-0.0294117647058823,Alto,Perdida,1,2015,3,1,8782,United States,77070,FUR-BO-10001811,1,0.9566666666666667,Alto
CA-2017-128944,2017-06-19,2017-06-21,2,Second Class,KH-16330,Katharine Harms,Corporate,East,Ohio,Newark,Furniture,Chairs,Global Ergonomic Managers Chair,760.116,6,0.3,-43.4352,-0.0571428571428571,Medio,Perdida,1,2017,6,2,7105,United States,43055,FUR-CH-10000785,1,0.9566666666666667,Alto
US-2016-148110,2016-09-05,2016-09-11,6,Standard Class,AR-10825,Anthony Rawles,Corporate,Central,Texas,Austin,Furniture,Chairs,"Situations Contoured Folding Chairs, 4/Set",347.802,7,0.3,-24.843,-0.0714285714285714,Medio,Perdida,1,2016,9,3,3145,United States,78745,FUR-CH-10002647,1,0.9566666666666667,Alto
US-2015-134558,2015-12-19,2015-12-24,5,Second Class,PM-19135,Peter McVee,Home Office,East,New Hampshire,Dover,Furniture,Tables,Bretford Rectangular Conference Table Tops,1053.164,4,0.3,-105.3164,-0.1,Medio,Perdida,1,2015,12,4,7489,United States,3820,FUR-TA-10003473,1,0.9566666666666667,Alto
CA-2014-129938,2014-12-15,2014-12-17,2,Second Class,EB-13705,Ed Braxton,Corporate,East,Pennsylvania,Philadelphia,Furniture,Chairs,"Global Wood Trimmed Manager's Task Chair, Khaki",445.802,7,0.3,-108.2662,-0.2428571428571428,Medio,Perdida,1,2014,12,4,7484,United States,19140,FUR-CH-10003774,1,0.9566666666666667,Alto
US-2015-108966,2015-10-11,2015-10-18,7,Standard Class,SO-20335,Sean O'Donnell,Consumer,South,Florida,Fort Lauderdale,Furniture,Tables,Bretford CR4500 Series Slim Rectangular Table,957.5775,5,0.45,-383.031,-0.4,Alto,Perdida,1,2015,10,4,4,United States,33311,FUR-TA-10000577,1,0.9566666666666667,Alto
CA-2015-104129,2015-02-27,2015-03-02,3,Standard Class,ES-14080,Erin Smith,Corporate,East,Rhode Island,Providence,Furniture,Tables,"Barricks 18"" x 48"" Non-Folding Utility Table with Bottom Storage Shelf",493.92,7,0.3,-28.224,-0.0571428571428571,Medio,Perdida,1,2015,2,1,4541,United States,2908,FUR-TA-10004152,1,0.9566666666666667,Alto
CA-2017-166142,2017-07-15,2017-07-19,4,Standard Class,MM-17260,Magdelene Morse,Consumer,East,Delaware,Wilmington,Furniture,Tables,Hon 2111 Invitation Series Straight Table,310.443,3,0.3,-48.7839,-0.1571428571428571,Medio,Perdida,1,2017,7,3,2092,United States,19805,FUR-TA-10004607,1,0.9566666666666667,Alto
CA-2016-140746,2016-01-15,2016-01-15,0,Same Day,RC-19825,Roy Collins,Consumer,East,Connecticut,Fairfield,Furniture,Tables,"Bevis Round Bullnose 29"" High Table Top",181.797,1,0.3,-15.5826,-0.0857142857142857,Medio,Perdida,1,2016,1,1,3236,United States,6824,FUR-TA-10002903,1,0.9566666666666667,Alto
US-2017-106663,2017-06-09,2017-06-13,4,Standard Class,MO-17800,Meg O'Connel,Home Office,Central,Illinois,Chicago,Furniture,Tables,"Chromcraft Bull-Nose Wood Round Conference Table Top, Wood Base",108.925,1,0.5,-71.8905,-0.66,Alto,Perdida,1,2017,6,2,671,United States,60653,FUR-TA-10000688,1,0.9566666666666667,Alto
CA-2015-110891,2015-11-20,2015-11-24,4,Standard Class,PO-19195,Phillina Ober,Home Office,East,Pennsylvania,Philadelphia,Furniture,Chairs,"Global High-Back Leather Tilter, Burgundy",344.372,4,0.3,-93.4724,-0.2714285714285714,Medio,Perdida,1,2015,11,4,7917,United States,19140,FUR-CH-10002880,1,0.9566666666666667,Alto
CA-2016-121370,2016-11-14,2016-11-19,5,Second Class,EB-14110,Eugene Barchas,Consumer,East,Pennsylvania,Philadelphia,Furniture,Chairs,Global Ergonomic Managers Chair,380.058,3,0.3,-21.7176,-0.0571428571428571,Medio,Perdida,1,2016,11,4,4812,United States,19134,FUR-CH-10000785,1,0.9566666666666667,Alto
CA-2014-140858,2014-06-28,2014-07-02,4,Standard Class,CA-12775,Cynthia Arntzen,Consumer,East,Pennsylvania,Philadelphia,Furniture,Chairs,Global Leather Executive Chair,1228.465,5,0.3,0.0,0.0,Medio,Perdida,1,2014,6,2,820,United States,19140,FUR-CH-10001394,1,0.9566666666666667,Alto
CA-2016-101791,2016-05-27,2016-05-31,4,Standard Class,BS-11665,Brian Stugart,Consumer,Central,Illinois,Chicago,Furniture,Furnishings,36X48 HARDFLOOR CHAIRMAT,25.176,3,0.6,-33.3582,-1.325,Alto,Perdida,1,2016,5,2,7605,United States,60623,FUR-FU-10003247,1,0.9566666666666667,Alto
US-2015-165512,2015-05-24,2015-05-26,2,Second Class,VS-21820,Vivek Sundaresam,Consumer,Central,Illinois,Naperville,Furniture,Chairs,"Global High-Back Leather Tilter, Burgundy",602.651,7,0.3,-163.5767,-0.2714285714285714,Medio,Perdida,1,2015,5,2,6899,United States,60540,FUR-CH-10002880,1,0.9566666666666667,Alto
CA-2017-118773,2017-02-09,2017-02-14,5,Standard Class,TP-21415,Tom Prescott,Consumer,Central,Texas,Houston,Furniture,Furnishings,Stacking Trays by OIC,3.984,2,0.6,-2.6892,-0.675,Alto,Perdida,1,2017,2,1,3087,United States,77070,FUR-FU-10000550,1,0.9566666666666667,Alto
CA-2016-110772,2016-11-20,2016-11-24,4,Second Class,NZ-18565,Nick Zandusky,Home Office,East,Ohio,Columbus,Furniture,Bookcases,"Bush Westfield Collection Bookcases, Medium Cherry Finish",86.97,3,0.5,-48.7032,-0.56,Alto,Perdida,1,2016,11,4,293,United States,43229,FUR-BO-10004709,1,0.9533333333333334,Alto
US-2017-110576,2017-11-28,2017-12-02,4,Standard Class,RB-19795,Ross Baird,Home Office,East,Pennsylvania,Philadelphia,Furniture,Tables,"Riverside Furniture Oval Coffee Table, Oval End Table, End Table with Drawer",2065.32,12,0.4,-619.596,-0.3,Alto,Perdida,1,2017,11,4,950,United States,19120,FUR-TA-10004154,1,0.9533333333333334,Alto
CA-2015-136469,2015-07-11,2015-07-12,1,First Class,TS-21370,Todd Sumrall,Corporate,East,Delaware,Wilmington,Furniture,Tables,"Lesro Sheffield Collection Coffee Table, End Table, Center Table, Corner Table",199.836,4,0.3,-37.1124,-0.1857142857142857,Medio,Perdida,1,2015,7,3,5039,United States,19805,FUR-TA-10001520,1,0.9533333333333334,Alto
CA-2014-129189,2014-07-21,2014-07-25,4,Standard Class,HM-14860,Harry Marie,Corporate,Central,Texas,Dallas,Furniture,Chairs,Hon Every-Day Series Multi-Task Chairs,657.93,5,0.3,-93.99,-0.1428571428571428,Medio,Perdida,1,2014,7,3,8024,United States,75217,FUR-CH-10004997,1,0.9533333333333334,Alto
US-2015-140200,2015-07-26,2015-07-28,2,First Class,CA-12775,Cynthia Arntzen,Consumer,West,Arizona,Mesa,Furniture,Tables,Bevis Boat-Shaped Conference Table,393.165,3,0.5,-204.4458,-0.5199999999999999,Alto,Perdida,1,2015,7,3,947,United States,85204,FUR-TA-10002356,1,0.9533333333333334,Alto
CA-2014-145800,2014-05-30,2014-06-05,6,Standard Class,SS-20410,Shahid Shariari,Consumer,Central,Illinois,Buffalo Grove,Furniture,Tables,Chromcraft Rectangular Conference Tables,355.455,3,0.5,-184.8366,-0.52,Alto,Perdida,1,2014,5,2,5751,United States,60089,FUR-TA-10001539,1,0.9533333333333334,Alto
CA-2017-151750,2017-01-01,2017-01-05,4,Standard Class,JM-15250,Janet Martin,Consumer,Central,Texas,Huntsville,Furniture,Furnishings,"Tenex Carpeted, Granite-Look or Clear Contemporary Contour Shape Chair Mats",141.42,5,0.6,-187.3815,-1.325,Alto,Perdida,1,2017,1,1,8071,United States,77340,FUR-FU-10002116,1,0.9533333333333334,Alto
US-2016-141544,2016-08-30,2016-09-01,2,First Class,PO-18850,Patrick O'Brill,Consumer,East,Pennsylvania,Philadelphia,Furniture,Chairs,Hon 2090 ÒPillow SoftÓ Series Mid Back Swivel/Tilt Chairs,786.744,4,0.3,-258.5016,-0.3285714285714285,Medio,Perdida,1,2016,8,3,329,United States,19143,FUR-CH-10003312,1,0.9533333333333334,Alto
US-2017-137491,2017-11-19,2017-11-25,6,Standard Class,LC-16930,Linda Cazamias,Corporate,Central,Texas,San Angelo,Furniture,Chairs,"Lifetime Advantage Folding Chairs, 4/Carton",305.312,2,0.3,-8.7232,-0.0285714285714285,Medio,Perdida,1,2017,11,4,2172,United States,76903,FUR-CH-10004675,1,0.9533333333333334,Alto
CA-2014-103849,2014-05-11,2014-05-16,5,Standard Class,PG-18895,Paul Gonzalez,Consumer,Central,Texas,Fort Worth,Furniture,Furnishings,"Deflect-o EconoMat Studded, No Bevel Mat for Low Pile Carpeting",66.112,4,0.6,-84.2928,-1.275,Alto,Perdida,1,2014,5,2,546,United States,76106,FUR-FU-10000723,1,0.9533333333333334,Alto
US-2015-100531,2015-09-27,2015-09-29,2,First Class,NM-18520,Neoma Murray,Consumer,Central,Illinois,Chicago,Furniture,Furnishings,"DAX Metal Frame, Desktop, Stepped-Edge",24.288,3,0.6,-12.7512,-0.525,Alto,Perdida,1,2015,9,3,3437,United States,60610,FUR-FU-10003849,1,0.9533333333333334,Alto
US-2016-127334,2016-12-15,2016-12-21,6,Standard Class,MP-18175,Mike Pelletier,Home Office,West,Oregon,Springfield,Furniture,Tables,Bretford Rectangular Conference Table Tops,564.195,3,0.5,-304.6653,-0.5399999999999999,Alto,Perdida,1,2016,12,4,6647,United States,97477,FUR-TA-10003473,1,0.9533333333333334,Alto
CA-2014-159835,2014-11-17,2014-11-24,7,Standard Class,RB-19330,Randy Bradley,Consumer,East,Pennsylvania,Philadelphia,Furniture,Chairs,Hon Every-Day Series Multi-Task Chairs,657.93,5,0.3,-93.99,-0.1428571428571428,Medio,Perdida,1,2014,11,4,3603,United States,19143,FUR-CH-10004997,1,0.9533333333333334,Alto
US-2016-162852,2016-12-27,2016-12-31,4,Standard Class,BG-11695,Brooke Gillingham,Corporate,Central,Illinois,Woodstock,Furniture,Chairs,"Global Manager's Adjustable Task Chair, Storm",845.488,8,0.3,-12.0784,-0.0142857142857142,Medio,Perdida,1,2016,12,4,2845,United States,60098,FUR-CH-10004853,1,0.9533333333333334,Alto
US-2017-100930,2017-04-07,2017-04-12,5,Standard Class,CS-12400,Christopher Schild,Home Office,South,Florida,Tampa,Furniture,Tables,Bush Advantage Collection Round Conference Table,233.86,2,0.45,-102.048,-0.4363636363636363,Alto,Perdida,1,2017,4,2,232,United States,33614,FUR-TA-10001705,1,0.9533333333333334,Alto
CA-2014-127446,2014-11-25,2014-11-30,5,Standard Class,MC-17590,Matt Collister,Corporate,Central,Texas,Arlington,Furniture,Tables,Bretford CR4500 Series Slim Rectangular Table,1218.735,5,0.3,-121.8735,-0.1,Medio,Perdida,1,2014,11,4,2610,United States,76017,FUR-TA-10000577,1,0.9533333333333334,Alto
CA-2014-169775,2014-08-29,2014-09-02,4,Second Class,RA-19945,Ryan Akin,Consumer,South,Florida,Miami,Furniture,Tables,Balt Solid Wood Rectangular Table,174.0585,3,0.45,-110.7645,-0.6363636363636364,Alto,Perdida,1,2014,8,3,1900,United States,33178,FUR-TA-10001857,1,0.9533333333333334,Alto
CA-2017-111717,2017-10-10,2017-10-16,6,Standard Class,SW-20245,Scot Wooten,Consumer,Central,Illinois,Aurora,Furniture,Chairs,Hon Comfortask Task/Swivel Chairs,239.358,3,0.3,-47.8716,-0.2,Medio,Perdida,1,2017,10,4,8944,United States,60505,FUR-CH-10001545,1,0.9533333333333334,Alto
CA-2014-114181,2014-05-10,2014-05-14,4,Second Class,AF-10885,Art Foster,Consumer,East,Pennsylvania,Philadelphia,Furniture,Bookcases,Bestar Classic Bookcase,349.965,7,0.5,-216.9783,-0.62,Alto,Perdida,1,2014,5,2,7555,United States,19134,FUR-BO-10004467,1,0.95,Alto
CA-2015-133445,2015-10-05,2015-10-09,4,Standard Class,JF-15490,Jeremy Farry,Consumer,West,Oregon,Portland,Furniture,Bookcases,"Bush Cubix Collection Bookcases, Fully Assembled",66.294,1,0.7,-103.8606,-1.5666666666666669,Alto,Perdida,1,2015,10,4,6226,United States,97206,FUR-BO-10003660,1,0.95,Alto
CA-2017-139773,2017-12-04,2017-12-04,0,Same Day,DV-13045,Darrin Van Huff,Corporate,East,Pennsylvania,Philadelphia,Furniture,Chairs,"Safco Chair Connectors, 6/Carton",188.552,7,0.3,-2.6936,-0.0142857142857142,Medio,Perdida,1,2017,12,4,2977,United States,19143,FUR-CH-10001797,1,0.95,Alto
CA-2014-165764,2014-11-03,2014-11-07,4,Standard Class,SH-20395,Shahid Hopkins,Consumer,South,North Carolina,Jacksonville,Furniture,Tables,Hon Racetrack Conference Tables,945.036,6,0.4,-299.2614,-0.3166666666666666,Alto,Perdida,1,2014,11,4,6431,United States,28540,FUR-TA-10001768,1,0.95,Alto
US-2016-120929,2016-03-18,2016-03-21,3,Second Class,RO-19780,Rose O'Brian,Consumer,South,Tennessee,Memphis,Furniture,Tables,Balt Solid Wood Rectangular Table,189.882,3,0.4,-94.941,-0.5,Alto,Perdida,1,2016,3,1,495,United States,38109,FUR-TA-10001857,1,0.95,Alto
CA-2017-143378,2017-09-19,2017-09-25,6,Standard Class,JR-16210,Justin Ritter,Corporate,West,Oregon,Springfield,Furniture,Bookcases,O'Sullivan 4-Shelf Bookcase in Odessa Pine,72.588,2,0.7,-128.2388,-1.7666666666666668,Alto,Perdida,1,2017,9,3,6122,United States,97477,FUR-BO-10001972,1,0.95,Alto
CA-2016-168956,2016-02-16,2016-02-20,4,Standard Class,EA-14035,Erin Ashbrook,Corporate,Central,Illinois,Chicago,Furniture,Chairs,"Global Stack Chair with Arms, Black",62.958,3,0.3,-2.6982,-0.0428571428571428,Medio,Perdida,1,2016,2,1,1823,United States,60623,FUR-CH-10004754,1,0.95,Alto
CA-2016-124506,2016-11-11,2016-11-17,6,Standard Class,BB-11545,Brenda Bowman,Corporate,Central,Illinois,Chicago,Furniture,Chairs,Global Chrome Stack Chair,47.992,2,0.3,-2.0568,-0.0428571428571428,Medio,Perdida,1,2016,11,4,2515,United States,60623,FUR-CH-10004540,1,0.95,Alto
US-2017-132059,2017-09-23,2017-09-29,6,Standard Class,AP-10915,Arthur Prichep,Consumer,West,Colorado,Fort Collins,Furniture,Bookcases,"Atlantic Metals Mobile 5-Shelf Bookcases, Custom Colors",180.588,2,0.7,-240.784,-1.3333333333333333,Alto,Perdida,1,2017,9,3,3176,United States,80525,FUR-BO-10001811,1,0.95,Alto
CA-2014-152100,2014-05-11,2014-05-16,5,Standard Class,VW-21775,Victoria Wilson,Corporate,Central,Texas,Huntsville,Furniture,Chairs,Hon Multipurpose Stacking Arm Chairs,1212.96,8,0.3,-69.312,-0.0571428571428571,Medio,Perdida,1,2014,5,2,9429,United States,77340,FUR-CH-10000015,1,0.95,Alto
US-2016-122245,2016-09-25,2016-09-30,5,Standard Class,AB-10105,Adrian Barton,Consumer,West,Arizona,Phoenix,Furniture,Tables,Bevis Boat-Shaped Conference Table,393.165,3,0.5,-204.4458,-0.5199999999999999,Alto,Perdida,1,2016,9,3,1410,United States,85023,FUR-TA-10002356,1,0.9466666666666667,Alto
CA-2017-132290,2017-03-10,2017-03-14,4,Standard Class,MD-17350,Maribeth Dona,Consumer,Central,Texas,Dallas,Furniture,Tables,"Bevis Traditional Conference Table Top, Plinth Base",933.408,4,0.3,-173.3472,-0.1857142857142857,Medio,Perdida,1,2017,3,1,8413,United States,75217,FUR-TA-10002228,1,0.9466666666666667,Alto
CA-2017-117667,2017-12-04,2017-12-09,5,Standard Class,MS-17980,Michael Stewart,Corporate,East,Pennsylvania,Philadelphia,Furniture,Chairs,Global Chrome Stack Chair,239.96,10,0.3,-10.284,-0.0428571428571428,Medio,Perdida,1,2017,12,4,5518,United States,19134,FUR-CH-10004540,1,0.9466666666666667,Alto
CA-2017-147760,2017-11-04,2017-11-05,1,First Class,KL-16555,Kelly Lampkin,Corporate,South,North Carolina,Greensboro,Furniture,Tables,Hon 5100 Series Wood Tables,523.764,3,0.4,-192.0468,-0.3666666666666666,Alto,Perdida,1,2017,11,4,3799,United States,27405,FUR-TA-10004575,1,0.9466666666666667,Alto
CA-2016-118073,2016-08-12,2016-08-16,4,Standard Class,CS-12490,Cindy Schnelling,Corporate,South,Florida,Lakeland,Furniture,Tables,BPI Conference Tables,562.2925,7,0.45,-255.5875,-0.4545454545454545,Alto,Perdida,1,2016,8,3,8137,United States,33801,FUR-TA-10002533,1,0.9466666666666667,Alto
CA-2016-162236,2016-11-04,2016-11-06,2,Second Class,ER-13855,Elpida Rittenbach,Corporate,South,North Carolina,Charlotte,Furniture,Tables,BPI Conference Tables,876.3,10,0.4,-292.1,-0.3333333333333333,Alto,Perdida,1,2016,11,4,7784,United States,28205,FUR-TA-10002533,1,0.9466666666666667,Alto
CA-2017-162565,2017-12-11,2017-12-11,0,Same Day,RR-19315,Ralph Ritter,Consumer,Central,Illinois,Aurora,Furniture,Chairs,GuestStacker Chair with Chrome Finish Legs,520.464,2,0.3,-14.8704,-0.0285714285714285,Medio,Perdida,1,2017,12,4,4360,United States,60505,FUR-CH-10003973,1,0.9466666666666667,Alto
CA-2015-130183,2015-11-13,2015-11-17,4,Standard Class,PO-18850,Patrick O'Brill,Consumer,Central,Texas,Houston,Furniture,Bookcases,"Atlantic Metals Mobile 5-Shelf Bookcases, Custom Colors",613.9992,3,0.32,-18.0588,-0.0294117647058823,Alto,Perdida,1,2015,11,4,9692,United States,77041,FUR-BO-10001811,1,0.9466666666666667,Alto
US-2015-101399,2015-01-17,2015-01-24,7,Standard Class,JS-15940,Joni Sundaresam,Home Office,Central,Illinois,Park Ridge,Furniture,Furnishings,Eldon ClusterMat Chair Mat with Cordless Antistatic Protection,254.744,7,0.6,-312.0614,-1.225,Alto,Perdida,1,2015,1,1,468,United States,60068,FUR-FU-10002918,1,0.9466666666666667,Alto
CA-2014-145387,2014-10-31,2014-11-02,2,Second Class,AM-10705,Anne McFarland,Consumer,East,Rhode Island,Cranston,Furniture,Tables,"Chromcraft Bull-Nose Wood 48"" x 96"" Rectangular Conference Tables",385.686,1,0.3,-60.6078,-0.1571428571428571,Medio,Perdida,1,2014,10,4,4210,United States,2920,FUR-TA-10003238,1,0.9466666666666667,Alto
CA-2016-164770,2016-12-02,2016-12-04,2,Second Class,MY-18295,Muhammed Yedwab,Corporate,Central,Texas,Houston,Furniture,Bookcases,Sauder Camden County Collection Library,781.864,10,0.32,-137.976,-0.1764705882352941,Alto,Perdida,1,2016,12,4,9485,United States,77036,FUR-BO-10003893,1,0.9466666666666667,Alto
CA-2016-144645,2016-02-02,2016-02-08,6,Standard Class,NS-18640,Noel Staavos,Corporate,Central,Texas,Houston,Furniture,Furnishings,"Deflect-o RollaMat Studded, Beveled Mat for Medium Pile Carpeting",73.784,2,0.6,-77.4732,-1.05,Alto,Perdida,1,2016,2,1,8513,United States,77041,FUR-FU-10003601,1,0.9466666666666667,Alto
CA-2014-169684,2014-10-20,2014-10-23,3,First Class,FH-14365,Fred Hopkins,Corporate,South,Tennessee,Knoxville,Furniture,Tables,"Lesro Round Back Collection Coffee Table, End Table",328.59,3,0.4,-147.8655,-0.45,Alto,Perdida,1,2014,10,4,6537,United States,37918,FUR-TA-10003008,1,0.9433333333333334,Alto
CA-2014-146283,2014-09-08,2014-09-15,7,Standard Class,KT-16465,Kean Takahito,Consumer,Central,Texas,Houston,Furniture,Chairs,SAFCO Arco Folding Chair,966.7,5,0.3,-13.81,-0.0142857142857142,Medio,Perdida,1,2014,9,3,5291,United States,77036,FUR-CH-10004287,1,0.9433333333333334,Alto
US-2017-160759,2017-12-11,2017-12-17,6,Standard Class,AI-10855,Arianne Irving,Consumer,East,Pennsylvania,Philadelphia,Furniture,Chairs,"Leather Task Chair, Black",63.686,1,0.3,-9.098,-0.1428571428571428,Medio,Perdida,1,2017,12,4,1516,United States,19120,FUR-CH-10002961,1,0.9433333333333334,Alto
CA-2016-157749,2016-06-04,2016-06-09,5,Second Class,KL-16645,Ken Lonsdale,Consumer,Central,Illinois,Chicago,Furniture,Furnishings,Luxo Professional Fluorescent Magnifier Lamp with Clamp-Mount Base,419.68,5,0.6,-356.728,-0.85,Alto,Perdida,1,2016,6,2,239,United States,60610,FUR-FU-10000576,1,0.9433333333333334,Alto
CA-2016-157707,2016-10-10,2016-10-12,2,First Class,CC-12610,Corey Catlett,Corporate,West,Colorado,Denver,Furniture,Bookcases,"Bush Westfield Collection Bookcases, Dark Cherry Finish, Fully Assembled",90.882,3,0.7,-190.8522,-2.1,Alto,Perdida,1,2016,10,4,7968,United States,80219,FUR-BO-10001567,1,0.9433333333333334,Alto
CA-2017-163006,2017-06-30,2017-07-04,4,Second Class,GH-14410,Gary Hansen,Home Office,Central,Illinois,Chicago,Furniture,Chairs,Global Enterprise Series Seating High-Back Swivel/Tilt Chairs,569.058,3,0.3,-178.8468,-0.3142857142857143,Medio,Perdida,1,2017,6,2,5158,United States,60653,FUR-CH-10000229,1,0.9433333333333334,Alto
CA-2017-116946,2017-12-19,2017-12-23,4,Standard Class,TS-21505,Tony Sayre,Consumer,West,Colorado,Parker,Furniture,Bookcases,O'Sullivan 2-Shelf Heavy-Duty Bookcases,102.018,7,0.7,-183.6324,-1.7999999999999998,Alto,Perdida,1,2017,12,4,5474,United States,80134,FUR-BO-10000468,1,0.9433333333333334,Alto
US-2015-165743,2015-11-20,2015-11-23,3,Second Class,MM-18055,Michelle Moray,Consumer,West,Colorado,Aurora,Furniture,Bookcases,Sauder Barrister Bookcases,145.764,6,0.7,-247.7988,-1.7,Alto,Perdida,1,2015,11,4,7995,United States,80013,FUR-BO-10002268,1,0.9433333333333334,Alto
CA-2015-125185,2015-03-05,2015-03-07,2,Second Class,AH-10195,Alan Haines,Corporate,East,Pennsylvania,Bethlehem,Furniture,Chairs,"Situations Contoured Folding Chairs, 4/Set",99.372,2,0.3,-7.098,-0.0714285714285714,Medio,Perdida,1,2015,3,1,5255,United States,18018,FUR-CH-10002647,1,0.9433333333333334,Alto
CA-2014-168312,2014-03-01,2014-03-07,6,Standard Class,GW-14605,Giulietta Weimer,Consumer,Central,Texas,Houston,Furniture,Tables,Bevis Round Conference Room Tables and Bases,376.509,3,0.3,-43.0296,-0.1142857142857142,Medio,Perdida,1,2014,3,1,8311,United States,77036,FUR-TA-10001866,1,0.9433333333333334,Alto
US-2016-133879,2016-03-21,2016-03-28,7,Standard Class,KT-16465,Kean Takahito,Consumer,Central,Illinois,Chicago,Furniture,Chairs,"Global Airflow Leather Mesh Back Chair, Black",528.43,5,0.3,0.0,0.0,Medio,Perdida,1,2016,3,1,3173,United States,60623,FUR-CH-10000665,1,0.9433333333333334,Alto
CA-2015-141243,2015-01-03,2015-01-08,5,Second Class,AH-10465,Amy Hunt,Consumer,Central,Texas,Dallas,Furniture,Bookcases,O'Sullivan Living Dimensions 5-Shelf Bookcases,1352.3976,9,0.32,-437.5404,-0.3235294117647058,Alto,Perdida,1,2015,1,1,5056,United States,75217,FUR-BO-10003272,1,0.9433333333333334,Alto
CA-2016-115574,2016-12-23,2016-12-24,1,First Class,BP-11185,Ben Peterman,Corporate,Central,Illinois,Chicago,Furniture,Bookcases,"Bush Westfield Collection Bookcases, Fully Assembled",141.372,2,0.3,-14.1372,-0.0999999999999999,Medio,Perdida,1,2016,12,4,2306,United States,60623,FUR-BO-10003441,1,0.9433333333333334,Alto
CA-2017-140326,2017-09-04,2017-09-06,2,First Class,HW-14935,Helen Wasserman,Corporate,Central,Illinois,Chicago,Furniture,Bookcases,"Bush Birmingham Collection Bookcase, Dark Cherry",825.174,9,0.3,-117.882,-0.1428571428571428,Medio,Perdida,1,2017,9,3,3513,United States,60653,FUR-BO-10000112,1,0.94,Alto
CA-2014-151946,2014-06-04,2014-06-09,5,Standard Class,BT-11440,Bobby Trafton,Consumer,East,New York,New York City,Furniture,Bookcases,O'Sullivan Living Dimensions 5-Shelf Bookcases,353.568,2,0.2,-44.196,-0.125,Medio,Perdida,1,2014,6,2,8610,United States,10035,FUR-BO-10003272,1,0.94,Alto
CA-2015-153073,2015-11-13,2015-11-13,0,Same Day,HA-14905,Helen Abelman,Consumer,Central,Illinois,Chicago,Furniture,Furnishings,"Eldon Imge Series Desk Accessories, Clear",17.496,9,0.6,-7.4358,-0.425,Alto,Perdida,1,2015,11,4,5113,United States,60610,FUR-FU-10001025,1,0.94,Alto
CA-2016-155747,2016-06-14,2016-06-21,7,Standard Class,JS-15685,Jim Sink,Corporate,East,Pennsylvania,Philadelphia,Furniture,Tables,Global Adaptabilities Conference Tables,337.176,2,0.4,-118.0116,-0.35,Alto,Perdida,1,2016,6,2,7880,United States,19140,FUR-TA-10003392,1,0.94,Alto
CA-2016-105459,2016-08-12,2016-08-17,5,Second Class,NP-18700,Nora Preis,Consumer,East,New York,New York City,Furniture,Tables,Chromcraft Round Conference Tables,209.148,2,0.4,-66.2302,-0.3166666666666666,Alto,Perdida,1,2016,8,3,9403,United States,10024,FUR-TA-10001095,1,0.94,Alto
CA-2017-153045,2017-01-19,2017-01-24,5,Second Class,NS-18505,Neola Schneider,Consumer,East,Pennsylvania,Philadelphia,Furniture,Chairs,Global Comet Stacking Arm Chair,887.271,3,0.3,-63.3765,-0.0714285714285714,Medio,Perdida,1,2017,1,1,9118,United States,19140,FUR-CH-10000309,1,0.94,Alto
CA-2015-105599,2015-09-07,2015-09-07,0,Same Day,MC-17275,Marc Crier,Consumer,East,New York,New York City,Furniture,Tables,Anderson Hickey Conga Table Tops & Accessories,27.414,3,0.4,-14.1639,-0.5166666666666666,Alto,Perdida,1,2015,9,3,4109,United States,10011,FUR-TA-10003837,1,0.94,Alto
CA-2015-139731,2015-10-15,2015-10-15,0,Same Day,JE-15745,Joel Eaton,Consumer,Central,Texas,Amarillo,Furniture,Chairs,HON 5400 Series Task Chairs for Big and Tall,2453.43,5,0.3,-350.49,-0.1428571428571428,Medio,Perdida,1,2015,10,4,1439,United States,79109,FUR-CH-10002024,1,0.94,Alto
CA-2014-143903,2014-07-20,2014-07-24,4,Standard Class,KM-16375,Katherine Murray,Home Office,Central,Texas,Dallas,Furniture,Furnishings,Westinghouse Clip-On Gooseneck Lamps,16.74,5,0.6,-14.229,-0.85,Alto,Perdida,1,2014,7,3,3077,United States,75217,FUR-FU-10003724,1,0.9366666666666666,Alto
CA-2015-112767,2015-08-02,2015-08-06,4,Standard Class,DK-12985,Darren Koutras,Consumer,West,Oregon,Springfield,Furniture,Tables,Balt Split Level Computer Training Table,277.5,4,0.5,-188.7,-0.6799999999999999,Alto,Perdida,1,2015,8,3,8180,United States,97477,FUR-TA-10003469,1,0.9366666666666666,Alto
US-2017-167570,2017-12-08,2017-12-15,7,Standard Class,EG-13900,Emily Grady,Consumer,East,Pennsylvania,Philadelphia,Furniture,Chairs,Global Deluxe Steno Chair,215.544,4,0.3,-58.5048,-0.2714285714285714,Medio,Perdida,1,2017,12,4,8109,United States,19140,FUR-CH-10003396,1,0.9366666666666666,Alto
CA-2016-109869,2016-04-22,2016-04-29,7,Standard Class,TN-21040,Tanja Norvell,Home Office,West,Arizona,Phoenix,Furniture,Tables,Bush Advantage Collection Racetrack Conference Table,1272.63,6,0.5,-814.4832,-0.6399999999999999,Alto,Perdida,1,2016,4,2,464,United States,85023,FUR-TA-10001889,1,0.9366666666666666,Alto
CA-2017-163860,2017-12-28,2018-01-01,4,Standard Class,LO-17170,Lori Olson,Corporate,Central,Illinois,Peoria,Furniture,Chairs,"Padded Folding Chairs, Black, 4/Carton",113.372,2,0.3,-3.2392,-0.0285714285714285,Medio,Perdida,1,2017,12,4,6821,United States,61604,FUR-CH-10004698,1,0.9366666666666666,Alto
US-2014-161613,2014-12-01,2014-12-03,2,Second Class,MC-17605,Matt Connell,Corporate,Central,Texas,Houston,Furniture,Chairs,Hon 4070 Series Pagoda Round Back Stacking Chairs,674.058,3,0.3,-19.2588,-0.0285714285714285,Medio,Perdida,1,2014,12,4,4905,United States,77070,FUR-CH-10003746,1,0.9366666666666666,Alto
CA-2016-108987,2016-09-08,2016-09-10,2,Second Class,AG-10675,Anna Gayman,Consumer,Central,Texas,Houston,Furniture,Bookcases,"Riverside Palais Royal Lawyers Bookcase, Royale Cherry Finish",2396.2656,4,0.32,-317.1528,-0.1323529411764706,Alto,Perdida,1,2016,9,3,400,United States,77036,FUR-BO-10004834,1,0.9366666666666666,Alto
US-2017-162558,2017-10-02,2017-10-05,3,First Class,Dp-13240,Dean percer,Home Office,South,Tennessee,Knoxville,Furniture,Tables,Chromcraft Bull-Nose Wood Oval Conference Tables & Bases,2314.116,7,0.4,-1002.7836,-0.4333333333333333,Alto,Perdida,1,2017,10,4,5321,United States,37918,FUR-TA-10000198,1,0.9366666666666666,Alto
CA-2016-130911,2016-03-24,2016-03-26,2,Second Class,DC-12850,Dan Campbell,Consumer,East,Ohio,Cleveland,Furniture,Bookcases,O'Sullivan Living Dimensions 3-Shelf Bookcases,301.47,3,0.5,-241.176,-0.7999999999999999,Alto,Perdida,1,2016,3,1,9130,United States,44105,FUR-BO-10004357,1,0.9366666666666666,Alto
CA-2014-146591,2014-01-19,2014-01-20,1,First Class,TS-21340,Toby Swindell,Consumer,West,Arizona,Scottsdale,Furniture,Bookcases,O'Sullivan 4-Shelf Bookcase in Odessa Pine,181.47,5,0.7,-320.597,-1.7666666666666666,Alto,Perdida,1,2014,1,1,5466,United States,85254,FUR-BO-10001972,1,0.9366666666666666,Alto
CA-2017-102337,2017-06-13,2017-06-16,3,First Class,SD-20485,Shirley Daniels,Home Office,Central,Illinois,Chicago,Furniture,Chairs,Global Super Steno Chair,470.302,7,0.3,-87.3418,-0.1857142857142857,Medio,Perdida,1,2017,6,2,1447,United States,60653,FUR-CH-10004289,1,0.9333333333333333,Alto
CA-2017-121293,2017-07-25,2017-07-28,3,Second Class,JC-15775,John Castell,Consumer,East,Pennsylvania,Philadelphia,Furniture,Tables,"Bush Cubix Conference Tables, Fully Assembled",138.588,1,0.4,-34.647,-0.25,Alto,Perdida,1,2017,7,3,6785,United States,19143,FUR-TA-10001771,1,0.9333333333333333,Alto
CA-2014-166716,2014-08-20,2014-08-25,5,Second Class,CR-12730,Craig Reiter,Consumer,Central,Illinois,Chicago,Furniture,Chairs,"Global Leather and Oak Executive Chair, Black",421.372,2,0.3,-6.0196,-0.0142857142857142,Medio,Perdida,1,2014,8,3,5800,United States,60610,FUR-CH-10004495,1,0.9333333333333333,Alto
CA-2017-144491,2017-03-27,2017-04-01,5,Standard Class,CJ-12010,Caroline Jumper,Consumer,Central,Texas,Houston,Furniture,Bookcases,"Atlantic Metals Mobile 5-Shelf Bookcases, Custom Colors",1023.332,5,0.32,-30.098,-0.0294117647058823,Alto,Perdida,1,2017,3,1,9788,United States,77070,FUR-BO-10001811,1,0.9333333333333333,Alto
CA-2016-133697,2016-10-20,2016-10-24,4,Second Class,CM-12445,Chuck Magee,Consumer,Central,Texas,Houston,Furniture,Chairs,Office Star - Ergonomically Designed Knee Chair,56.686,1,0.3,-14.5764,-0.2571428571428571,Medio,Perdida,1,2016,10,4,6208,United States,77095,FUR-CH-10002372,1,0.9333333333333333,Alto
CA-2014-138177,2014-09-19,2014-09-24,5,Standard Class,ND-18460,Neil Ducich,Corporate,West,Arizona,Chandler,Furniture,Tables,Hon 2111 Invitation Series Straight Table,73.915,1,0.5,-45.8273,-0.62,Alto,Perdida,1,2014,9,3,9041,United States,85224,FUR-TA-10004607,1,0.9333333333333333,Alto
CA-2017-142090,2017-11-30,2017-12-07,7,Standard Class,SC-20380,Shahid Collister,Consumer,South,North Carolina,Burlington,Furniture,Tables,Bush Advantage Collection Racetrack Conference Table,1781.682,7,0.4,-653.2834,-0.3666666666666667,Alto,Perdida,1,2017,11,4,5067,United States,27217,FUR-TA-10001889,1,0.9333333333333333,Alto
CA-2017-135937,2017-02-20,2017-02-27,7,Standard Class,KM-16375,Katherine Murray,Home Office,West,Arizona,Gilbert,Furniture,Tables,KI Adjustable-Height Table,386.91,9,0.5,-185.7168,-0.48,Alto,Perdida,1,2017,2,1,6660,United States,85234,FUR-TA-10001039,1,0.93,Alto
CA-2017-149181,2017-05-08,2017-05-12,4,Standard Class,MD-17350,Maribeth Dona,Consumer,East,Ohio,Columbus,Furniture,Chairs,Global Chrome Stack Chair,47.992,2,0.3,-2.0568,-0.0428571428571428,Medio,Perdida,1,2017,5,2,1596,United States,43229,FUR-CH-10004540,1,0.93,Alto
CA-2017-100223,2017-07-05,2017-07-10,5,Standard Class,LS-16945,Linda Southworth,Corporate,Central,Texas,Dallas,Furniture,Furnishings,"Deflect-o RollaMat Studded, Beveled Mat for Medium Pile Carpeting",332.028,9,0.6,-348.6294,-1.0499999999999998,Alto,Perdida,1,2017,7,3,4230,United States,75220,FUR-FU-10003601,1,0.93,Alto
CA-2015-146262,2015-01-02,2015-01-09,7,Standard Class,VW-21775,Victoria Wilson,Corporate,East,Ohio,Medina,Furniture,Bookcases,O'Sullivan 2-Door Barrister Bookcase in Odessa Pine,452.45,5,0.5,-244.323,-0.54,Alto,Perdida,1,2015,1,1,214,United States,44256,FUR-BO-10004695,1,0.9266666666666666,Alto
CA-2017-152702,2017-10-12,2017-10-16,4,Standard Class,SN-20710,Steve Nguyen,Home Office,Central,Illinois,Rockford,Furniture,Chairs,"Global Stack Chair without Arms, Black",254.604,14,0.3,-18.186,-0.0714285714285714,Medio,Perdida,1,2017,10,4,1046,United States,61107,FUR-CH-10002304,1,0.9266666666666666,Alto
CA-2016-119865,2016-06-21,2016-06-26,5,Standard Class,AS-10090,Adam Shillingsburg,Consumer,East,New York,New York City,Furniture,Bookcases,O'Sullivan Living Dimensions 5-Shelf Bookcases,353.568,2,0.2,-44.196,-0.125,Medio,Perdida,1,2016,6,2,5228,United States,10011,FUR-BO-10003272,1,0.9266666666666666,Alto
CA-2016-130393,2016-12-01,2016-12-03,2,Second Class,JM-15865,John Murray,Consumer,Central,Texas,San Angelo,Furniture,Chairs,"Situations Contoured Folding Chairs, 4/Set",248.43,5,0.3,-17.745,-0.0714285714285714,Medio,Perdida,1,2016,12,4,8112,United States,76903,FUR-CH-10002647,1,0.9266666666666666,Alto
CA-2015-159786,2015-10-12,2015-10-17,5,Second Class,RK-19300,Ralph Kennedy,Consumer,East,New York,Rochester,Furniture,Tables,"SAFCO PlanMaster Heigh-Adjustable Drafting Table Base, 43w x 30d x 30-37h, Black",209.67,1,0.4,-13.978,-0.0666666666666666,Alto,Perdida,1,2015,10,4,2117,United States,14609,FUR-TA-10001307,1,0.9233333333333333,Alto
CA-2017-123085,2017-03-03,2017-03-08,5,Standard Class,EJ-13720,Ed Jacobs,Consumer,West,California,Los Angeles,Furniture,Chairs,Novimex Turbo Task Chair,170.352,3,0.2,-17.0352,-0.0999999999999999,Medio,Perdida,1,2017,3,1,6577,United States,90008,FUR-CH-10003968,1,0.9233333333333333,Alto
CA-2015-118738,2015-10-24,2015-10-30,6,Standard Class,AG-10495,Andrew Gjertsen,Corporate,Central,Texas,Houston,Furniture,Tables,KI Conference Tables,347.361,7,0.3,-69.4722,-0.2,Medio,Perdida,1,2015,10,4,5374,United States,77041,FUR-TA-10002607,1,0.9233333333333333,Alto
CA-2017-150910,2017-12-22,2017-12-28,6,Standard Class,JL-15130,Jack Lebron,Consumer,South,Tennessee,Jackson,Furniture,Tables,"Bevis Round Bullnose 29"" High Table Top",934.956,6,0.4,-249.3216,-0.2666666666666666,Alto,Perdida,1,2017,12,4,8950,United States,38301,FUR-TA-10002903,1,0.9233333333333333,Alto
CA-2014-155796,2014-11-11,2014-11-15,4,Second Class,TS-21430,Tom Stivers,Corporate,East,Pennsylvania,Reading,Furniture,Bookcases,"Atlantic Metals Mobile 3-Shelf Bookcases, Custom Colors",521.96,4,0.5,-250.5408,-0.4799999999999999,Alto,Perdida,1,2014,11,4,5956,United States,19601,FUR-BO-10002545,1,0.9233333333333333,Alto
CA-2015-126557,2015-07-12,2015-07-17,5,Second Class,RL-19615,Rob Lucas,Consumer,Central,Illinois,Chicago,Furniture,Chairs,"Global Push Button Manager's Chair, Indigo",383.607,9,0.3,-5.4801,-0.0142857142857142,Medio,Perdida,1,2015,7,3,4544,United States,60610,FUR-CH-10004477,1,0.9233333333333333,Alto
CA-2015-142237,2015-07-11,2015-07-13,2,First Class,CK-12595,Clytie Kelty,Consumer,East,Pennsylvania,Philadelphia,Furniture,Chairs,Novimex Fabric Task Chair,341.488,8,0.3,-73.176,-0.2142857142857143,Medio,Perdida,1,2015,7,3,2052,United States,19134,FUR-CH-10003833,1,0.92,Alto
CA-2016-162187,2016-12-11,2016-12-11,0,Same Day,NS-18640,Noel Staavos,Corporate,East,Ohio,Columbus,Furniture,Chairs,"Office Star - Contemporary Task Swivel chair with Loop Arms, Charcoal",458.43,5,0.3,-137.529,-0.3,Medio,Perdida,1,2016,12,4,5996,United States,43229,FUR-CH-10003298,1,0.92,Alto
US-2016-146066,2016-08-21,2016-08-23,2,Second Class,RB-19465,Rick Bensley,Home Office,East,Pennsylvania,Philadelphia,Furniture,Tables,"Iceberg OfficeWorks 42"" Round Tables",815.292,9,0.4,-339.705,-0.4166666666666666,Alto,Perdida,1,2016,8,3,5630,United States,19143,FUR-TA-10002530,1,0.92,Alto
CA-2017-113873,2017-11-13,2017-11-19,6,Standard Class,KE-16420,Katrina Edelman,Corporate,Central,Texas,Dallas,Furniture,Bookcases,"Bush Westfield Collection Bookcases, Fully Assembled",205.9992,3,0.32,-27.2646,-0.1323529411764706,Alto,Perdida,1,2017,11,4,5806,United States,75220,FUR-BO-10003441,1,0.92,Alto
US-2014-148838,2014-03-17,2014-03-21,4,Standard Class,CP-12340,Christine Phan,Corporate,East,New York,New York City,Furniture,Tables,Bretford Rectangular Conference Table Tops,1579.746,7,0.4,-447.5947,-0.2833333333333333,Alto,Perdida,1,2014,3,1,2358,United States,10024,FUR-TA-10003473,1,0.92,Alto
CA-2016-140928,2016-09-18,2016-09-22,4,Standard Class,NB-18655,Nona Balk,Corporate,South,Florida,Jacksonville,Furniture,Tables,Chromcraft Round Conference Tables,383.438,4,0.45,-167.3184,-0.4363636363636363,Alto,Perdida,1,2016,9,3,756,United States,32216,FUR-TA-10001095,1,0.9166666666666666,Alto
CA-2016-107783,2016-07-28,2016-07-29,1,First Class,OT-18730,Olvera Toch,Consumer,East,Pennsylvania,Bethlehem,Furniture,Bookcases,"Safco Value Mate Series Steel Bookcases, Baked Enamel Finish on Steel, Gray",177.45,5,0.5,-78.078,-0.44,Alto,Perdida,1,2016,7,3,8632,United States,18018,FUR-BO-10004409,1,0.9166666666666666,Alto
CA-2016-109827,2016-12-25,2017-01-01,7,Standard Class,LW-16825,Laurel Workman,Corporate,West,Arizona,Phoenix,Furniture,Tables,KI Conference Tables,35.445,1,0.5,-24.1026,-0.6799999999999999,Alto,Perdida,1,2016,12,4,6800,United States,85023,FUR-TA-10002607,1,0.9166666666666666,Alto
CA-2014-133690,2014-08-03,2014-08-05,2,First Class,BS-11755,Bruce Stewart,Consumer,West,Colorado,Denver,Furniture,Tables,BoxOffice By Design Rectangular and Half-Moon Meeting Room Tables,218.75,2,0.5,-161.875,-0.74,Alto,Perdida,1,2014,8,3,202,United States,80219,FUR-TA-10004289,1,0.9133333333333333,Alto
CA-2014-139892,2014-09-08,2014-09-12,4,Standard Class,BM-11140,Becky Martin,Consumer,Central,Texas,San Antonio,Furniture,Chairs,SAFCO Arco Folding Chair,1740.06,9,0.3,-24.858,-0.0142857142857142,Medio,Perdida,1,2014,9,3,168,United States,78207,FUR-CH-10004287,1,0.9133333333333333,Alto
US-2014-139500,2014-11-16,2014-11-20,4,Standard Class,AB-10165,Alan Barnes,Consumer,Central,Illinois,Decatur,Furniture,Chairs,SAFCO Optional Arm Kit for Workspace Cribbage Stacking Chair,37.296,2,0.3,-1.0656,-0.0285714285714285,Medio,Perdida,1,2014,11,4,5304,United States,62521,FUR-CH-10002017,1,0.9133333333333333,Alto
US-2017-139647,2017-05-11,2017-05-13,2,First Class,TS-21370,Todd Sumrall,Corporate,West,Arizona,Phoenix,Furniture,Bookcases,Bestar Classic Bookcase,209.979,7,0.7,-356.9643,-1.6999999999999995,Alto,Perdida,1,2017,5,2,5012,United States,85023,FUR-BO-10004467,1,0.91,Alto
US-2015-101511,2015-11-21,2015-11-23,2,Second Class,JE-15745,Joel Eaton,Consumer,East,Ohio,Newark,Furniture,Chairs,"Padded Folding Chairs, Black, 4/Carton",396.802,7,0.3,-11.3372,-0.0285714285714285,Medio,Perdida,1,2015,11,4,178,United States,43055,FUR-CH-10004698,1,0.91,Alto
CA-2017-156622,2017-11-23,2017-11-26,3,First Class,JP-15460,Jennifer Patt,Corporate,Central,Texas,Dallas,Furniture,Tables,"Lesro Round Back Collection Coffee Table, End Table",127.785,1,0.3,-31.0335,-0.2428571428571428,Medio,Perdida,1,2017,11,4,8977,United States,75220,FUR-TA-10003008,1,0.91,Alto
CA-2017-121300,2017-09-29,2017-09-29,0,Same Day,MG-17680,Maureen Gastineau,Home Office,East,Ohio,Mentor,Furniture,Chairs,"Global Wood Trimmed Manager's Task Chair, Khaki",63.686,1,0.3,-15.4666,-0.2428571428571428,Medio,Perdida,1,2017,9,3,4472,United States,44060,FUR-CH-10003774,1,0.91,Alto
CA-2014-101602,2014-12-15,2014-12-18,3,First Class,MC-18100,Mick Crebagga,Consumer,Central,Texas,El Paso,Furniture,Chairs,"Lifetime Advantage Folding Chairs, 4/Carton",763.28,5,0.3,-21.808,-0.0285714285714285,Medio,Perdida,1,2014,12,4,1576,United States,79907,FUR-CH-10004675,1,0.9066666666666666,Alto
CA-2017-147207,2017-01-02,2017-01-04,2,Second Class,TS-21655,Trudy Schmidt,Consumer,Central,Texas,El Paso,Furniture,Tables,"Bevis Oval Conference Table, Walnut",913.43,5,0.3,-169.637,-0.1857142857142857,Medio,Perdida,1,2017,1,1,8363,United States,79907,FUR-TA-10002958,1,0.9066666666666666,Alto
CA-2017-133102,2017-08-17,2017-08-24,7,Standard Class,ED-13885,Emily Ducich,Home Office,Central,Texas,Houston,Furniture,Chairs,SAFCO Optional Arm Kit for Workspace Cribbage Stacking Chair,74.592,4,0.3,-2.1312,-0.0285714285714285,Medio,Perdida,1,2017,8,3,7187,United States,77095,FUR-CH-10002017,1,0.9066666666666666,Alto
CA-2015-139094,2015-11-22,2015-11-27,5,Standard Class,MO-17800,Meg O'Connel,Home Office,Central,Texas,San Antonio,Furniture,Tables,Hon 2111 Invitation Series Straight Table,206.962,2,0.3,-32.5226,-0.1571428571428571,Medio,Perdida,1,2015,11,4,1751,United States,78207,FUR-TA-10004607,1,0.9033333333333333,Alto
CA-2015-167010,2015-04-05,2015-04-10,5,Standard Class,VT-21700,Valerie Takahito,Home Office,East,Pennsylvania,Philadelphia,Furniture,Bookcases,"Bush Heritage Pine Collection 5-Shelf Bookcase, Albany Pine Finish, *Special Order",352.45,5,0.5,-211.47,-0.6,Alto,Perdida,1,2015,4,2,3911,United States,19143,FUR-BO-10004218,1,0.9033333333333333,Alto
CA-2017-118892,2017-08-17,2017-08-22,5,Second Class,TP-21415,Tom Prescott,Consumer,East,Pennsylvania,Philadelphia,Furniture,Chairs,HON 5400 Series Task Chairs for Big and Tall,4416.174,9,0.3,-630.882,-0.1428571428571428,Medio,Perdida,1,2017,8,3,7244,United States,19134,FUR-CH-10002024,1,0.9033333333333333,Alto
US-2016-100839,2016-10-13,2016-10-17,4,Standard Class,NC-18625,Noah Childs,Corporate,West,Colorado,Aurora,Furniture,Tables,Hon 5100 Series Wood Tables,727.45,5,0.5,-465.568,-0.6399999999999999,Alto,Perdida,1,2016,10,4,1864,United States,80013,FUR-TA-10004575,1,0.9033333333333333,Alto
CA-2016-142594,2016-12-01,2016-12-06,5,Second Class,EJ-14155,Eva Jacobs,Consumer,East,Massachusetts,Franklin,Furniture,Tables,Chromcraft Round Conference Tables,366.009,3,0.3,-47.0583,-0.1285714285714286,Medio,Perdida,1,2016,12,4,8396,United States,2038,FUR-TA-10001095,1,0.9033333333333333,Alto
CA-2017-141117,2017-10-02,2017-10-08,6,Standard Class,JK-16090,Juliana Krohn,Consumer,West,Oregon,Springfield,Furniture,Bookcases,O'Sullivan 4-Shelf Bookcase in Odessa Pine,217.764,6,0.7,-384.7164,-1.7666666666666666,Alto,Perdida,1,2017,10,4,5785,United States,97477,FUR-BO-10001972,1,0.9033333333333333,Alto
CA-2014-105165,2014-09-07,2014-09-10,3,First Class,SZ-20035,Sam Zeldin,Home Office,Central,Texas,Houston,Furniture,Tables,"Riverside Furniture Oval Coffee Table, Oval End Table, End Table with Drawer",200.795,1,0.3,-22.948,-0.1142857142857143,Medio,Perdida,1,2014,9,3,5263,United States,77036,FUR-TA-10004154,1,0.9,Alto
CA-2017-168739,2017-05-29,2017-06-05,7,Standard Class,HZ-14950,Henia Zydlo,Consumer,Central,Texas,Houston,Furniture,Furnishings,Eldon Executive Woodline II Cherry Finish Desk Accessories,65.424,4,0.6,-52.3392,-0.7999999999999999,Alto,Perdida,1,2017,5,2,3404,United States,77095,FUR-FU-10003919,1,0.8966666666666666,Alto
CA-2016-106950,2016-09-02,2016-09-06,4,Standard Class,JE-15715,Joe Elijah,Consumer,South,North Carolina,Charlotte,Furniture,Tables,Hon Racetrack Conference Tables,472.518,3,0.4,-149.6307,-0.3166666666666666,Alto,Perdida,1,2016,9,3,7081,United States,28205,FUR-TA-10001768,1,0.8933333333333333,Alto
US-2017-133312,2017-11-25,2017-11-29,4,Standard Class,BD-11500,Bradley Drucker,Consumer,West,California,San Francisco,Furniture,Bookcases,"Sauder Forest Hills Library, Woodland Oak Finish",359.499,3,0.15,-29.6058,-0.0823529411764705,Medio,Perdida,1,2017,11,4,5080,United States,94122,FUR-BO-10002213,1,0.8933333333333333,Alto
CA-2015-116638,2015-01-28,2015-01-31,3,Second Class,JH-15985,Joseph Holt,Consumer,South,North Carolina,Concord,Furniture,Tables,Chromcraft Bull-Nose Wood Oval Conference Tables & Bases,4297.644,13,0.4,-1862.3124,-0.4333333333333333,Alto,Perdida,1,2015,1,1,9640,United States,28027,FUR-TA-10000198,1,0.8933333333333333,Alto
US-2017-113992,2017-12-14,2017-12-19,5,Standard Class,LC-16885,Lena Creighton,Consumer,Central,Texas,Plano,Furniture,Tables,Bretford CR4500 Series Slim Rectangular Table,974.988,4,0.3,-97.4988,-0.0999999999999999,Medio,Perdida,1,2017,12,4,6439,United States,75023,FUR-TA-10000577,1,0.89,Alto
CA-2017-107174,2017-11-06,2017-11-13,7,Standard Class,AB-10060,Adam Bellavance,Home Office,West,Washington,Seattle,Furniture,Chairs,Hon 2090 ÒPillow SoftÓ Series Mid Back Swivel/Tilt Chairs,449.568,2,0.2,-73.0548,-0.1625,Medio,Perdida,1,2017,11,4,8170,United States,98105,FUR-CH-10003312,1,0.89,Alto
CA-2017-160045,2017-04-26,2017-04-27,1,First Class,LB-16735,Larry Blacks,Consumer,Central,Texas,Fort Worth,Furniture,Furnishings,"DAX Value U-Channel Document Frames, Easel Back",1.988,1,0.6,-1.4413,-0.725,Alto,Perdida,1,2017,4,2,1359,United States,76106,FUR-FU-10000010,1,0.89,Alto
CA-2015-142027,2015-04-09,2015-04-14,5,Standard Class,JK-15370,Jay Kimmel,Consumer,West,California,Long Beach,Furniture,Tables,Laminate Occasional Tables,369.912,3,0.2,-13.8717,-0.0375,Medio,Perdida,1,2015,4,2,704,United States,90805,FUR-TA-10002774,1,0.89,Alto
CA-2016-163594,2016-04-12,2016-04-14,2,First Class,JF-15295,Jason Fortune-,Consumer,West,California,Los Angeles,Furniture,Chairs,"Global Geo Office Task Chair, Gray",194.352,3,0.2,-36.441,-0.1875,Medio,Perdida,1,2016,4,2,7362,United States,90036,FUR-CH-10000225,1,0.89,Alto
CA-2015-124975,2015-06-22,2015-06-25,3,First Class,MG-17875,Michael Grace,Home Office,Central,Illinois,Aurora,Furniture,Tables,Hon Rectangular Conference Tables,796.425,7,0.5,-525.6405,-0.66,Alto,Perdida,1,2015,6,2,3520,United States,60505,FUR-TA-10002645,1,0.89,Alto
US-2017-134642,2017-02-25,2017-03-01,4,Standard Class,SW-20245,Scot Wooten,Consumer,South,North Carolina,Greenville,Furniture,Chairs,"Global High-Back Leather Tilter, Burgundy",196.784,2,0.2,-22.1382,-0.1125,Medio,Perdida,1,2017,2,1,7534,United States,27834,FUR-CH-10002880,1,0.89,Alto
CA-2016-127243,2016-11-28,2016-12-04,6,Standard Class,DS-13180,David Smith,Corporate,East,Pennsylvania,Philadelphia,Furniture,Chairs,"Situations Contoured Folding Chairs, 4/Set",347.802,7,0.3,-24.843,-0.0714285714285714,Medio,Perdida,1,2016,11,4,7368,United States,19140,FUR-CH-10002647,1,0.89,Alto
US-2014-112872,2014-12-06,2014-12-11,5,Second Class,RC-19960,Ryan Crowe,Consumer,West,Oregon,Springfield,Furniture,Tables,"Chromcraft Bull-Nose Wood 48"" x 96"" Rectangular Conference Tables",275.49,1,0.5,-170.8038,-0.62,Alto,Perdida,1,2014,12,4,2985,United States,97477,FUR-TA-10003238,1,0.89,Alto
CA-2015-162950,2015-06-28,2015-07-03,5,Second Class,DW-13585,Dorothy Wardle,Corporate,East,Ohio,Troy,Furniture,Bookcases,"Sauder Forest Hills Library with Doors, Woodland Oak Finish",482.94,6,0.5,-376.6932,-0.78,Alto,Perdida,1,2015,6,2,9093,United States,45373,FUR-BO-10001918,1,0.8866666666666667,Alto
CA-2015-104346,2015-12-11,2015-12-16,5,Standard Class,IM-15070,Irene Maddox,Consumer,West,Colorado,Colorado Springs,Furniture,Tables,Bevis Rectangular Conference Tables,364.95,5,0.5,-248.166,-0.68,Alto,Perdida,1,2015,12,4,4791,United States,80906,FUR-TA-10000849,1,0.8866666666666667,Alto
CA-2016-138520,2016-04-08,2016-04-13,5,Standard Class,JL-15505,Jeremy Lonsdale,Consumer,East,New York,New York City,Furniture,Bookcases,Sauder Barrister Bookcases,388.704,6,0.2,-4.8588,-0.0124999999999999,Medio,Perdida,1,2016,4,2,355,United States,10035,FUR-BO-10002268,1,0.88,Alto
US-2016-167339,2016-01-21,2016-01-23,2,Second Class,TD-20995,Tamara Dahlen,Consumer,West,California,San Diego,Furniture,Chairs,Global Super Steno Chair,153.568,2,0.2,-5.7588,-0.0375,Medio,Perdida,1,2016,1,1,2876,United States,92037,FUR-CH-10004289,1,0.88,Alto
CA-2017-107629,2017-12-14,2017-12-14,0,Same Day,DB-13060,Dave Brooks,Consumer,Central,Illinois,Skokie,Furniture,Furnishings,"Rubbermaid ClusterMat Chairmats, Mat Size- 66"" x 60"", Lip 20"" x 11"" -90 Degree Angle",266.352,6,0.6,-292.9872,-1.1,Alto,Perdida,1,2017,12,4,6713,United States,60076,FUR-FU-10002298,1,0.88,Alto
CA-2016-106383,2016-03-19,2016-03-21,2,Second Class,BT-11440,Bobby Trafton,Consumer,West,Colorado,Littleton,Furniture,Bookcases,"Atlantic Metals Mobile 2-Shelf Bookcases, Custom Colors",72.294,1,0.7,-98.8018,-1.3666666666666667,Alto,Perdida,1,2016,3,1,2226,United States,80122,FUR-BO-10002202,1,0.8766666666666667,Alto
CA-2014-105984,2014-11-24,2014-11-24,0,Same Day,MY-18295,Muhammed Yedwab,Corporate,East,Ohio,Columbus,Furniture,Chairs,Global Executive Mid-Back Manager's Chair,611.058,3,0.3,-34.9176,-0.0571428571428571,Medio,Perdida,1,2014,11,4,3835,United States,43229,FUR-CH-10000847,1,0.8766666666666667,Alto
CA-2017-126914,2017-06-15,2017-06-19,4,Standard Class,JE-15715,Joe Elijah,Consumer,South,North Carolina,Monroe,Furniture,Bookcases,O'Sullivan 2-Shelf Heavy-Duty Bookcases,77.728,2,0.2,-3.8864,-0.05,Medio,Perdida,1,2017,6,2,8790,United States,28110,FUR-BO-10000468,1,0.8766666666666667,Alto
CA-2016-105746,2016-12-30,2017-01-01,2,First Class,BD-11605,Brian Dahlen,Consumer,East,Pennsylvania,Lancaster,Furniture,Chairs,"Hon Deluxe Fabric Upholstered Stacking Chairs, Rounded Back",170.786,1,0.3,0.0,0.0,Medio,Perdida,1,2016,12,4,7562,United States,17602,FUR-CH-10000454,1,0.8766666666666667,Alto
CA-2017-121790,2017-01-30,2017-02-06,7,Standard Class,LP-17095,Liz Preis,Consumer,Central,Illinois,Aurora,Furniture,Tables,Balt Split Level Computer Training Table,69.375,1,0.5,-47.175,-0.6799999999999999,Alto,Perdida,1,2017,1,1,8268,United States,60505,FUR-TA-10003469,1,0.8766666666666667,Alto
US-2017-163300,2017-09-15,2017-09-21,6,Standard Class,ES-14020,Erica Smith,Consumer,West,California,Los Angeles,Furniture,Chairs,Global Deluxe Steno Chair,184.752,3,0.2,-20.7846,-0.1125,Medio,Perdida,1,2017,9,3,5993,United States,90049,FUR-CH-10003396,1,0.8733333333333333,Alto
US-2017-116652,2017-09-15,2017-09-19,4,Standard Class,RD-19480,Rick Duston,Consumer,West,California,San Francisco,Furniture,Chairs,"Leather Task Chair, Black",218.352,3,0.2,0.0,0.0,Medio,Perdida,1,2017,9,3,6516,United States,94122,FUR-CH-10002961,1,0.8733333333333333,Alto
CA-2016-164784,2016-05-01,2016-05-04,3,First Class,HF-14995,Herbert Flentye,Consumer,South,Tennessee,Memphis,Furniture,Tables,Bevis 44 x 96 Conference Tables,370.62,3,0.4,-142.071,-0.3833333333333333,Alto,Perdida,1,2016,5,2,2665,United States,38109,FUR-TA-10004534,1,0.87,Alto
US-2015-150630,2015-09-17,2015-09-21,4,Standard Class,TB-21520,Tracy Blumstein,Consumer,East,Pennsylvania,Philadelphia,Furniture,Bookcases,"Riverside Palais Royal Lawyers Bookcase, Royale Cherry Finish",3083.43,7,0.5,-1665.0522,-0.54,Alto,Perdida,1,2015,9,3,28,United States,19140,FUR-BO-10004834,1,0.87,Alto
CA-2017-137624,2017-11-10,2017-11-17,7,Standard Class,ME-17320,Maria Etezadi,Home Office,West,California,Los Angeles,Furniture,Chairs,"Global Leather & Oak Executive Chair, Burgundy",241.424,2,0.2,-36.2136,-0.15,Medio,Perdida,1,2017,11,4,8530,United States,90008,FUR-CH-10001714,1,0.8666666666666667,Alto
CA-2017-140872,2017-06-03,2017-06-10,7,Standard Class,NR-18550,Nick Radford,Consumer,South,Florida,Pembroke Pines,Furniture,Bookcases,Bush Mission Pointe Library,241.568,2,0.2,0.0,0.0,Medio,Perdida,1,2017,6,2,6482,United States,33024,FUR-BO-10002824,1,0.8666666666666667,Alto
CA-2017-117513,2017-03-03,2017-03-08,5,Standard Class,BT-11395,Bill Tyler,Corporate,West,California,Los Angeles,Furniture,Tables,"Lesro Sheffield Collection Coffee Table, End Table, Center Table, Corner Table",399.672,7,0.2,-14.9877,-0.0375,Medio,Perdida,1,2017,3,1,8619,United States,90004,FUR-TA-10001520,1,0.8633333333333333,Alto
CA-2014-150798,2014-12-01,2014-12-03,2,Second Class,JK-15730,Joe Kamberova,Consumer,East,Ohio,Columbus,Furniture,Chairs,Hon Multipurpose Stacking Arm Chairs,909.72,6,0.3,-51.984,-0.0571428571428571,Medio,Perdida,1,2014,12,4,4495,United States,43229,FUR-CH-10000015,1,0.8633333333333333,Alto
CA-2016-106243,2016-09-30,2016-10-04,4,Standard Class,GM-14680,Greg Matthias,Consumer,East,New York,New York City,Furniture,Bookcases,"O'Sullivan Elevations Bookcase, Cherry Finish",523.92,5,0.2,-26.196,-0.05,Medio,Perdida,1,2016,9,3,6946,United States,10011,FUR-BO-10003034,1,0.86,Alto
US-2017-132031,2017-04-23,2017-04-27,4,Standard Class,PN-18775,Parhena Norris,Home Office,South,Tennessee,Clarksville,Furniture,Bookcases,O'Sullivan 4-Shelf Bookcase in Odessa Pine,387.136,4,0.2,-14.5176,-0.0375,Medio,Perdida,1,2017,4,2,8470,United States,37042,FUR-BO-10001972,1,0.86,Alto
CA-2017-140186,2017-09-29,2017-10-02,3,First Class,PG-18820,Patrick Gardner,Consumer,West,California,Bakersfield,Furniture,Chairs,"Leather Task Chair, Black",72.784,1,0.2,0.0,0.0,Medio,Perdida,1,2017,9,3,5792,United States,93309,FUR-CH-10002961,1,0.86,Alto
CA-2017-112725,2017-01-30,2017-02-06,7,Standard Class,EH-14125,Eugene Hildebrand,Home Office,West,California,San Francisco,Furniture,Chairs,Novimex Swivel Fabric Task Chair,120.784,1,0.2,-13.5882,-0.1125,Medio,Perdida,1,2017,1,1,4146,United States,94110,FUR-CH-10000863,1,0.86,Alto
CA-2017-167003,2017-05-23,2017-05-29,6,Standard Class,VS-21820,Vivek Sundaresam,Consumer,West,California,Los Angeles,Furniture,Tables,"Lesro Sheffield Collection Coffee Table, End Table, Center Table, Corner Table",171.288,3,0.2,-6.4233,-0.0375,Medio,Perdida,1,2017,5,2,4510,United States,90036,FUR-TA-10001520,1,0.8566666666666667,Alto
CA-2017-128965,2017-04-17,2017-04-22,5,Standard Class,PS-18760,Pamela Stobb,Consumer,West,California,Los Angeles,Furniture,Chairs,"Global Wood Trimmed Manager's Task Chair, Khaki",218.352,3,0.2,-19.1058,-0.0875,Medio,Perdida,1,2017,4,2,6863,United States,90008,FUR-CH-10003774,1,0.8566666666666667,Alto
US-2017-100930,2017-04-07,2017-04-12,5,Standard Class,CS-12400,Christopher Schild,Home Office,South,Florida,Tampa,Furniture,Furnishings,"Tenex Contemporary Contur Chairmats for Low and Medium Pile Carpet, Computer, 39"" x 49""",258.072,3,0.2,0.0,0.0,Medio,Perdida,1,2017,4,2,235,United States,33614,FUR-FU-10004017,1,0.8566666666666667,Alto
CA-2015-149650,2015-10-24,2015-10-27,3,First Class,RD-19660,Robert Dilbeck,Home Office,West,California,Oakland,Furniture,Chairs,Novimex High-Tech Fabric Mesh Task Chair,454.272,8,0.2,-73.8192,-0.1625,Medio,Perdida,1,2015,10,4,6424,United States,94601,FUR-CH-10003956,1,0.8533333333333334,Alto
CA-2017-101322,2017-12-28,2017-12-31,3,First Class,JG-15310,Jason Gross,Corporate,West,California,Long Beach,Furniture,Chairs,Novimex Turbo Task Chair,340.704,6,0.2,-34.0704,-0.0999999999999999,Medio,Perdida,1,2017,12,4,6150,United States,90805,FUR-CH-10003968,1,0.8533333333333334,Alto
US-2017-142573,2017-07-18,2017-07-23,5,Standard Class,ML-17410,Maris LaWare,Consumer,West,Arizona,Phoenix,Furniture,Chairs,High-Back Leather Manager's Chair,311.976,3,0.2,-42.8967,-0.1375,Medio,Perdida,1,2017,7,3,3919,United States,85023,FUR-CH-10000513,1,0.8533333333333334,Alto
US-2014-117163,2014-01-27,2014-02-02,6,Standard Class,EJ-13720,Ed Jacobs,Consumer,West,California,San Diego,Furniture,Tables,Balt Split Level Computer Training Table,333.0,3,0.2,-16.65,-0.0499999999999999,Medio,Perdida,1,2014,1,1,3796,United States,92037,FUR-TA-10003469,1,0.8533333333333334,Alto
US-2016-135923,2016-01-22,2016-01-28,6,Standard Class,CM-11935,Carlos Meador,Consumer,South,North Carolina,Fayetteville,Furniture,Bookcases,"Sauder Forest Hills Library, Woodland Oak Finish",451.136,4,0.2,-67.6704,-0.15,Medio,Perdida,1,2016,1,1,2472,United States,28314,FUR-BO-10002213,1,0.85,Alto
CA-2017-168641,2017-11-24,2017-12-01,7,Standard Class,KA-16525,Kelly Andreada,Consumer,East,New York,New York City,Furniture,Bookcases,O'Sullivan Plantations 2-Door Library in Landvery Oak,321.568,2,0.2,-16.0784,-0.0499999999999999,Medio,Perdida,1,2017,11,4,4469,United States,10035,FUR-BO-10000780,1,0.8466666666666667,Alto
CA-2014-149524,2014-01-14,2014-01-15,1,First Class,BS-11590,Brendan Sweed,Corporate,East,Pennsylvania,Philadelphia,Furniture,Bookcases,Sauder Cornerstone Collection Library,61.96,4,0.5,-53.2856,-0.86,Alto,Perdida,1,2014,1,1,6475,United States,19140,FUR-BO-10003433,1,0.8433333333333334,Alto
CA-2014-125997,2014-09-20,2014-09-23,3,First Class,MW-18220,Mitch Webber,Consumer,East,New York,New York City,Furniture,Bookcases,DMI Eclipse Executive Suite Bookcases,801.568,2,0.2,-10.0196,-0.0125,Medio,Perdida,1,2014,9,3,9396,United States,10011,FUR-BO-10002213,1,0.8433333333333334,Alto
CA-2016-159912,2016-08-29,2016-09-03,5,Standard Class,GB-14530,George Bell,Corporate,East,Pennsylvania,Philadelphia,Furniture,Bookcases,O'Sullivan 5-Shelf Heavy-Duty Bookcases,163.88,4,0.5,-81.94,-0.5,Alto,Perdida,1,2016,8,3,4685,United States,19120,FUR-BO-10002853,1,0.84,Alto
CA-2016-138695,2016-05-28,2016-06-03,6,Standard Class,KC-16675,Kimberly Carter,Corporate,South,Florida,Tallahassee,Furniture,Chairs,Novimex Fabric Task Chair,390.272,8,0.2,-24.392,-0.0625,Medio,Perdida,1,2016,5,2,3169,United States,32303,FUR-CH-10003833,1,0.84,Alto
CA-2015-130785,2015-09-05,2015-09-09,4,Standard Class,AG-10900,Arthur Gainer,Consumer,West,California,San Diego,Furniture,Bookcases,"Sauder Camden County Collection Libraries, Planked Cherry Finish",293.199,3,0.15,-20.6964,-0.0705882352941176,Medio,Perdida,1,2015,9,3,1763,United States,92105,FUR-BO-10003159,1,0.84,Alto
CA-2016-135265,2016-07-07,2016-07-09,2,Second Class,CC-12370,Christopher Conant,Consumer,West,California,Los Angeles,Furniture,Chairs,"Global Leather Task Chair, Black",287.968,4,0.2,-3.5996,-0.0124999999999999,Medio,Perdida,1,2016,7,3,3983,United States,90045,FUR-CH-10003061,1,0.84,Alto
CA-2015-130785,2015-09-05,2015-09-09,4,Standard Class,AG-10900,Arthur Gainer,Consumer,West,California,San Diego,Furniture,Bookcases,"Sauder Camden County Barrister Bookcase, Planked Cherry Finish",411.332,4,0.15,-4.8392,-0.0117647058823529,Medio,Perdida,1,2015,9,3,1761,United States,92105,FUR-BO-10000330,1,0.8366666666666667,Alto
US-2015-145436,2015-02-28,2015-03-04,4,Standard Class,VD-21670,Valerie Dominguez,Consumer,South,Tennessee,Columbia,Furniture,Chairs,Global Low Back Tilter Chair,161.568,2,0.2,-28.2744,-0.175,Medio,Perdida,1,2015,2,1,229,United States,38401,FUR-CH-10004860,1,0.8366666666666667,Alto
CA-2016-114972,2016-11-03,2016-11-06,3,First Class,PF-19225,Phillip Flathmann,Consumer,West,California,Los Angeles,Furniture,Chairs,Global Deluxe High-Back Office Chair in Storm,217.584,2,0.2,-29.9178,-0.1374999999999999,Medio,Perdida,1,2016,11,4,2474,United States,90032,FUR-CH-10001190,1,0.8366666666666667,Alto
US-2017-112347,2017-12-02,2017-12-06,4,Standard Class,BS-11380,Bill Stewart,Corporate,West,Colorado,Denver,Furniture,Bookcases,Hon 4-Shelf Metal Bookcases,242.352,8,0.7,-363.528,-1.5,Alto,Perdida,1,2017,12,4,7541,United States,80219,FUR-BO-10003546,1,0.8333333333333334,Alto
US-2016-159856,2016-10-18,2016-10-22,4,Standard Class,EP-13915,Emily Phan,Consumer,West,Arizona,Tempe,Furniture,Chairs,Global Deluxe Steno Chair,307.92,5,0.2,-34.641,-0.1124999999999999,Medio,Perdida,1,2016,10,4,2886,United States,85281,FUR-CH-10003396,1,0.8333333333333334,Alto
CA-2017-141873,2017-10-09,2017-10-14,5,Standard Class,HG-14845,Harry Greene,Consumer,East,New York,New York City,Furniture,Bookcases,"O'Sullivan Elevations Bookcase, Cherry Finish",314.352,3,0.2,-15.7176,-0.05,Medio,Perdida,1,2017,10,4,3821,United States,10024,FUR-BO-10003034,1,0.8333333333333334,Alto
CA-2015-163965,2015-11-20,2015-11-27,7,Standard Class,SS-20875,Sung Shariari,Consumer,South,Florida,Miami,Furniture,Bookcases,O'Sullivan Living Dimensions 2-Shelf Bookcases,290.352,3,0.2,-36.294,-0.125,Medio,Perdida,1,2015,11,4,7140,United States,33180,FUR-BO-10001337,1,0.8333333333333334,Alto
CA-2016-106278,2016-09-02,2016-09-05,3,Second Class,BM-11140,Becky Martin,Consumer,West,Washington,Des Moines,Furniture,Chairs,"Global Leather Task Chair, Black",215.976,3,0.2,-2.6997,-0.0125,Medio,Perdida,1,2016,9,3,9069,United States,98198,FUR-CH-10003061,1,0.83,Alto
CA-2015-133452,2015-04-13,2015-04-19,6,Standard Class,ZC-21910,Zuschuss Carroll,Consumer,West,California,Pomona,Furniture,Tables,Hon 94000 Series Round Tables,710.832,3,0.2,-97.7394,-0.1375,Medio,Perdida,1,2015,4,2,2070,United States,91767,FUR-TA-10003954,1,0.8266666666666667,Alto
CA-2017-142622,2017-10-30,2017-11-02,3,First Class,JK-15625,Jim Karlsson,Consumer,West,Washington,Seattle,Furniture,Chairs,Novimex Fabric Task Chair,97.568,2,0.2,-6.098,-0.0625,Medio,Perdida,1,2017,10,4,2280,United States,98115,FUR-CH-10003833,1,0.8266666666666667,Alto
US-2015-103471,2015-12-24,2015-12-28,4,Standard Class,JR-15670,Jim Radford,Consumer,West,Colorado,Colorado Springs,Furniture,Bookcases,"Atlantic Metals Mobile 4-Shelf Bookcases, Custom Colors",590.058,7,0.7,-786.744,-1.3333333333333337,Alto,Perdida,1,2015,12,4,1370,United States,80906,FUR-BO-10002613,1,0.8233333333333334,Alto
CA-2017-137505,2017-11-24,2017-11-24,0,Same Day,BP-11290,Beth Paige,Consumer,West,California,Los Angeles,Furniture,Tables,Hon 61000 Series Interactive Training Tables,71.088,2,0.2,-1.7772,-0.025,Medio,Perdida,1,2017,11,4,9747,United States,90008,FUR-TA-10001676,1,0.8233333333333334,Alto
CA-2017-148810,2017-06-26,2017-07-01,5,Standard Class,DR-12880,Dan Reichenbach,Corporate,South,Florida,Miami,Furniture,Chairs,Hon Comfortask Task/Swivel Chairs,273.552,3,0.2,-13.6776,-0.0499999999999999,Medio,Perdida,1,2017,6,2,5629,United States,33180,FUR-CH-10001545,1,0.8233333333333334,Alto
CA-2017-169054,2017-04-22,2017-04-26,4,Standard Class,MO-17800,Meg O'Connel,Home Office,East,Pennsylvania,Philadelphia,Furniture,Furnishings,"Tenex 46"" x 60"" Computer Anti-Static Chairmat, Rectangular Shaped",254.352,3,0.2,0.0,0.0,Medio,Perdida,1,2017,4,2,3027,United States,19140,FUR-FU-10001488,1,0.8233333333333334,Alto
CA-2017-125913,2017-01-16,2017-01-16,0,Same Day,JO-15145,Jack O'Briant,Corporate,West,California,Los Angeles,Furniture,Tables,"Lesro Sheffield Collection Coffee Table, End Table, Center Table, Corner Table",399.672,7,0.2,-14.9877,-0.0375,Medio,Perdida,1,2017,1,1,5273,United States,90008,FUR-TA-10001520,1,0.82,Alto
CA-2016-141397,2016-06-20,2016-06-21,1,First Class,RC-19825,Roy Collins,Consumer,West,California,Pasadena,Furniture,Chairs,Hon Valutask Swivel Chairs,161.568,2,0.2,-8.0784,-0.0499999999999999,Medio,Perdida,1,2016,6,2,1311,United States,91104,FUR-CH-10003846,1,0.82,Alto
CA-2017-152583,2017-10-30,2017-10-30,0,Same Day,RA-19945,Ryan Akin,Consumer,Central,Texas,Dallas,Furniture,Tables,"Bevis Round Conference Table Top, X-Base",251.006,2,0.3,-68.1302,-0.2714285714285714,Medio,Perdida,1,2017,10,4,3439,United States,75217,FUR-TA-10002041,1,0.82,Alto
CA-2016-149762,2016-12-03,2016-12-07,4,Standard Class,RD-19720,Roger Demir,Consumer,West,California,Morgan Hill,Furniture,Bookcases,O'Sullivan Living Dimensions 2-Shelf Bookcases,205.666,2,0.15,-12.098,-0.0588235294117647,Medio,Perdida,1,2016,12,4,7912,United States,95037,FUR-BO-10001337,1,0.82,Alto
US-2017-142573,2017-07-18,2017-07-23,5,Standard Class,ML-17410,Maris LaWare,Consumer,West,Arizona,Phoenix,Furniture,Tables,"Chromcraft 48"" x 96"" Racetrack Double Pedestal Table",801.6,5,0.5,-448.896,-0.56,Alto,Perdida,1,2017,7,3,3915,United States,85023,FUR-TA-10001932,1,0.8166666666666667,Alto
US-2015-145422,2015-12-03,2015-12-07,4,Standard Class,PW-19240,Pierre Wener,Consumer,West,California,San Francisco,Furniture,Bookcases,"Sauder Forest Hills Library, Woodland Oak Finish",359.499,3,0.15,-29.6058,-0.0823529411764705,Medio,Perdida,1,2015,12,4,8713,United States,94110,FUR-BO-10002213,1,0.8166666666666667,Alto
US-2015-157014,2015-10-03,2015-10-06,3,Second Class,BM-11785,Bryan Mills,Consumer,East,Ohio,Columbus,Furniture,Bookcases,"Safco Value Mate Series Steel Bookcases, Baked Enamel Finish on Steel, Gray",35.49,1,0.5,-15.6156,-0.44,Alto,Perdida,1,2015,10,4,784,United States,43229,FUR-BO-10004409,1,0.8166666666666667,Alto
CA-2017-124765,2017-11-25,2017-11-30,5,Standard Class,HZ-14950,Henia Zydlo,Consumer,South,Florida,Fort Lauderdale,Furniture,Bookcases,O'Sullivan Manor Hill 2-Door Library in Brianna Oak,723.92,5,0.2,-81.441,-0.1125,Medio,Perdida,1,2017,11,4,8661,United States,33311,FUR-BO-10003965,1,0.8133333333333334,Alto
CA-2017-104850,2017-06-13,2017-06-19,6,Standard Class,TW-21025,Tamara Willingham,Home Office,West,Washington,Seattle,Furniture,Chairs,"Global Wood Trimmed Manager's Task Chair, Khaki",291.136,4,0.2,-25.4744,-0.0875,Medio,Perdida,1,2017,6,2,7731,United States,98103,FUR-CH-10003774,1,0.8133333333333334,Alto
US-2014-155544,2014-03-21,2014-03-25,4,Standard Class,GM-14440,Gary McGarr,Consumer,South,Tennessee,Knoxville,Furniture,Chairs,Global Highback Leather Tilter in Burgundy,218.376,3,0.2,-10.9188,-0.0499999999999999,Medio,Perdida,1,2014,3,1,8346,United States,37918,FUR-CH-10000422,1,0.8133333333333334,Alto
CA-2015-131884,2015-12-06,2015-12-06,0,Same Day,DK-13375,Dennis Kane,Consumer,East,Ohio,Marion,Furniture,Chairs,Global Low Back Tilter Chair,70.686,1,0.3,-24.2352,-0.3428571428571428,Medio,Perdida,1,2015,12,4,2224,United States,43302,FUR-CH-10004860,1,0.8133333333333334,Alto
CA-2017-142909,2017-12-22,2017-12-25,3,Second Class,AG-10330,Alex Grayson,Consumer,West,Arizona,Mesa,Furniture,Tables,"Lesro Round Back Collection Coffee Table, End Table",182.55,2,0.5,-135.087,-0.7399999999999999,Alto,Perdida,1,2017,12,4,7152,United States,85204,FUR-TA-10003008,1,0.8133333333333334,Alto
US-2017-101784,2017-07-06,2017-07-11,5,Standard Class,PO-18850,Patrick O'Brill,Consumer,West,California,Los Angeles,Furniture,Chairs,"Global Task Chair, Black",122.136,3,0.2,-13.7403,-0.1125,Medio,Perdida,1,2017,7,3,6743,United States,90008,FUR-CH-10001146,1,0.8133333333333334,Alto
CA-2015-106257,2015-04-13,2015-04-17,4,Second Class,EB-14110,Eugene Barchas,Consumer,West,California,Los Angeles,Furniture,Tables,"Iceberg OfficeWorks 42"" Round Tables",241.568,2,0.2,-15.098,-0.0625,Medio,Perdida,1,2015,4,2,7835,United States,90045,FUR-TA-10002530,1,0.81,Alto
CA-2017-166695,2017-05-20,2017-05-24,4,Standard Class,CC-12430,Chuck Clark,Home Office,West,California,Lakewood,Furniture,Chairs,"Global Geo Office Task Chair, Gray",518.272,8,0.2,-97.176,-0.1875,Medio,Perdida,1,2017,5,2,6068,United States,90712,FUR-CH-10000225,1,0.81,Alto
US-2017-121251,2017-03-26,2017-03-27,1,First Class,GM-14440,Gary McGarr,Consumer,East,New York,New York City,Furniture,Bookcases,"Sauder Forest Hills Library with Doors, Woodland Oak Finish",257.568,2,0.2,-28.9764,-0.1125,Medio,Perdida,1,2017,3,1,1861,United States,10009,FUR-BO-10001918,1,0.81,Alto
CA-2017-110198,2017-05-01,2017-05-02,1,First Class,AG-10900,Arthur Gainer,Consumer,South,Florida,Coral Springs,Furniture,Bookcases,Bush Somerset Collection Bookcase,314.352,3,0.2,-15.7176,-0.05,Medio,Perdida,1,2017,5,2,9335,United States,33065,FUR-BO-10001798,1,0.81,Alto
CA-2017-111556,2017-11-20,2017-11-22,2,First Class,CD-11920,Carlos Daly,Consumer,East,New York,New York City,Furniture,Bookcases,"Sauder Camden County Collection Libraries, Planked Cherry Finish",183.968,2,0.2,-25.2956,-0.1375,Medio,Perdida,1,2017,11,4,4390,United States,10035,FUR-BO-10003159,1,0.81,Alto
CA-2015-133445,2015-10-05,2015-10-09,4,Standard Class,JF-15490,Jeremy Farry,Consumer,West,Oregon,Portland,Furniture,Chairs,Global Highback Leather Tilter in Burgundy,291.168,4,0.2,-14.5584,-0.05,Medio,Perdida,1,2015,10,4,6227,United States,97206,FUR-CH-10000422,1,0.8066666666666666,Alto
CA-2017-137498,2017-09-09,2017-09-14,5,Second Class,LC-17050,Liz Carlisle,Consumer,West,California,Los Angeles,Furniture,Chairs,Novimex Fabric Task Chair,243.92,5,0.2,-15.245,-0.0625,Medio,Perdida,1,2017,9,3,5580,United States,90004,FUR-CH-10003833,1,0.8066666666666666,Alto
US-2017-108315,2017-04-30,2017-05-04,4,Standard Class,MH-18115,Mick Hernandez,Home Office,South,Florida,Sanford,Furniture,Furnishings,Tenex B1-RE Series Chair Mats for Low Pile Carpets,220.704,6,0.2,-8.2764,-0.0375,Medio,Perdida,1,2017,4,2,8565,United States,32771,FUR-FU-10000747,1,0.8033333333333333,Alto
CA-2014-129924,2014-07-12,2014-07-17,5,Standard Class,AC-10420,Alyssa Crouse,Corporate,West,California,San Francisco,Furniture,Tables,Hon 5100 Series Wood Tables,698.352,3,0.2,-17.4588,-0.025,Medio,Perdida,1,2014,7,3,339,United States,94122,FUR-TA-10004575,1,0.8033333333333333,Alto
US-2016-166660,2016-01-30,2016-02-01,2,Second Class,TB-21250,Tim Brockman,Consumer,West,Washington,Seattle,Furniture,Chairs,Global Deluxe High-Back Office Chair in Storm,435.168,4,0.2,-59.8356,-0.1374999999999999,Medio,Perdida,1,2016,1,1,7565,United States,98103,FUR-CH-10001190,1,0.8033333333333333,Alto
CA-2017-108070,2017-04-16,2017-04-20,4,Standard Class,JE-15745,Joel Eaton,Consumer,West,California,San Jose,Furniture,Bookcases,O'Sullivan Living Dimensions 2-Shelf Bookcases,102.833,1,0.15,-6.049,-0.0588235294117647,Medio,Perdida,1,2017,4,2,2547,United States,95123,FUR-BO-10001337,1,0.8033333333333333,Alto
CA-2016-124793,2016-03-14,2016-03-16,2,First Class,MM-18280,Muhammed MacIntyre,Corporate,West,Washington,Seattle,Furniture,Chairs,"Global High-Back Leather Tilter, Burgundy",196.784,2,0.2,-22.1382,-0.1125,Medio,Perdida,1,2016,3,1,4259,United States,98103,FUR-CH-10002880,1,0.8,Alto
CA-2017-154011,2017-06-19,2017-06-26,7,Standard Class,DB-13270,Deborah Brumfield,Home Office,Central,Texas,Dallas,Furniture,Tables,"Chromcraft Bull-Nose Wood Round Conference Table Top, Wood Base",457.485,3,0.3,-84.9615,-0.1857142857142857,Medio,Perdida,1,2017,6,2,9288,United States,75081,FUR-TA-10000688,1,0.8,Alto
CA-2017-117632,2017-05-12,2017-05-18,6,Standard Class,CS-12175,Charles Sheldon,Corporate,West,California,San Francisco,Furniture,Tables,"Lesro Sheffield Collection Coffee Table, End Table, Center Table, Corner Table",285.48,5,0.2,-10.7055,-0.0375,Medio,Perdida,1,2017,5,2,5823,United States,94122,FUR-TA-10001520,1,0.8,Alto
US-2017-150070,2017-09-07,2017-09-12,5,Standard Class,JA-15970,Joseph Airdo,Consumer,West,California,Modesto,Furniture,Chairs,Global Low Back Tilter Chair,161.568,2,0.2,-28.2744,-0.175,Medio,Perdida,1,2017,9,3,8125,United States,95351,FUR-CH-10004860,1,0.8,Alto
CA-2015-130848,2015-10-25,2015-10-25,0,Same Day,DG-13300,Deirdre Greer,Corporate,West,Colorado,Denver,Furniture,Chairs,Global Highback Leather Tilter in Burgundy,582.336,8,0.2,-29.1168,-0.05,Medio,Perdida,1,2015,10,4,9393,United States,80219,FUR-CH-10000422,1,0.8,Alto
CA-2017-158246,2017-11-09,2017-11-11,2,First Class,JB-15400,Jennifer Braxton,Corporate,West,California,Sunnyvale,Furniture,Chairs,"Global Leather Task Chair, Black",215.976,3,0.2,-2.6997,-0.0125,Medio,Perdida,1,2017,11,4,2122,United States,94086,FUR-CH-10003061,1,0.8,Alto
CA-2014-156790,2014-08-08,2014-08-10,2,Second Class,VG-21790,Vivek Gonzalez,Consumer,South,Florida,Jacksonville,Furniture,Bookcases,O'Sullivan 2-Shelf Heavy-Duty Bookcases,155.456,4,0.2,-7.7728,-0.05,Medio,Perdida,1,2014,8,3,8955,United States,32216,FUR-BO-10000468,1,0.7966666666666666,Alto
CA-2017-123491,2017-10-30,2017-11-05,6,Standard Class,JK-15205,Jamie Kunitz,Consumer,West,California,San Francisco,Furniture,Chairs,"Global Leather Task Chair, Black",71.992,1,0.2,-0.8999,-0.0124999999999999,Medio,Perdida,1,2017,10,4,1710,United States,94122,FUR-CH-10003061,1,0.7966666666666666,Alto
CA-2017-135076,2017-04-13,2017-04-17,4,Standard Class,YS-21880,Yana Sorensen,Corporate,West,California,Hesperia,Furniture,Chairs,"Global Wood Trimmed Manager's Task Chair, Khaki",436.704,6,0.2,-38.2116,-0.0875,Medio,Perdida,1,2017,4,2,8340,United States,92345,FUR-CH-10003774,1,0.7933333333333333,Alto
US-2014-164406,2014-08-15,2014-08-19,4,Standard Class,BD-11605,Brian Dahlen,Consumer,West,California,San Francisco,Furniture,Chairs,Novimex Fabric Task Chair,195.136,4,0.2,-12.196,-0.0625,Medio,Perdida,1,2014,8,3,9827,United States,94122,FUR-CH-10003833,1,0.7933333333333333,Alto
CA-2014-164210,2014-11-18,2014-11-20,2,Second Class,PW-19240,Pierre Wener,Consumer,West,Colorado,Louisville,Furniture,Tables,Bevis Rectangular Conference Tables,145.98,2,0.5,-99.2664,-0.68,Alto,Perdida,1,2014,11,4,2438,United States,80027,FUR-TA-10000849,1,0.7933333333333333,Alto
CA-2014-112158,2014-12-02,2014-12-04,2,First Class,DP-13165,David Philippe,Consumer,East,New York,New York City,Furniture,Bookcases,O'Sullivan Living Dimensions 5-Shelf Bookcases,883.92,5,0.2,-110.49,-0.125,Medio,Perdida,1,2014,12,4,709,United States,10035,FUR-BO-10003272,1,0.79,Alto
CA-2017-104003,2017-10-07,2017-10-13,6,Standard Class,DC-13285,Debra Catini,Consumer,West,California,San Francisco,Furniture,Bookcases,O'Sullivan Manor Hill 2-Door Library in Brianna Oak,307.666,2,0.15,-14.4784,-0.0470588235294117,Medio,Perdida,1,2017,10,4,1715,United States,94110,FUR-BO-10003965,1,0.7866666666666666,Alto
CA-2017-142622,2017-10-30,2017-11-02,3,First Class,JK-15625,Jim Karlsson,Consumer,West,Washington,Seattle,Furniture,Chairs,Global Super Steno Chair,614.272,8,0.2,-23.0352,-0.0375,Medio,Perdida,1,2017,10,4,2281,United States,98115,FUR-CH-10004289,1,0.7866666666666666,Alto
CA-2015-161627,2015-07-06,2015-07-11,5,Standard Class,SJ-20215,Sarah Jordon,Consumer,West,California,Pasadena,Furniture,Chairs,Novimex Turbo Task Chair,170.352,3,0.2,-17.0352,-0.0999999999999999,Medio,Perdida,1,2015,7,3,5164,United States,91104,FUR-CH-10003968,1,0.78,Alto
US-2014-151925,2014-09-26,2014-10-01,5,Second Class,KT-16465,Kean Takahito,Consumer,West,California,Los Angeles,Furniture,Chairs,"Leather Task Chair, Black",145.568,2,0.2,0.0,0.0,Medio,Perdida,1,2014,9,3,1360,United States,90049,FUR-CH-10002961,1,0.78,Alto
CA-2016-164889,2016-06-03,2016-06-06,3,Second Class,CP-12340,Christine Phan,Corporate,West,California,Los Angeles,Furniture,Tables,Hon 61000 Series Interactive Training Tables,71.088,2,0.2,-1.7772,-0.025,Medio,Perdida,1,2016,6,2,9938,United States,90049,FUR-TA-10001676,1,0.78,Alto
CA-2016-144148,2016-07-31,2016-08-05,5,Standard Class,AH-10690,Anna Hberlin,Corporate,West,California,San Francisco,Furniture,Tables,Laminate Occasional Tables,863.128,7,0.2,-32.3673,-0.0375,Medio,Perdida,1,2016,7,3,8168,United States,94122,FUR-TA-10002774,1,0.78,Alto
CA-2017-129490,2017-09-26,2017-09-30,4,Standard Class,SJ-20125,Sanjit Jacobs,Home Office,South,Florida,Miramar,Furniture,Chairs,"Office Star - Contemporary Task Swivel chair with Loop Arms, Charcoal",419.136,4,0.2,-57.6312,-0.1374999999999999,Medio,Perdida,1,2017,9,3,4564,United States,33023,FUR-CH-10003298,1,0.78,Alto
CA-2017-131492,2017-10-19,2017-10-24,5,Second Class,HH-15010,Hilary Holden,Corporate,West,California,San Francisco,Furniture,Tables,Anderson Hickey Conga Table Tops & Accessories,24.368,2,0.2,-3.3506,-0.1375,Medio,Perdida,1,2017,10,4,3060,United States,94110,FUR-TA-10003837,1,0.78,Alto
CA-2017-116127,2017-06-25,2017-06-27,2,Second Class,SB-20185,Sarah Brown,Consumer,East,New York,New York City,Furniture,Bookcases,DMI Eclipse Executive Suite Bookcases,400.784,1,0.2,-5.0098,-0.0125,Medio,Perdida,1,2017,6,2,9584,United States,10024,FUR-BO-10002213,1,0.7733333333333333,Alto
US-2016-112977,2016-03-10,2016-03-16,6,Standard Class,CJ-12010,Caroline Jumper,Consumer,East,New York,Long Beach,Furniture,Bookcases,O'Sullivan Living Dimensions 5-Shelf Bookcases,176.784,1,0.2,-22.098,-0.125,Medio,Perdida,1,2016,3,1,1876,United States,11561,FUR-BO-10003272,1,0.7733333333333333,Alto
CA-2015-153388,2015-08-01,2015-08-07,6,Standard Class,PC-19000,Pauline Chand,Home Office,West,California,Los Angeles,Furniture,Tables,Hon 2111 Invitation Series Corner Table,1004.976,6,0.2,-175.8708,-0.175,Medio,Perdida,1,2015,8,3,1506,United States,90004,FUR-TA-10003715,1,0.77,Alto
US-2014-157385,2014-11-23,2014-11-25,2,First Class,SC-20095,Sanjit Chand,Consumer,West,California,Los Angeles,Furniture,Chairs,Novimex Swivel Fabric Task Chair,603.92,5,0.2,-67.941,-0.1125,Medio,Perdida,1,2014,11,4,1571,United States,90004,FUR-CH-10000863,1,0.77,Alto
CA-2017-101749,2017-10-03,2017-10-08,5,Standard Class,AS-10045,Aaron Smayling,Corporate,West,California,Pasadena,Furniture,Tables,"Lesro Sheffield Collection Coffee Table, End Table, Center Table, Corner Table",171.288,3,0.2,-6.4233,-0.0375,Medio,Perdida,1,2017,10,4,3040,United States,91104,FUR-TA-10001520,1,0.7666666666666667,Alto
CA-2014-119151,2014-11-25,2014-11-29,4,Second Class,MP-18175,Mike Pelletier,Home Office,East,New York,New York City,Furniture,Bookcases,"Sauder Camden County Collection Libraries, Planked Cherry Finish",275.952,3,0.2,-37.9434,-0.1374999999999999,Medio,Perdida,1,2014,11,4,4728,United States,10009,FUR-BO-10003159,1,0.7666666666666667,Alto
CA-2016-146325,2016-12-14,2016-12-17,3,First Class,DS-13180,David Smith,Corporate,West,California,San Diego,Furniture,Chairs,"Global Task Chair, Black",81.424,2,0.2,-9.1602,-0.1124999999999999,Medio,Perdida,1,2016,12,4,7941,United States,92037,FUR-CH-10001146,1,0.7666666666666667,Alto
US-2016-114293,2016-11-21,2016-11-26,5,Standard Class,JH-16180,Justin Hirsh,Consumer,West,Oregon,Gresham,Furniture,Chairs,Novimex Fabric Task Chair,195.136,4,0.2,-12.196,-0.0625,Medio,Perdida,1,2016,11,4,3033,United States,97030,FUR-CH-10003833,1,0.7633333333333333,Alto
CA-2016-142895,2016-07-21,2016-07-26,5,Standard Class,BP-11290,Beth Paige,Consumer,South,North Carolina,Concord,Furniture,Chairs,"Leather Task Chair, Black",363.92,5,0.2,0.0,0.0,Medio,Perdida,1,2016,7,3,5834,United States,28027,FUR-CH-10002961,1,0.7633333333333333,Alto
CA-2015-132388,2015-10-10,2015-10-12,2,First Class,KN-16390,Katherine Nockton,Corporate,West,California,Santa Barbara,Furniture,Chairs,"Global Leather & Oak Executive Chair, Burgundy",362.136,3,0.2,-54.3204,-0.15,Medio,Perdida,1,2015,10,4,9913,United States,93101,FUR-CH-10001714,1,0.7633333333333333,Alto
US-2015-134026,2015-04-26,2015-05-02,6,Standard Class,JE-15745,Joel Eaton,Consumer,South,Tennessee,Memphis,Furniture,Chairs,High-Back Leather Manager's Chair,831.936,8,0.2,-114.3912,-0.1374999999999999,Medio,Perdida,1,2015,4,2,73,United States,38109,FUR-CH-10000513,1,0.76,Alto
CA-2017-134495,2017-04-01,2017-04-04,3,Second Class,BF-11020,Barry Franzsisch,Corporate,South,Florida,Jacksonville,Furniture,Chairs,"Global Wood Trimmed Manager's Task Chair, Khaki",218.352,3,0.2,-19.1058,-0.0875,Medio,Perdida,1,2017,4,2,5491,United States,32216,FUR-CH-10003774,1,0.76,Alto
CA-2017-102204,2017-05-01,2017-05-06,5,Standard Class,CJ-12010,Caroline Jumper,Consumer,South,Florida,Jacksonville,Furniture,Chairs,HON 5400 Series Task Chairs for Big and Tall,2803.92,5,0.2,0.0,0.0,Medio,Perdida,1,2017,5,2,8237,United States,32216,FUR-CH-10002024,1,0.76,Alto
US-2016-153815,2016-11-06,2016-11-09,3,First Class,KL-16555,Kelly Lampkin,Corporate,South,Florida,Jacksonville,Furniture,Chairs,High-Back Leather Manager's Chair,207.984,2,0.2,-28.5978,-0.1374999999999999,Medio,Perdida,1,2016,11,4,4971,United States,32216,FUR-CH-10000513,1,0.7566666666666667,Alto
CA-2015-102316,2015-03-01,2015-03-03,2,Second Class,DH-13075,Dave Hallsten,Corporate,West,California,Los Angeles,Furniture,Chairs,Global Deluxe Steno Chair,184.752,3,0.2,-20.7846,-0.1125,Medio,Perdida,1,2015,3,1,8503,United States,90045,FUR-CH-10003396,1,0.7566666666666667,Alto
CA-2016-142398,2016-04-12,2016-04-16,4,Standard Class,BP-11290,Beth Paige,Consumer,West,California,Los Angeles,Furniture,Chairs,Hon Comfortask Task/Swivel Chairs,638.288,7,0.2,-31.9144,-0.05,Medio,Perdida,1,2016,4,2,5775,United States,90036,FUR-CH-10001545,1,0.7566666666666667,Alto
CA-2016-153101,2016-09-08,2016-09-08,0,Same Day,PJ-19015,Pauline Johnson,Consumer,West,California,Santa Ana,Furniture,Tables,"Lesro Round Back Collection Coffee Table, End Table",146.04,1,0.2,-12.7785,-0.0875,Medio,Perdida,1,2016,9,3,6834,United States,92704,FUR-TA-10003008,1,0.7566666666666667,Alto
CA-2016-165330,2016-12-11,2016-12-11,0,Same Day,WB-21850,William Brown,Consumer,West,California,Anaheim,Furniture,Chairs,"Global Wood Trimmed Manager's Task Chair, Khaki",363.92,5,0.2,-31.843,-0.0875,Medio,Perdida,1,2016,12,4,7055,United States,92804,FUR-CH-10003774,1,0.75,Alto
US-2016-125969,2016-11-06,2016-11-10,4,Second Class,LS-16975,Lindsay Shagiari,Home Office,West,California,Los Angeles,Furniture,Chairs,"Global Task Chair, Black",81.424,2,0.2,-9.1602,-0.1124999999999999,Medio,Perdida,1,2016,11,4,129,United States,90004,FUR-CH-10001146,1,0.75,Alto
US-2015-126977,2015-09-17,2015-09-23,6,Standard Class,PF-19120,Peter Fuller,Consumer,East,New York,New York City,Furniture,Bookcases,DMI Eclipse Executive Suite Bookcases,2003.92,5,0.2,-25.049,-0.0124999999999999,Medio,Perdida,1,2015,9,3,5919,United States,10035,FUR-BO-10002213,1,0.75,Alto
CA-2016-118129,2016-12-19,2016-12-21,2,Second Class,CL-12565,Clay Ludtke,Consumer,East,Pennsylvania,Reading,Furniture,Furnishings,"Eldon ""L"" Workstation Diamond Chairmat",303.92,5,0.2,-30.392,-0.0999999999999999,Medio,Perdida,1,2016,12,4,8430,United States,19601,FUR-FU-10004904,1,0.7466666666666667,Alto
US-2017-112347,2017-12-02,2017-12-06,4,Standard Class,BS-11380,Bill Stewart,Corporate,West,Colorado,Denver,Furniture,Furnishings,"Tenex 46"" x 60"" Computer Anti-Static Chairmat, Rectangular Shaped",508.704,6,0.2,0.0,0.0,Medio,Perdida,1,2017,12,4,7543,United States,80219,FUR-FU-10001488,1,0.7466666666666667,Alto
CA-2015-113404,2015-07-16,2015-07-16,0,Same Day,EM-13810,Eleni McCrary,Corporate,West,California,San Francisco,Furniture,Chairs,Hon 2090 ÒPillow SoftÓ Series Mid Back Swivel/Tilt Chairs,1348.704,6,0.2,-219.1644,-0.1625,Medio,Perdida,1,2015,7,3,2540,United States,94122,FUR-CH-10003312,1,0.7466666666666667,Alto
CA-2017-156951,2017-10-01,2017-10-08,7,Standard Class,EB-13840,Ellis Ballard,Corporate,West,Washington,Seattle,Furniture,Chairs,Hon Every-Day Series Multi-Task Chairs,451.152,3,0.2,0.0,0.0,Medio,Perdida,1,2017,10,4,570,United States,98105,FUR-CH-10004997,1,0.7433333333333333,Alto
CA-2016-116722,2016-11-11,2016-11-16,5,Standard Class,LP-17080,Liz Pelletier,Consumer,West,California,San Francisco,Furniture,Chairs,Hon Every-Day Series Multi-Task Chairs,451.152,3,0.2,0.0,0.0,Medio,Perdida,1,2016,11,4,8121,United States,94110,FUR-CH-10004997,1,0.74,Alto
CA-2016-125017,2016-02-06,2016-02-11,5,Standard Class,KB-16240,Karen Bern,Corporate,South,Tennessee,Chattanooga,Furniture,Furnishings,"Deflect-o EconoMat Studded, No Bevel Mat for Low Pile Carpeting",132.224,4,0.2,-18.1808,-0.1375,Medio,Perdida,1,2016,2,1,5810,United States,37421,FUR-FU-10000723,1,0.74,Alto
CA-2016-136406,2016-04-15,2016-04-17,2,Second Class,BD-11320,Bill Donatelli,Consumer,West,California,San Francisco,Furniture,Chairs,HON 5400 Series Task Chairs for Big and Tall,1121.568,2,0.2,0.0,0.0,Medio,Perdida,1,2016,4,2,552,United States,94110,FUR-CH-10002024,1,0.7366666666666667,Alto
CA-2017-148999,2017-01-30,2017-02-04,5,Standard Class,EB-13870,Emily Burns,Consumer,South,Florida,Miami,Furniture,Chairs,"Office Star - Contemporary Task Swivel chair with 2-way adjustable arms, Plum",419.136,4,0.2,-68.1096,-0.1624999999999999,Medio,Perdida,1,2017,1,1,5485,United States,33142,FUR-CH-10002044,1,0.7366666666666667,Alto
CA-2014-165764,2014-11-03,2014-11-07,4,Standard Class,SH-20395,Shahid Hopkins,Consumer,South,North Carolina,Jacksonville,Furniture,Furnishings,Tenex Antistatic Computer Chair Mats,410.352,3,0.2,-51.294,-0.125,Medio,Perdida,1,2014,11,4,6433,United States,28540,FUR-FU-10001468,1,0.7366666666666667,Alto
US-2016-129469,2016-09-23,2016-09-27,4,Standard Class,KL-16555,Kelly Lampkin,Corporate,East,Ohio,Fairfield,Furniture,Furnishings,"Rubbermaid ClusterMat Chairmats, Mat Size- 66"" x 60"", Lip 20"" x 11"" -90 Degree Angle",532.704,6,0.2,-26.6352,-0.05,Medio,Perdida,1,2016,9,3,2369,United States,45014,FUR-FU-10002298,1,0.7366666666666667,Alto
CA-2016-164399,2016-11-12,2016-11-15,3,First Class,DW-13480,Dianna Wilson,Home Office,West,California,San Diego,Furniture,Tables,Global Adaptabilities Conference Tables,674.352,3,0.2,-8.4294,-0.0124999999999999,Medio,Perdida,1,2016,11,4,7191,United States,92024,FUR-TA-10003392,1,0.7333333333333333,Alto
CA-2015-129896,2015-06-15,2015-06-20,5,Standard Class,PF-19120,Peter Fuller,Consumer,West,Arizona,Gilbert,Furniture,Furnishings,"Eldon ""L"" Workstation Diamond Chairmat",364.704,6,0.2,-36.4704,-0.0999999999999999,Medio,Perdida,1,2015,6,2,3883,United States,85234,FUR-FU-10004904,1,0.7333333333333333,Alto
CA-2016-169103,2016-03-08,2016-03-13,5,Standard Class,ZC-21910,Zuschuss Carroll,Consumer,South,Florida,Miami,Furniture,Furnishings,"Deflect-o DuraMat Lighweight, Studded, Beveled Mat for Low Pile Carpeting",102.36,3,0.2,-3.8385,-0.0375,Medio,Perdida,1,2016,3,1,1048,United States,33142,FUR-FU-10004006,1,0.7333333333333333,Alto
CA-2014-100090,2014-07-08,2014-07-12,4,Standard Class,EB-13705,Ed Braxton,Corporate,West,California,San Francisco,Furniture,Tables,Hon 2111 Invitation Series Corner Table,502.488,3,0.2,-87.9354,-0.175,Medio,Perdida,1,2014,7,3,6288,United States,94122,FUR-TA-10003715,1,0.73,Alto
CA-2014-157924,2014-10-11,2014-10-13,2,First Class,HA-14920,Helen Andreada,Consumer,West,California,Pasadena,Furniture,Chairs,Global Enterprise Series Seating High-Back Swivel/Tilt Chairs,433.568,2,0.2,-65.0352,-0.15,Medio,Perdida,1,2014,10,4,4169,United States,91104,FUR-CH-10000229,1,0.7266666666666667,Alto
US-2017-155425,2017-11-10,2017-11-11,1,First Class,AB-10600,Ann Blume,Corporate,West,Arizona,Tucson,Furniture,Chairs,Hon 2090 ÒPillow SoftÓ Series Mid Back Swivel/Tilt Chairs,899.136,4,0.2,-146.1096,-0.1625,Medio,Perdida,1,2017,11,4,1368,United States,85705,FUR-CH-10003312,1,0.72,Alto
CA-2016-107146,2016-06-17,2016-06-19,2,First Class,LC-16885,Lena Creighton,Consumer,West,Colorado,Longmont,Furniture,Furnishings,"Rubbermaid ClusterMat Chairmats, Mat Size- 66"" x 60"", Lip 20"" x 11"" -90 Degree Angle",266.352,3,0.2,-13.3176,-0.05,Medio,Perdida,1,2016,6,2,7532,United States,80501,FUR-FU-10002298,1,0.72,Alto
CA-2017-103499,2017-11-20,2017-11-24,4,Standard Class,ES-14020,Erica Smith,Consumer,South,Tennessee,Jackson,Furniture,Chairs,Office Star - Mesh Screen back chair with Vinyl seat,209.568,2,0.2,-23.5764,-0.1124999999999999,Medio,Perdida,1,2017,11,4,4753,United States,38301,FUR-CH-10001482,1,0.72,Alto
CA-2014-131247,2014-03-30,2014-04-04,5,Standard Class,GA-14725,Guy Armstrong,Consumer,West,California,San Francisco,Furniture,Bookcases,O'Sullivan Living Dimensions 2-Shelf Bookcases,205.666,2,0.15,-12.098,-0.0588235294117647,Medio,Perdida,1,2014,3,1,6139,United States,94110,FUR-BO-10001337,1,0.7166666666666667,Alto
CA-2014-102295,2014-11-24,2014-11-26,2,Second Class,EH-13990,Erica Hackney,Consumer,West,California,Sacramento,Furniture,Chairs,"Global Leather & Oak Executive Chair, Burgundy",120.712,1,0.2,-18.1068,-0.15,Medio,Perdida,1,2014,11,4,2367,United States,95823,FUR-CH-10001714,1,0.7166666666666667,Alto
CA-2015-113628,2015-11-12,2015-11-19,7,Standard Class,AH-10690,Anna Hberlin,Corporate,South,Florida,Plantation,Furniture,Chairs,"Office Star - Contemporary Task Swivel chair with Loop Arms, Charcoal",523.92,5,0.2,-72.039,-0.1375,Medio,Perdida,1,2015,11,4,3810,United States,33317,FUR-CH-10003298,1,0.7166666666666667,Alto
CA-2015-154970,2015-01-05,2015-01-10,5,Standard Class,SR-20740,Steven Roelle,Home Office,West,Washington,Seattle,Furniture,Chairs,Global Deluxe Steno Chair,61.584,1,0.2,-6.9282,-0.1125,Medio,Perdida,1,2015,1,1,4228,United States,98103,FUR-CH-10003396,1,0.7166666666666667,Alto
CA-2014-105648,2014-03-03,2014-03-07,4,Standard Class,EJ-14155,Eva Jacobs,Consumer,West,California,San Diego,Furniture,Tables,"Bevis Oval Conference Table, Walnut",626.352,3,0.2,-23.4882,-0.0375,Medio,Perdida,1,2014,3,1,8712,United States,92037,FUR-TA-10002958,1,0.7166666666666667,Alto
CA-2015-152891,2015-10-25,2015-10-30,5,Standard Class,TB-21625,Trudy Brown,Consumer,West,California,San Francisco,Furniture,Tables,Balt Solid Wood Rectangular Table,253.176,3,0.2,-31.647,-0.125,Medio,Perdida,1,2015,10,4,4382,United States,94110,FUR-TA-10001857,1,0.7133333333333334,Alto
US-2016-128909,2016-10-09,2016-10-11,2,Second Class,SP-20545,Sibella Parks,Corporate,East,Pennsylvania,Philadelphia,Furniture,Furnishings,Luxo Professional Magnifying Clamp-On Fluorescent Lamps,332.832,4,0.2,-24.9624,-0.075,Medio,Perdida,1,2016,10,4,6508,United States,19143,FUR-FU-10004071,1,0.7133333333333334,Alto
CA-2014-105249,2014-11-28,2014-11-28,0,Same Day,DH-13675,Duane Huffman,Home Office,West,California,San Francisco,Furniture,Bookcases,"Sauder Camden County Barrister Bookcase, Planked Cherry Finish",411.332,4,0.15,-4.8392,-0.0117647058823529,Medio,Perdida,1,2014,11,4,5495,United States,94122,FUR-BO-10000330,1,0.7133333333333334,Alto
CA-2017-138156,2017-02-11,2017-02-14,3,First Class,MM-17260,Magdelene Morse,Consumer,East,Ohio,Columbus,Furniture,Furnishings,"Deflect-o RollaMat Studded, Beveled Mat for Medium Pile Carpeting",147.568,2,0.2,-3.6892,-0.0249999999999999,Medio,Perdida,1,2017,2,1,9239,United States,43229,FUR-FU-10003601,1,0.71,Alto
CA-2015-138534,2015-07-17,2015-07-19,2,Second Class,JM-15535,Jessica Myrick,Consumer,West,California,Bakersfield,Furniture,Bookcases,"Sauder Camden County Collection Libraries, Planked Cherry Finish",195.466,2,0.15,-13.7976,-0.0705882352941176,Medio,Perdida,1,2015,7,3,2778,United States,93309,FUR-BO-10003159,1,0.7066666666666667,Alto
CA-2014-124429,2014-05-27,2014-05-27,0,Same Day,MH-17785,Maya Herman,Corporate,West,California,San Diego,Furniture,Tables,KI Conference Tables,567.12,10,0.2,-28.356,-0.05,Medio,Perdida,1,2014,5,2,747,United States,92105,FUR-TA-10002607,1,0.7066666666666667,Alto
CA-2014-148040,2014-03-22,2014-03-26,4,Standard Class,BF-11275,Beth Fritzler,Corporate,West,Arizona,Tucson,Furniture,Chairs,Office Star - Mesh Screen back chair with Vinyl seat,314.352,3,0.2,-35.3646,-0.1125,Medio,Perdida,1,2014,3,1,2872,United States,85705,FUR-CH-10001482,1,0.7066666666666667,Alto
CA-2014-166891,2014-10-04,2014-10-06,2,First Class,CC-12220,Chris Cortes,Consumer,East,New York,New York City,Furniture,Chairs,"Office Star - Contemporary Task Swivel chair with Loop Arms, Charcoal",589.41,5,0.1,-6.549,-0.0111111111111111,Bajo,Perdida,1,2014,10,4,6440,United States,10024,FUR-CH-10003298,1,0.7033333333333334,Alto
CA-2017-134915,2017-11-12,2017-11-12,0,Same Day,EM-14140,Eugene Moren,Home Office,West,Arizona,Glendale,Furniture,Furnishings,"Tenex V2T-RE Standard Weight Series Chair Mat, 45"" x 53"", Lip 25"" x 12""",113.568,2,0.2,-5.6784,-0.05,Medio,Perdida,1,2017,11,4,2953,United States,85301,FUR-FU-10000305,1,0.7033333333333334,Alto
CA-2016-163328,2016-11-04,2016-11-06,2,Second Class,TP-21565,Tracy Poddar,Corporate,West,Oregon,Eugene,Furniture,Chairs,"Office Star - Contemporary Task Swivel chair with Loop Arms, Charcoal",104.784,1,0.2,-14.4078,-0.1374999999999999,Medio,Perdida,1,2016,11,4,6307,United States,97405,FUR-CH-10003298,1,0.7,Medio
CA-2016-131289,2016-12-08,2016-12-14,6,Standard Class,SP-20620,Stefania Perrino,Corporate,West,California,San Francisco,Furniture,Tables,Hon 94000 Series Round Tables,1421.664,6,0.2,-195.4788,-0.1375,Medio,Perdida,1,2016,12,4,3481,United States,94110,FUR-TA-10003954,1,0.7,Medio
CA-2016-150350,2016-08-23,2016-08-30,7,Standard Class,MS-17770,Maxwell Schwartz,Consumer,West,Washington,Seattle,Furniture,Chairs,Office Star Flex Back Scooter Chair with White Frame,532.704,6,0.2,-39.9528,-0.075,Medio,Perdida,1,2016,8,3,3116,United States,98105,FUR-CH-10001973,1,0.6966666666666667,Medio
CA-2017-123239,2017-07-27,2017-07-31,4,Second Class,MG-18145,Mike Gockenbach,Consumer,South,Florida,Jacksonville,Furniture,Furnishings,"Eldon Delta Triangular Chair Mat, 52"" x 58"", Clear",91.032,3,0.2,-2.2758,-0.0249999999999999,Medio,Perdida,1,2017,7,3,4126,United States,32216,FUR-FU-10001602,1,0.6966666666666667,Medio
CA-2015-121720,2015-06-11,2015-06-12,1,First Class,JE-15610,Jim Epp,Corporate,South,Florida,Lakeland,Furniture,Chairs,Hon 2090 ÒPillow SoftÓ Series Mid Back Swivel/Tilt Chairs,1123.92,5,0.2,-182.637,-0.1624999999999999,Medio,Perdida,1,2015,6,2,3119,United States,33801,FUR-CH-10003312,1,0.6933333333333334,Medio
CA-2017-161067,2017-09-03,2017-09-06,3,Second Class,KB-16405,Katrina Bavinger,Home Office,East,New York,New York City,Furniture,Chairs,Global Low Back Tilter Chair,181.764,2,0.1,-8.0784,-0.0444444444444444,Bajo,Perdida,1,2017,9,3,5828,United States,10035,FUR-CH-10004860,1,0.6933333333333334,Medio
US-2017-134642,2017-02-25,2017-03-01,4,Standard Class,SW-20245,Scot Wooten,Consumer,South,North Carolina,Greenville,Furniture,Bookcases,"Bush Westfield Collection Bookcases, Medium Cherry Finish",231.92,5,0.2,5.798,0.025,Medio,Baja,0,2017,2,1,7535,United States,27834,FUR-BO-10004709,1,0.69,Medio
CA-2014-101931,2014-10-28,2014-10-31,3,First Class,TS-21370,Todd Sumrall,Corporate,West,California,Los Angeles,Furniture,Bookcases,O'Sullivan Living Dimensions 2-Shelf Bookcases,616.998,6,0.15,-36.294,-0.0588235294117647,Medio,Perdida,1,2014,10,4,3846,United States,90049,FUR-BO-10001337,1,0.69,Medio
CA-2017-168389,2017-12-11,2017-12-17,6,Standard Class,DV-13045,Darrin Van Huff,Corporate,South,Florida,Jacksonville,Furniture,Chairs,"Global Geo Office Task Chair, Gray",64.784,1,0.2,-12.147,-0.1875,Medio,Perdida,1,2017,12,4,7348,United States,32216,FUR-CH-10000225,1,0.69,Medio
CA-2017-152975,2017-09-14,2017-09-16,2,First Class,RB-19705,Roger Barcio,Home Office,East,New York,New York City,Furniture,Chairs,"Office Star - Contemporary Task Swivel chair with Loop Arms, Charcoal",589.41,5,0.1,-6.549,-0.0111111111111111,Bajo,Perdida,1,2017,9,3,9582,United States,10035,FUR-CH-10003298,1,0.69,Medio
US-2017-110576,2017-11-28,2017-12-02,4,Standard Class,RB-19795,Ross Baird,Home Office,East,Pennsylvania,Philadelphia,Furniture,Furnishings,"Deflect-o RollaMat Studded, Beveled Mat for Medium Pile Carpeting",516.488,7,0.2,-12.9122,-0.0249999999999999,Medio,Perdida,1,2017,11,4,948,United States,19120,FUR-FU-10003601,1,0.69,Medio
CA-2014-128209,2014-11-17,2014-11-22,5,Standard Class,GT-14710,Greg Tran,Consumer,East,New York,Buffalo,Furniture,Bookcases,DMI Eclipse Executive Suite Bookcases,4007.84,10,0.2,-50.098,-0.0124999999999999,Medio,Perdida,1,2014,11,4,6536,United States,14215,FUR-BO-10002213,1,0.6866666666666666,Medio
CA-2017-108112,2017-11-15,2017-11-20,5,Standard Class,DK-12895,Dana Kaydos,Consumer,South,Florida,Miramar,Furniture,Furnishings,"Tenex 46"" x 60"" Computer Anti-Static Chairmat, Rectangular Shaped",339.136,4,0.2,0.0,0.0,Medio,Perdida,1,2017,11,4,4076,United States,33023,FUR-FU-10001488,1,0.6866666666666666,Medio
CA-2014-106439,2014-10-31,2014-11-04,4,Standard Class,GG-14650,Greg Guthrie,Corporate,West,California,Los Angeles,Furniture,Chairs,Novimex Fabric Task Chair,146.352,3,0.2,-9.147,-0.0625,Medio,Perdida,1,2014,10,4,2066,United States,90049,FUR-CH-10003833,1,0.6833333333333333,Medio
CA-2017-169439,2017-09-09,2017-09-13,4,Standard Class,LC-17140,Logan Currie,Consumer,East,Ohio,Cleveland,Furniture,Furnishings,"Deflect-o EconoMat Studded, No Bevel Mat for Low Pile Carpeting",66.112,2,0.2,-9.0904,-0.1375,Medio,Perdida,1,2017,9,3,7285,United States,44105,FUR-FU-10000723,1,0.68,Medio
CA-2016-143910,2016-08-12,2016-08-16,4,Standard Class,BC-11125,Becky Castell,Home Office,East,New York,New York City,Furniture,Chairs,"Global Geo Office Task Chair, Gray",145.764,2,0.1,-8.098,-0.0555555555555555,Bajo,Perdida,1,2016,8,3,4646,United States,10011,FUR-CH-10000225,1,0.68,Medio
CA-2016-112830,2016-06-06,2016-06-10,4,Standard Class,LP-17095,Liz Preis,Consumer,East,Ohio,Fairfield,Furniture,Furnishings,"Deflect-o EconoMat Nonstudded, No Bevel Mat",82.64,2,0.2,0.0,0.0,Medio,Perdida,1,2016,6,2,9899,United States,45014,FUR-FU-10004845,1,0.68,Medio
CA-2016-113243,2016-06-10,2016-06-15,5,Standard Class,OT-18730,Olvera Toch,Consumer,West,California,Los Angeles,Furniture,Tables,Bretford ÒJust In TimeÓ Height-Adjustable Multi-Task Work Tables,1335.68,4,0.2,-217.048,-0.1625,Medio,Perdida,1,2016,6,2,558,United States,90045,FUR-TA-10004256,1,0.6766666666666666,Medio
CA-2017-140585,2017-12-18,2017-12-23,5,Second Class,RA-19915,Russell Applegate,Consumer,West,California,Encinitas,Furniture,Bookcases,"Bush Saratoga Collection 5-Shelf Bookcase, Hanover Cherry, *Special Order",119.833,1,0.15,-12.6882,-0.1058823529411764,Medio,Perdida,1,2017,12,4,1115,United States,92024,FUR-BO-10002206,1,0.6766666666666666,Medio
US-2015-153500,2015-07-03,2015-07-05,2,First Class,DG-13300,Deirdre Greer,Corporate,East,Pennsylvania,Philadelphia,Furniture,Furnishings,Eldon Antistatic Chair Mats for Low to Medium Pile Carpets,168.464,2,0.2,-29.4812,-0.175,Medio,Perdida,1,2015,7,3,1051,United States,19134,FUR-FU-10000293,1,0.67,Medio
CA-2017-128363,2017-08-13,2017-08-18,5,Standard Class,DC-12850,Dan Campbell,Consumer,South,Tennessee,Memphis,Furniture,Furnishings,Eldon Radial Chair Mat for Low to Medium Pile Carpets,31.984,1,0.2,0.0,0.0,Medio,Perdida,1,2017,8,3,7902,United States,38109,FUR-FU-10003268,1,0.67,Medio
CA-2016-144344,2016-10-28,2016-10-28,0,Same Day,PG-18820,Patrick Gardner,Consumer,South,Florida,Boynton Beach,Furniture,Furnishings,Eldon Radial Chair Mat for Low to Medium Pile Carpets,63.968,2,0.2,0.0,0.0,Medio,Perdida,1,2016,10,4,1237,United States,33437,FUR-FU-10003268,1,0.67,Medio
US-2014-159611,2014-12-27,2015-01-01,5,Second Class,KB-16315,Karl Braun,Consumer,East,Ohio,Cleveland,Furniture,Furnishings,"Eldon ""L"" Workstation Diamond Chairmat",182.352,3,0.2,-18.2352,-0.0999999999999999,Medio,Perdida,1,2014,12,4,8671,United States,44105,FUR-FU-10004904,1,0.67,Medio
US-2015-130519,2015-09-15,2015-09-15,0,Same Day,NG-18355,Nat Gilpin,Corporate,South,Florida,Coral Springs,Furniture,Furnishings,"Tenex ""The Solids"" Textured Chair Mats",55.968,1,0.2,-2.0988,-0.0375,Medio,Perdida,1,2015,9,3,1197,United States,33065,FUR-FU-10003394,1,0.6666666666666666,Medio
CA-2014-151708,2014-08-08,2014-08-14,6,Standard Class,MB-17305,Maria Bertelson,Consumer,West,Arizona,Glendale,Furniture,Furnishings,"Eldon Delta Triangular Chair Mat, 52"" x 58"", Clear",121.376,4,0.2,-3.0344,-0.025,Medio,Perdida,1,2014,8,3,1466,United States,85301,FUR-FU-10001602,1,0.6666666666666666,Medio
CA-2017-140963,2017-06-10,2017-06-13,3,First Class,MT-18070,Michelle Tran,Home Office,West,California,Los Angeles,Furniture,Bookcases,O'Sullivan Living Dimensions 2-Shelf Bookcases,514.165,5,0.15,-30.245,-0.0588235294117647,Medio,Perdida,1,2017,6,2,486,United States,90045,FUR-BO-10001337,1,0.6666666666666666,Medio
CA-2015-149083,2015-09-25,2015-09-30,5,Standard Class,SH-19975,Sally Hughsby,Corporate,West,Washington,Seattle,Furniture,Chairs,Global Super Steno Chair,307.136,4,0.2,-11.5176,-0.0375,Medio,Perdida,1,2015,9,3,7837,United States,98103,FUR-CH-10004289,1,0.6633333333333333,Medio
CA-2016-133935,2016-09-18,2016-09-22,4,Standard Class,JW-15220,Jane Waco,Corporate,West,California,San Diego,Furniture,Chairs,"Global High-Back Leather Tilter, Burgundy",885.528,9,0.2,-99.6219,-0.1124999999999999,Medio,Perdida,1,2016,9,3,5883,United States,92105,FUR-CH-10002880,1,0.6633333333333333,Medio
CA-2015-149972,2015-09-21,2015-09-23,2,First Class,CD-12790,Cynthia Delaney,Home Office,West,California,Los Angeles,Furniture,Chairs,Hon Every-Day Series Multi-Task Chairs,601.536,4,0.2,0.0,0.0,Medio,Perdida,1,2015,9,3,2786,United States,90036,FUR-CH-10004997,1,0.6466666666666666,Medio
CA-2015-125185,2015-03-05,2015-03-07,2,Second Class,AH-10195,Alan Haines,Corporate,East,Pennsylvania,Bethlehem,Furniture,Furnishings,36X48 HARDFLOOR CHAIRMAT,33.568,2,0.2,-5.4548,-0.1625,Medio,Perdida,1,2015,3,1,5256,United States,18018,FUR-FU-10003247,1,0.6433333333333333,Medio
CA-2017-145702,2017-05-19,2017-05-24,5,Second Class,AH-10075,Adam Hart,Corporate,South,Tennessee,Knoxville,Furniture,Chairs,Office Star - Mesh Screen back chair with Vinyl seat,314.352,3,0.2,-35.3646,-0.1125,Medio,Perdida,1,2017,5,2,6044,United States,37918,FUR-CH-10001482,1,0.6366666666666667,Medio
CA-2017-121125,2017-05-30,2017-06-03,4,Standard Class,MG-17890,Michael Granlund,Home Office,West,Oregon,Tigard,Furniture,Furnishings,Tensor Brushed Steel Torchiere Floor Lamp,13.592,1,0.2,-0.3398,-0.0249999999999999,Medio,Perdida,1,2017,5,2,7414,United States,97224,FUR-FU-10000820,1,0.6233333333333333,Medio
US-2017-110996,2017-11-20,2017-11-25,5,Standard Class,KA-16525,Kelly Andreada,Consumer,West,California,Ontario,Furniture,Chairs,Novimex High-Tech Fabric Mesh Task Chair,283.92,5,0.2,-46.137,-0.1625,Medio,Perdida,1,2017,11,4,2072,United States,91761,FUR-CH-10003956,1,0.62,Medio
CA-2017-137505,2017-11-24,2017-11-24,0,Same Day,BP-11290,Beth Paige,Consumer,West,California,Los Angeles,Furniture,Tables,"Hon Practical Foundations 30 x 60 Training Table, Light Gray/Charcoal",364.08,2,0.2,9.102,0.025,Medio,Baja,0,2017,11,4,9746,United States,90008,FUR-TA-10000617,1,0.5933333333333334,Medio
CA-2015-164882,2015-10-31,2015-10-31,0,Same Day,SG-20080,Sandra Glassco,Consumer,West,California,Redlands,Furniture,Chairs,"Global Fabric Manager's Chair, Dark Gray",323.136,4,0.2,20.196,0.0625,Medio,Baja,0,2015,10,4,2112,United States,92374,FUR-CH-10004218,1,0.5866666666666667,Medio
CA-2016-157686,2016-10-01,2016-10-02,1,First Class,BD-11620,Brian DeCherney,Consumer,West,California,San Francisco,Furniture,Chairs,"Global Value Mid-Back Manager's Chair, Gray",194.848,4,0.2,12.178,0.0625,Medio,Baja,0,2016,10,4,1068,United States,94122,FUR-CH-10001146,1,0.5766666666666667,Medio
CA-2015-105725,2015-02-18,2015-02-24,6,Standard Class,GT-14755,Guy Thornton,Consumer,West,California,Long Beach,Furniture,Tables,Hon 61000 Series Interactive Training Tables,35.544,1,0.2,-0.8886,-0.025,Medio,Perdida,1,2015,2,1,4740,United States,90805,FUR-TA-10001676,1,0.5633333333333334,Medio
CA-2015-146038,2015-02-09,2015-02-16,7,Standard Class,SJ-20215,Sarah Jordon,Consumer,West,California,Los Angeles,Furniture,Chairs,"Global Deluxe Stacking Chair, Gray",203.92,5,0.2,22.941,0.1125,Medio,Baja,0,2015,2,1,3273,United States,90049,FUR-CH-10002774,1,0.5633333333333334,Medio
CA-2015-168207,2015-11-02,2015-11-06,4,Standard Class,LT-17110,Liz Thompson,Consumer,West,California,San Diego,Furniture,Bookcases,O'Sullivan Living Dimensions 3-Shelf Bookcases,512.499,3,0.15,-30.147,-0.0588235294117647,Medio,Perdida,1,2015,11,4,8167,United States,92105,FUR-BO-10004357,1,0.5633333333333334,Medio
CA-2016-143609,2016-12-11,2016-12-13,2,First Class,DB-13270,Deborah Brumfield,Home Office,West,Oregon,Portland,Furniture,Chairs,"Global Fabric Manager's Chair, Dark Gray",403.92,5,0.2,25.245,0.0625,Medio,Baja,0,2016,12,4,6185,United States,97206,FUR-CH-10004218,1,0.55,Medio
US-2017-126060,2017-04-14,2017-04-18,4,Standard Class,DW-13585,Dorothy Wardle,Corporate,South,North Carolina,Fayetteville,Furniture,Bookcases,Sauder Cornerstone Collection Library,198.272,8,0.2,-32.2192,-0.1625,Medio,Perdida,1,2017,4,2,5361,United States,28314,FUR-BO-10003433,1,0.54,Medio
CA-2016-126165,2016-05-05,2016-05-07,2,Second Class,AH-10465,Amy Hunt,Consumer,West,California,San Francisco,Furniture,Tables,Hon 61000 Series Interactive Training Tables,71.088,2,0.2,-1.7772,-0.025,Medio,Perdida,1,2016,5,2,5696,United States,94109,FUR-TA-10001676,1,0.54,Medio
CA-2015-113152,2015-12-25,2015-12-30,5,Standard Class,JK-15625,Jim Karlsson,Consumer,East,New York,New York City,Furniture,Bookcases,"Atlantic Metals Mobile 4-Shelf Bookcases, Custom Colors",449.568,2,0.2,56.196,0.125,Medio,Baja,0,2015,12,4,7337,United States,10024,FUR-BO-10002613,1,0.5066666666666667,Medio
CA-2017-131807,2017-10-05,2017-10-10,5,Standard Class,GG-14650,Greg Guthrie,Corporate,West,California,Chico,Furniture,Chairs,Global Deluxe High-Back Office Chair in Storm,435.168,4,0.2,-59.8356,-0.1374999999999999,Medio,Perdida,1,2017,10,4,7956,United States,95928,FUR-CH-10001190,0,0.4866666666666667,Medio
US-2014-110674,2014-02-12,2014-02-18,6,Standard Class,SC-20095,Sanjit Chand,Consumer,West,California,Concord,Furniture,Chairs,"Global Geo Office Task Chair, Gray",129.568,2,0.2,-24.294,-0.1875,Medio,Perdida,1,2014,2,1,457,United States,94521,FUR-CH-10000225,0,0.4666666666666667,Medio
CA-2014-114335,2014-09-28,2014-10-03,5,Standard Class,XP-21865,Xylona Preis,Consumer,South,Florida,Hollywood,Furniture,Furnishings,Deflect-o DuraMat Antistatic Studded Beveled Mat for Medium Pile Carpeting,337.088,4,0.2,16.8544,0.0499999999999999,Medio,Baja,0,2014,9,3,9042,United States,33021,FUR-FU-10000277,0,0.4633333333333333,Medio
CA-2016-112830,2016-06-06,2016-06-10,4,Standard Class,LP-17095,Liz Preis,Consumer,East,Ohio,Fairfield,Furniture,Furnishings,Electrix Halogen Magnifier Lamp,466.32,3,0.2,34.974,0.075,Medio,Baja,0,2016,6,2,9898,United States,45014,FUR-FU-10004306,0,0.4633333333333333,Medio
CA-2017-161067,2017-09-03,2017-09-06,3,Second Class,KB-16405,Katrina Bavinger,Home Office,East,New York,New York City,Furniture,Chairs,Office Star Flex Back Scooter Chair with Aluminum Finish Frame,90.801,1,0.1,14.1246,0.1555555555555555,Bajo,Media,0,2017,9,3,5827,United States,10035,FUR-CH-10004626,0,0.45666666666666667,Medio
US-2017-117450,2017-09-04,2017-09-08,4,Standard Class,DO-13645,Doug O'Connell,Consumer,South,Florida,Boynton Beach,Furniture,Chairs,"Global Value Steno Chair, Gray",97.184,2,0.2,6.074,0.0625,Medio,Baja,0,2017,9,3,7304,United States,33437,FUR-CH-10003817,0,0.45666666666666667,Medio
US-2016-167339,2016-01-21,2016-01-23,2,Second Class,TD-20995,Tamara Dahlen,Consumer,West,California,San Diego,Furniture,Chairs,Global Ergonomic Managers Chair,1013.488,7,0.2,76.0116,0.075,Medio,Baja,0,2016,1,1,2877,United States,92037,FUR-CH-10000785,0,0.4533333333333333,Medio
CA-2016-112669,2016-04-14,2016-04-14,0,Same Day,KT-16465,Kean Takahito,Consumer,West,Arizona,Glendale,Furniture,Chairs,Hon 4070 Series Pagoda Armless Upholstered Stacking Chairs,933.536,4,0.2,105.0228,0.1125,Medio,Baja,0,2016,4,2,1980,United States,85301,FUR-CH-10004086,0,0.4533333333333333,Medio
CA-2015-104948,2015-11-13,2015-11-17,4,Standard Class,KH-16510,Keith Herrera,Consumer,West,California,San Bernardino,Furniture,Bookcases,O'Sullivan Living Dimensions 3-Shelf Bookcases,683.332,4,0.15,-40.196,-0.0588235294117647,Medio,Perdida,1,2015,11,4,9932,United States,92404,FUR-BO-10004357,0,0.43333333333333335,Medio
US-2015-131842,2015-12-05,2015-12-08,3,First Class,RR-19525,Rick Reed,Corporate,South,Tennessee,Nashville,Furniture,Chairs,"Global Push Button Manager's Chair, Indigo",97.424,2,0.2,10.9602,0.1125,Medio,Baja,0,2015,12,4,8648,United States,37211,FUR-CH-10004477,0,0.42333333333333334,Medio
US-2017-142188,2017-09-11,2017-09-11,0,Same Day,JF-15415,Jennifer Ferguson,Consumer,West,Washington,Seattle,Furniture,Chairs,Office Star - Contemporary Task Swivel Chair,177.568,2,0.2,8.8784,0.0499999999999999,Medio,Baja,0,2017,9,3,6232,United States,98105,FUR-CH-10003199,0,0.42,Medio
CA-2015-131597,2015-09-14,2015-09-18,4,Standard Class,SP-20620,Stefania Perrino,Corporate,West,California,Los Angeles,Furniture,Tables,KI Conference Tables,170.136,3,0.2,-8.5068,-0.05,Medio,Perdida,1,2015,9,3,1815,United States,90045,FUR-TA-10002607,0,0.42,Medio
US-2017-132031,2017-04-23,2017-04-27,4,Standard Class,PN-18775,Parhena Norris,Home Office,South,Tennessee,Clarksville,Furniture,Furnishings,Tenex Chairmats For Use with Hard Floors,77.952,3,0.2,-11.6928,-0.15,Medio,Perdida,1,2017,4,2,8472,United States,37042,FUR-FU-10000193,0,0.4166666666666667,Medio
CA-2016-139549,2016-10-20,2016-10-25,5,Standard Class,MY-18295,Muhammed Yedwab,Corporate,West,California,El Cajon,Furniture,Chairs,Hon Every-Day Chair Series Swivel Task Chairs,387.136,4,0.2,4.8392,0.0124999999999999,Medio,Baja,0,2016,10,4,8273,United States,92020,FUR-CH-10001802,0,0.41333333333333333,Medio
CA-2017-118885,2017-12-29,2018-01-02,4,Standard Class,JG-15160,James Galang,Consumer,West,California,Los Angeles,Furniture,Chairs,"Global High-Back Leather Tilter, Burgundy",393.568,4,0.2,-44.2764,-0.1125,Medio,Perdida,1,2017,12,4,1878,United States,90049,FUR-CH-10002880,0,0.4033333333333333,Medio
CA-2017-134915,2017-11-12,2017-11-12,0,Same Day,EM-14140,Eugene Moren,Home Office,West,Arizona,Glendale,Furniture,Chairs,Harbour Creations 67200 Series Stacking Chairs,113.888,2,0.2,9.9652,0.0875,Medio,Baja,0,2017,11,4,2952,United States,85301,FUR-CH-10004875,0,0.4033333333333333,Medio
CA-2016-151148,2016-09-12,2016-09-13,1,Same Day,PO-19180,Philisse Overcash,Home Office,West,Colorado,Louisville,Furniture,Chairs,"Global Stack Chair without Arms, Black",83.136,4,0.2,5.196,0.0625,Medio,Baja,0,2016,9,3,8771,United States,80027,FUR-CH-10002304,0,0.4033333333333333,Medio
CA-2017-131037,2017-08-22,2017-08-23,1,First Class,TM-21490,Tony Molinari,Consumer,West,California,San Francisco,Furniture,Tables,Hon Racetrack Conference Tables,210.008,1,0.2,2.6251,0.0125,Medio,Baja,0,2017,8,3,5235,United States,94110,FUR-TA-10001768,0,0.4,Bajo
CA-2015-113404,2015-07-16,2015-07-16,0,Same Day,EM-13810,Eleni McCrary,Corporate,West,California,San Francisco,Furniture,Chairs,Hon 4070 Series Pagoda Armless Upholstered Stacking Chairs,700.152,3,0.2,78.7671,0.1124999999999999,Medio,Baja,0,2015,7,3,2541,United States,94122,FUR-CH-10004086,0,0.3933333333333333,Bajo
CA-2014-156587,2014-03-07,2014-03-08,1,First Class,AB-10015,Aaron Bergman,Consumer,West,Washington,Seattle,Furniture,Chairs,"Global Push Button Manager's Chair, Indigo",48.712,1,0.2,5.4801,0.1125,Medio,Baja,0,2014,3,1,4962,United States,98103,FUR-CH-10004477,0,0.3933333333333333,Bajo
CA-2015-167010,2015-04-05,2015-04-10,5,Standard Class,VT-21700,Valerie Takahito,Home Office,East,Pennsylvania,Philadelphia,Furniture,Furnishings,Tenex Antistatic Computer Chair Mats,547.136,4,0.2,-68.392,-0.125,Medio,Perdida,1,2015,4,2,3907,United States,19143,FUR-FU-10001468,0,0.3933333333333333,Bajo
CA-2017-135419,2017-11-03,2017-11-09,6,Standard Class,BG-11740,Bruce Geld,Consumer,West,California,Bakersfield,Furniture,Tables,"SAFCO PlanMaster Boards, 60w x 37-1/2d, White Melamine",486.368,4,0.2,36.4776,0.075,Medio,Baja,0,2017,11,4,8305,United States,93309,FUR-TA-10001086,0,0.38333333333333336,Bajo
CA-2016-148852,2016-05-26,2016-05-31,5,Standard Class,SV-20785,Stewart Visinsky,Consumer,West,California,Santa Ana,Furniture,Chairs,Global Low Back Tilter Chair,484.704,6,0.2,-84.8232,-0.175,Medio,Perdida,1,2016,5,2,6608,United States,92704,FUR-CH-10004860,0,0.38,Bajo
US-2017-163657,2017-09-02,2017-09-06,4,Standard Class,JL-15235,Janet Lee,Consumer,West,California,Los Angeles,Furniture,Tables,Hon 2111 Invitation Series Straight Table,236.528,2,0.2,-2.9566,-0.0125,Medio,Perdida,1,2017,9,3,7441,United States,90049,FUR-TA-10004607,0,0.37333333333333335,Bajo
CA-2017-121489,2017-08-21,2017-08-25,4,Second Class,CM-11815,Candace McMahon,Corporate,West,Washington,Seattle,Furniture,Chairs,"Padded Folding Chairs, Black, 4/Carton",388.704,6,0.2,38.8704,0.0999999999999999,Medio,Baja,0,2017,8,3,8040,United States,98115,FUR-CH-10004698,0,0.3566666666666667,Bajo
CA-2017-130764,2017-10-27,2017-10-28,1,First Class,JO-15145,Jack O'Briant,Corporate,West,California,San Francisco,Furniture,Bookcases,"O'Sullivan Elevations Bookcase, Cherry Finish",556.665,5,0.15,6.549,0.0117647058823529,Medio,Baja,0,2017,10,4,4024,United States,94110,FUR-BO-10003034,0,0.35333333333333333,Bajo
CA-2016-133368,2016-01-14,2016-01-20,6,Standard Class,AG-10675,Anna Gayman,Consumer,South,North Carolina,Concord,Furniture,Furnishings,Electrix Fluorescent Magnifier Lamps & Weighted Base,315.776,8,0.2,31.5776,0.0999999999999999,Medio,Baja,0,2016,1,1,7270,United States,28027,FUR-FU-10003374,0,0.35333333333333333,Bajo
CA-2016-148096,2016-08-16,2016-08-19,3,First Class,AO-10810,Anthony O'Donnell,Corporate,West,California,Los Angeles,Furniture,Tables,"Barricks 18"" x 48"" Non-Folding Utility Table with Bottom Storage Shelf",161.28,2,0.2,12.096,0.075,Medio,Baja,0,2016,8,3,6134,United States,90045,FUR-TA-10004152,0,0.35,Bajo
CA-2015-164777,2015-01-27,2015-01-29,2,First Class,SC-20305,Sean Christensen,Consumer,West,California,Los Angeles,Furniture,Chairs,HON 5400 Series Task Chairs for Big and Tall,2803.92,5,0.2,0.0,0.0,Medio,Perdida,1,2015,1,1,9413,United States,90036,FUR-CH-10002024,0,0.35,Bajo
CA-2016-159009,2016-09-23,2016-09-27,4,Standard Class,DP-13105,Dave Poirier,Corporate,West,Washington,Seattle,Furniture,Chairs,Global Deluxe Steno Chair,184.752,3,0.2,-20.7846,-0.1125,Medio,Perdida,1,2016,9,3,9352,United States,98115,FUR-CH-10003396,0,0.33666666666666667,Bajo
CA-2016-149279,2016-04-24,2016-04-28,4,Standard Class,CL-12700,Craig Leslie,Home Office,West,Colorado,Colorado Springs,Furniture,Chairs,SAFCO Arco Folding Chair,1325.76,6,0.2,149.148,0.1125,Medio,Baja,0,2016,4,2,4988,United States,80906,FUR-CH-10004287,0,0.33666666666666667,Bajo
CA-2016-145982,2016-08-27,2016-09-01,5,Second Class,TB-21055,Ted Butterfield,Consumer,East,Massachusetts,Quincy,Furniture,Tables,"SAFCO PlanMaster Heigh-Adjustable Drafting Table Base, 43w x 30d x 30-37h, Black",244.615,1,0.3,20.967,0.0857142857142857,Medio,Baja,0,2016,8,3,3343,United States,2169,FUR-TA-10001307,0,0.3333333333333333,Bajo
CA-2014-124723,2014-08-05,2014-08-12,7,Standard Class,GZ-14470,Gary Zandusky,Consumer,Central,Texas,Texas City,Furniture,Tables,"SAFCO PlanMaster Heigh-Adjustable Drafting Table Base, 43w x 30d x 30-37h, Black",489.23,2,0.3,41.934,0.0857142857142857,Medio,Baja,0,2014,8,3,8894,United States,77590,FUR-TA-10001307,0,0.33,Bajo
CA-2016-148796,2016-04-14,2016-04-18,4,Standard Class,PB-19150,Philip Brown,Consumer,West,California,Los Angeles,Furniture,Chairs,Bevis Steel Folding Chairs,383.8,5,0.2,38.38,0.1,Medio,Baja,0,2016,4,2,418,United States,90004,FUR-CH-10004886,0,0.33,Bajo
US-2015-149629,2015-07-17,2015-07-20,3,Second Class,MP-17965,Michael Paige,Corporate,South,Florida,Port Saint Lucie,Furniture,Bookcases,"Bush Westfield Collection Bookcases, Medium Cherry Finish",231.92,5,0.2,5.798,0.025,Medio,Baja,0,2015,7,3,4000,United States,34952,FUR-BO-10004709,0,0.3233333333333333,Bajo
CA-2017-131807,2017-10-05,2017-10-10,5,Standard Class,GG-14650,Greg Guthrie,Corporate,West,California,Chico,Furniture,Tables,KI Adjustable-Height Table,206.352,3,0.2,5.1588,0.025,Medio,Baja,0,2017,10,4,7960,United States,95928,FUR-TA-10004086,0,0.32,Bajo
CA-2016-163972,2016-10-17,2016-10-21,4,Standard Class,MG-17890,Michael Granlund,Home Office,West,California,Fresno,Furniture,Bookcases,"Safco Value Mate Steel Bookcase, Baked Enamel Finish on Steel, Black",120.666,2,0.15,21.294,0.1764705882352941,Medio,Media,0,2016,10,4,8371,United States,93727,FUR-BO-10003894,0,0.32,Bajo
CA-2016-134516,2016-09-20,2016-09-25,5,Standard Class,FM-14215,Filia McAdams,Corporate,South,North Carolina,Greensboro,Furniture,Chairs,"Global High-Back Leather Tilter, Burgundy",98.392,1,0.2,-11.0691,-0.1125,Medio,Perdida,1,2016,9,3,5607,United States,27405,FUR-CH-10002880,0,0.31666666666666665,Bajo
CA-2014-125997,2014-09-20,2014-09-23,3,First Class,MW-18220,Mitch Webber,Consumer,East,New York,New York City,Furniture,Chairs,Global Leather Executive Chair,631.782,2,0.1,140.396,0.2222222222222221,Bajo,Media,0,2014,9,3,9395,United States,10011,FUR-CH-10001394,0,0.31666666666666665,Bajo
CA-2017-143378,2017-09-19,2017-09-25,6,Standard Class,JR-16210,Justin Ritter,Corporate,West,Oregon,Springfield,Furniture,Furnishings,"Howard Miller 14-1/2"" Diameter Chrome Round Wall Clock",409.216,8,0.2,61.3824,0.15,Medio,Baja,0,2017,9,3,6121,United States,97477,FUR-FU-10004864,0,0.31666666666666665,Bajo
US-2015-147739,2015-12-25,2015-12-29,4,Standard Class,JD-16150,Justin Deggeller,Corporate,East,Pennsylvania,Philadelphia,Furniture,Furnishings,Tenex Antistatic Computer Chair Mats,547.136,4,0.2,-68.392,-0.125,Medio,Perdida,1,2015,12,4,2330,United States,19140,FUR-FU-10001468,0,0.31333333333333335,Bajo
CA-2017-130141,2017-10-22,2017-10-24,2,Second Class,HA-14905,Helen Abelman,Consumer,West,Colorado,Fort Collins,Furniture,Chairs,Office Star - Ergonomic Mid Back Chair with 2-Way Adjustable Arms,579.136,4,0.2,-28.9568,-0.05,Medio,Perdida,1,2017,10,4,4643,United States,80525,FUR-CH-10000749,0,0.31,Bajo
CA-2014-116568,2014-12-14,2014-12-20,6,Standard Class,BM-11785,Bryan Mills,Consumer,South,Florida,Deltona,Furniture,Chairs,"Iceberg Nesting Folding Chair, 19w x 6d x 43h",186.304,4,0.2,13.9728,0.075,Medio,Baja,0,2014,12,4,5106,United States,32725,FUR-CH-10002439,0,0.31,Bajo
CA-2015-131422,2015-11-05,2015-11-09,4,Standard Class,GB-14530,George Bell,Corporate,South,North Carolina,Monroe,Furniture,Chairs,Harbour Creations Steel Folding Chair,207.0,3,0.2,25.875,0.125,Medio,Baja,0,2015,11,4,1833,United States,28110,FUR-CH-10001270,0,0.31,Bajo
CA-2014-114251,2014-11-05,2014-11-10,5,Standard Class,MD-17350,Maribeth Dona,Consumer,East,Pennsylvania,Philadelphia,Furniture,Furnishings,Tenex Antistatic Computer Chair Mats,273.568,2,0.2,-34.196,-0.125,Medio,Perdida,1,2014,11,4,9711,United States,19143,FUR-FU-10001468,0,0.31,Bajo
US-2017-109253,2017-08-21,2017-08-22,1,First Class,PR-18880,Patrick Ryan,Consumer,West,California,Oakland,Furniture,Tables,Chromcraft Rectangular Conference Tables,568.728,3,0.2,28.4364,0.05,Medio,Baja,0,2017,8,3,3338,United States,94601,FUR-TA-10001539,0,0.30333333333333334,Bajo
US-2015-126977,2015-09-17,2015-09-23,6,Standard Class,PF-19120,Peter Fuller,Consumer,East,New York,New York City,Furniture,Bookcases,"Riverside Palais Royal Lawyers Bookcase, Royale Cherry Finish",4228.704,6,0.2,158.5764,0.0375,Medio,Baja,0,2015,9,3,5918,United States,10035,FUR-BO-10004834,0,0.30333333333333334,Bajo
CA-2017-111388,2017-09-02,2017-09-02,0,Same Day,SU-20665,Stephanie Ulpright,Home Office,West,Washington,Seattle,Furniture,Chairs,"Global Leather Task Chair, Black",215.976,3,0.2,-2.6997,-0.0125,Medio,Perdida,1,2017,9,3,9262,United States,98103,FUR-CH-10003061,0,0.29,Bajo
CA-2017-152142,2017-11-14,2017-11-19,5,Standard Class,LW-16990,Lindsay Williams,Corporate,West,California,San Francisco,Furniture,Chairs,"Global Leather Highback Executive Chair with Pneumatic Height Adjustment, Black",321.568,2,0.2,28.1372,0.0875,Medio,Baja,0,2017,11,4,961,United States,94110,FUR-CH-10002965,0,0.29,Bajo
CA-2017-117457,2017-12-08,2017-12-12,4,Standard Class,KH-16510,Keith Herrera,Consumer,West,California,San Francisco,Furniture,Chairs,Novimex High-Tech Fabric Mesh Task Chair,113.568,2,0.2,-18.4548,-0.1625,Medio,Perdida,1,2017,12,4,414,United States,94110,FUR-CH-10003956,0,0.2866666666666667,Bajo
US-2017-142573,2017-07-18,2017-07-23,5,Standard Class,ML-17410,Maris LaWare,Consumer,West,Arizona,Phoenix,Furniture,Chairs,"Global Fabric Manager's Chair, Dark Gray",161.568,2,0.2,10.098,0.0625,Medio,Baja,0,2017,7,3,3916,United States,85023,FUR-CH-10004218,0,0.2833333333333333,Bajo
US-2014-157385,2014-11-23,2014-11-25,2,First Class,SC-20095,Sanjit Chand,Consumer,West,California,Los Angeles,Furniture,Chairs,Safco Contoured Stacking Chairs,381.44,2,0.2,23.84,0.0625,Medio,Baja,0,2014,11,4,1574,United States,90004,FUR-CH-10000595,0,0.2833333333333333,Bajo
CA-2016-160500,2016-05-05,2016-05-08,3,First Class,DM-13015,Darrin Martin,Consumer,West,California,Encinitas,Furniture,Tables,Bevis 36 x 72 Conference Tables,298.776,3,0.2,7.4694,0.025,Medio,Baja,0,2016,5,2,2821,United States,92024,FUR-TA-10003748,0,0.28,Bajo
CA-2016-144092,2016-11-05,2016-11-07,2,Second Class,LH-17155,Logan Haushalter,Consumer,West,California,San Jose,Furniture,Chairs,Harbour Creations 67200 Series Stacking Chairs,113.888,2,0.2,9.9652,0.0875,Medio,Baja,0,2016,11,4,7308,United States,95123,FUR-CH-10004875,0,0.27666666666666667,Bajo
CA-2014-160157,2014-12-20,2014-12-27,7,Standard Class,MH-17455,Mark Hamilton,Consumer,East,Ohio,Hamilton,Furniture,Furnishings,Eldon Cleatmat Plus Chair Mats for High Pile Carpets,190.848,3,0.2,-21.4704,-0.1125,Medio,Perdida,1,2014,12,4,4419,United States,45011,FUR-FU-10003773,0,0.27666666666666667,Bajo
CA-2014-123295,2014-07-18,2014-07-18,0,Same Day,AH-10120,Adrian Hane,Home Office,West,Arizona,Tucson,Furniture,Chairs,Office Star - Ergonomically Designed Knee Chair,259.136,4,0.2,-25.9136,-0.0999999999999999,Medio,Perdida,1,2014,7,3,2103,United States,85705,FUR-CH-10002372,0,0.27666666666666667,Bajo
US-2015-126753,2015-08-16,2015-08-20,4,Standard Class,SP-20860,Sung Pak,Corporate,East,Pennsylvania,Philadelphia,Furniture,Furnishings,"Tenex 46"" x 60"" Computer Anti-Static Chairmat, Rectangular Shaped",254.352,3,0.2,0.0,0.0,Medio,Perdida,1,2015,8,3,7975,United States,19134,FUR-FU-10001488,0,0.27,Bajo
US-2017-110576,2017-11-28,2017-12-02,4,Standard Class,RB-19795,Ross Baird,Home Office,East,Pennsylvania,Philadelphia,Furniture,Furnishings,Luxo Professional Fluorescent Magnifier Lamp with Clamp-Mount Base,1007.232,6,0.2,75.5424,0.075,Medio,Baja,0,2017,11,4,949,United States,19120,FUR-FU-10000576,0,0.26,Bajo
US-2015-146745,2015-09-03,2015-09-08,5,Standard Class,AS-10630,Ann Steele,Home Office,West,California,San Francisco,Furniture,Chairs,Office Star - Ergonomically Designed Knee Chair,129.568,2,0.2,-12.9568,-0.0999999999999999,Medio,Perdida,1,2015,9,3,4456,United States,94110,FUR-CH-10002372,0,0.26,Bajo
CA-2017-129378,2017-10-01,2017-10-02,1,First Class,NS-18505,Neola Schneider,Consumer,West,California,San Jose,Furniture,Chairs,"Metal Folding Chairs, Beige, 4/Carton",108.608,4,0.2,9.5032,0.0875,Medio,Baja,0,2017,10,4,2217,United States,95123,FUR-CH-10000553,0,0.25666666666666665,Bajo
CA-2017-134810,2017-05-09,2017-05-10,1,First Class,MC-17605,Matt Connell,Corporate,South,North Carolina,Jacksonville,Furniture,Chairs,Harbour Creations Steel Folding Chair,207.0,3,0.2,25.875,0.125,Medio,Baja,0,2017,5,2,8282,United States,28540,FUR-CH-10001270,0,0.25333333333333335,Bajo
CA-2015-160227,2015-11-02,2015-11-04,2,First Class,ED-13885,Emily Ducich,Home Office,East,New York,New York City,Furniture,Chairs,Hon Olson Stacker Chairs,2621.322,11,0.1,553.3902,0.2111111111111111,Bajo,Media,0,2015,11,4,9057,United States,10011,FUR-CH-10002073,0,0.25333333333333335,Bajo
US-2015-145436,2015-02-28,2015-03-04,4,Standard Class,VD-21670,Valerie Dominguez,Consumer,South,Tennessee,Columbia,Furniture,Chairs,"Global Push Button Manager's Chair, Indigo",389.696,8,0.2,43.8408,0.1125,Medio,Baja,0,2015,2,1,230,United States,38401,FUR-CH-10004477,0,0.25333333333333335,Bajo
CA-2014-103317,2014-07-05,2014-07-08,3,First Class,DM-13525,Don Miller,Corporate,South,Florida,Palm Coast,Furniture,Furnishings,Luxo Adjustable Task Clamp Lamp,213.216,3,0.2,15.9912,0.075,Medio,Baja,0,2014,7,3,5439,United States,32137,FUR-FU-10003192,0,0.25,Bajo
CA-2015-166975,2015-11-26,2015-11-30,4,Standard Class,SH-20635,Stefanie Holloman,Corporate,South,Tennessee,Jackson,Furniture,Furnishings,Howard Miller 12-3/4 Diameter Accuwave DS  Wall Clock,692.472,11,0.2,190.4298,0.275,Medio,Media,0,2015,11,4,4271,United States,38301,FUR-FU-10003930,0,0.24666666666666667,Bajo
CA-2016-113341,2016-11-25,2016-11-29,4,Standard Class,MH-17455,Mark Hamilton,Consumer,West,California,Los Angeles,Furniture,Chairs,"Padded Folding Chairs, Black, 4/Carton",194.352,3,0.2,19.4352,0.0999999999999999,Medio,Baja,0,2016,11,4,8647,United States,90032,FUR-CH-10004698,0,0.24666666666666667,Bajo
CA-2015-126137,2015-10-03,2015-10-08,5,Standard Class,BS-11755,Bruce Stewart,Consumer,West,California,Los Angeles,Furniture,Bookcases,"Safco Value Mate Series Steel Bookcases, Baked Enamel Finish on Steel, Gray",120.666,2,0.15,18.4548,0.1529411764705882,Medio,Media,0,2015,10,4,3075,United States,90032,FUR-BO-10004409,0,0.24333333333333335,Bajo
CA-2017-117212,2017-02-26,2017-02-28,2,Second Class,BT-11530,Bradley Talbott,Home Office,West,California,Los Angeles,Furniture,Chairs,GuestStacker Chair with Chrome Finish Legs,892.224,3,0.2,89.2224,0.0999999999999999,Medio,Baja,0,2017,2,1,1191,United States,90036,FUR-CH-10003973,0,0.24333333333333335,Bajo
CA-2016-100993,2016-02-05,2016-02-10,5,Standard Class,AZ-10750,Annie Zypern,Consumer,West,California,San Diego,Furniture,Tables,Chromcraft Round Conference Tables,557.728,4,0.2,6.9716,0.0125,Medio,Baja,0,2016,2,1,8144,United States,92037,FUR-TA-10001095,0,0.24333333333333335,Bajo
CA-2016-163328,2016-11-04,2016-11-06,2,Second Class,TP-21565,Tracy Poddar,Corporate,West,Oregon,Eugene,Furniture,Chairs,Global Enterprise Series Seating High-Back Swivel/Tilt Chairs,650.352,3,0.2,-97.5528,-0.15,Medio,Perdida,1,2016,11,4,6309,United States,97405,FUR-CH-10000229,0,0.24333333333333335,Bajo
CA-2016-107146,2016-06-17,2016-06-19,2,First Class,LC-16885,Lena Creighton,Consumer,West,Colorado,Longmont,Furniture,Chairs,"Global Manager's Adjustable Task Chair, Storm",483.136,4,0.2,54.3528,0.1125,Medio,Baja,0,2016,6,2,7533,United States,80501,FUR-CH-10004853,0,0.24333333333333335,Bajo
CA-2014-117464,2014-07-22,2014-07-24,2,Second Class,NP-18325,Naresj Patel,Consumer,West,California,San Francisco,Furniture,Tables,Safco Drafting Table,170.352,3,0.2,19.1646,0.1125,Medio,Baja,0,2014,7,3,7170,United States,94122,FUR-TA-10004767,0,0.24,Bajo
CA-2016-123533,2016-11-24,2016-11-30,6,Standard Class,SC-20050,Sample Company A,Home Office,South,Florida,Hialeah,Furniture,Bookcases,O'Sullivan Cherrywood Estates Traditional Bookcase,339.92,5,0.2,8.498,0.0249999999999999,Medio,Baja,0,2016,11,4,9770,United States,33012,FUR-BO-10001619,0,0.24,Bajo
CA-2017-139948,2017-07-17,2017-07-22,5,Standard Class,SW-20455,Shaun Weien,Consumer,South,Florida,Tampa,Furniture,Furnishings,"C-Line Magnetic Cubicle Keepers, Clear Polypropylene",7.904,2,0.2,2.1736,0.275,Medio,Media,0,2017,7,3,2440,United States,33614,FUR-FU-10002597,0,0.24,Bajo
CA-2017-142888,2017-11-21,2017-11-25,4,Standard Class,BP-11230,Benjamin Patterson,Consumer,West,Washington,Spokane,Furniture,Tables,Safco Drafting Table,70.98,1,0.0,20.5842,0.29,Bajo,Media,0,2017,11,4,1874,United States,99207,FUR-TA-10004767,0,0.23666666666666666,Bajo
CA-2017-115105,2017-02-06,2017-02-11,5,Standard Class,BD-11770,Bryan Davis,Consumer,East,New York,New York City,Furniture,Bookcases,"Atlantic Metals Mobile 5-Shelf Bookcases, Custom Colors",240.784,1,0.2,30.098,0.125,Medio,Baja,0,2017,2,1,5973,United States,10024,FUR-BO-10001811,0,0.23666666666666666,Bajo
CA-2017-131233,2017-04-14,2017-04-19,5,Standard Class,CS-12355,Christine Sundaresam,Consumer,East,New York,New York City,Furniture,Bookcases,"Bush Westfield Collection Bookcases, Fully Assembled",242.352,3,0.2,9.0882,0.0375,Medio,Baja,0,2017,4,2,3101,United States,10024,FUR-BO-10003441,0,0.23666666666666666,Bajo
US-2014-165862,2014-07-13,2014-07-17,4,Standard Class,GK-14620,Grace Kelly,Corporate,West,California,Los Angeles,Furniture,Tables,Bevis Round Conference Table Top & Single Column Base,351.216,3,0.2,4.3902,0.0125,Medio,Baja,0,2014,7,3,4552,United States,90049,FUR-TA-10002855,0,0.23666666666666666,Bajo
CA-2014-150301,2014-07-08,2014-07-10,2,First Class,MH-18025,Michelle Huthwaite,Consumer,East,New York,Buffalo,Furniture,Chairs,"Situations Contoured Folding Chairs, 4/Set",63.882,1,0.1,10.647,0.1666666666666666,Bajo,Media,0,2014,7,3,4780,United States,14215,FUR-CH-10002647,0,0.23333333333333334,Bajo
CA-2016-161746,2016-10-21,2016-10-27,6,Standard Class,CS-11950,Carlos Soltero,Consumer,West,California,Los Angeles,Furniture,Chairs,Office Star Flex Back Scooter Chair with Aluminum Finish Frame,242.136,3,0.2,12.1068,0.05,Medio,Baja,0,2016,10,4,9707,United States,90045,FUR-CH-10004626,0,0.23333333333333334,Bajo
CA-2014-134551,2014-12-20,2014-12-25,5,Standard Class,TS-21505,Tony Sayre,Consumer,South,Tennessee,Columbia,Furniture,Chairs,SAFCO Arco Folding Chair,662.88,3,0.2,74.574,0.1125,Medio,Baja,0,2014,12,4,3321,United States,38401,FUR-CH-10004287,0,0.23,Bajo
CA-2016-157707,2016-10-10,2016-10-12,2,First Class,CC-12610,Corey Catlett,Corporate,West,Colorado,Denver,Furniture,Chairs,"Global Manager's Adjustable Task Chair, Storm",120.784,1,0.2,13.5882,0.1125,Medio,Baja,0,2016,10,4,7970,United States,80219,FUR-CH-10004853,0,0.22666666666666666,Bajo
CA-2016-128223,2016-06-14,2016-06-14,0,Same Day,EB-13705,Ed Braxton,Corporate,West,California,Anaheim,Furniture,Tables,"Bush Cubix Conference Tables, Fully Assembled",1293.488,7,0.2,80.843,0.0625,Medio,Baja,0,2016,6,2,5871,United States,92804,FUR-TA-10001771,0,0.22333333333333333,Bajo
CA-2014-111451,2014-12-26,2014-12-28,2,First Class,KL-16555,Kelly Lampkin,Corporate,West,Colorado,Colorado Springs,Furniture,Furnishings,"Howard Miller 13"" Diameter Goldtone Round Wall Clock",300.416,8,0.2,78.8592,0.2625,Medio,Media,0,2014,12,4,294,United States,80906,FUR-FU-10004091,0,0.22333333333333333,Bajo
CA-2014-138681,2014-12-20,2014-12-22,2,First Class,CT-11995,Carol Triggs,Consumer,West,Arizona,Tucson,Furniture,Chairs,Global Low Back Tilter Chair,242.352,3,0.2,-42.4116,-0.175,Medio,Perdida,1,2014,12,4,4692,United States,85705,FUR-CH-10004860,0,0.22333333333333333,Bajo
CA-2017-161480,2017-12-25,2017-12-29,4,Standard Class,RA-19285,Ralph Arnett,Consumer,East,New York,New York City,Furniture,Bookcases,"Bush Andora Bookcase, Maple/Graphite Gray Finish",191.984,2,0.2,4.7996,0.0249999999999999,Medio,Baja,0,2017,12,4,689,United States,10035,FUR-BO-10004015,0,0.22,Bajo
CA-2016-118745,2016-06-11,2016-06-16,5,Standard Class,SV-20365,Seth Vernon,Consumer,West,California,Los Angeles,Furniture,Tables,Bretford Rectangular Conference Table Tops,902.712,3,0.2,33.8517,0.0375,Medio,Baja,0,2016,6,2,8370,United States,90049,FUR-TA-10003473,0,0.22,Bajo
CA-2017-161956,2017-08-27,2017-08-29,2,Second Class,DR-12880,Dan Reichenbach,Corporate,West,California,Inglewood,Furniture,Chairs,Bevis Steel Folding Chairs,230.28,3,0.2,23.028,0.0999999999999999,Medio,Baja,0,2017,8,3,3752,United States,90301,FUR-CH-10004886,0,0.22,Bajo
CA-2015-137925,2015-11-30,2015-12-04,4,Standard Class,JL-15235,Janet Lee,Consumer,East,New York,New York City,Furniture,Bookcases,"Hon Metal Bookcases, Black",681.408,12,0.2,42.588,0.0625,Medio,Baja,0,2015,11,4,6926,United States,10035,FUR-BO-10001608,0,0.22,Bajo
CA-2015-149097,2015-10-20,2015-10-24,4,Standard Class,SV-20785,Stewart Visinsky,Consumer,West,California,Los Angeles,Furniture,Tables,"SAFCO PlanMaster Boards, 60w x 37-1/2d, White Melamine",364.776,3,0.2,27.3582,0.075,Medio,Baja,0,2015,10,4,9059,United States,90045,FUR-TA-10001086,0,0.21333333333333335,Bajo
CA-2017-143259,2017-12-30,2018-01-03,4,Standard Class,PO-18865,Patrick O'Donnell,Consumer,East,New York,New York City,Furniture,Bookcases,"Bush Westfield Collection Bookcases, Fully Assembled",323.136,4,0.2,12.1176,0.0375,Medio,Baja,0,2017,12,4,907,United States,10009,FUR-BO-10003441,0,0.21333333333333335,Bajo
CA-2015-156734,2015-06-18,2015-06-20,2,First Class,BV-11245,Benjamin Venier,Corporate,South,Tennessee,Smyrna,Furniture,Chairs,"Global Leather Highback Executive Chair with Pneumatic Height Adjustment, Black",643.136,4,0.2,56.2744,0.0875,Medio,Baja,0,2015,6,2,6731,United States,37167,FUR-CH-10002965,0,0.21333333333333335,Bajo
CA-2014-157147,2014-01-13,2014-01-18,5,Standard Class,BD-11605,Brian Dahlen,Consumer,West,California,San Francisco,Furniture,Bookcases,"O'Sullivan Elevations Bookcase, Cherry Finish",333.999,3,0.15,3.9294,0.0117647058823529,Medio,Baja,0,2014,1,1,4939,United States,94109,FUR-BO-10003034,0,0.21333333333333335,Bajo
CA-2016-118899,2016-03-22,2016-03-22,0,Same Day,MC-17275,Marc Crier,Consumer,West,Washington,Seattle,Furniture,Chairs,"Global Stack Chair with Arms, Black",167.888,7,0.2,14.6902,0.0875,Medio,Baja,0,2016,3,1,7695,United States,98103,FUR-CH-10004754,0,0.21,Bajo
US-2016-159415,2016-04-17,2016-04-22,5,Standard Class,CS-12175,Charles Sheldon,Corporate,South,Tennessee,Columbia,Furniture,Furnishings,"Ultra Door Kickplate, 8""H x 34""W",79.12,5,0.2,13.846,0.175,Medio,Media,0,2016,4,2,3989,United States,38401,FUR-FU-10003798,0,0.21,Bajo
CA-2016-122448,2016-06-09,2016-06-14,5,Standard Class,DB-13210,Dean Braden,Consumer,West,California,San Francisco,Furniture,Chairs,"Global Deluxe Stacking Chair, Gray",122.352,3,0.2,13.7646,0.1124999999999999,Medio,Baja,0,2016,6,2,5468,United States,94109,FUR-CH-10002774,0,0.21,Bajo
CA-2017-162978,2017-05-04,2017-05-09,5,Standard Class,LW-16990,Lindsay Williams,Corporate,West,California,San Francisco,Furniture,Tables,Bretford Rectangular Conference Table Tops,300.904,1,0.2,11.2839,0.0375,Medio,Baja,0,2017,5,2,1355,United States,94109,FUR-TA-10003473,0,0.21,Bajo
CA-2017-139353,2017-10-28,2017-10-30,2,Second Class,JM-15250,Janet Martin,Consumer,South,North Carolina,Fayetteville,Furniture,Furnishings,"Computer Room Manger, 14""",77.952,3,0.2,15.5904,0.2,Medio,Media,0,2017,10,4,7712,United States,28314,FUR-FU-10001876,0,0.20666666666666667,Bajo
CA-2016-154060,2016-05-02,2016-05-08,6,Standard Class,DL-12865,Dan Lawera,Consumer,South,North Carolina,Greensboro,Furniture,Chairs,"Global Stack Chair without Arms, Black",187.056,9,0.2,11.691,0.0625,Medio,Baja,0,2016,5,2,5316,United States,27405,FUR-CH-10002304,0,0.20666666666666667,Bajo
CA-2016-114748,2016-10-09,2016-10-14,5,Standard Class,MZ-17335,Maria Zettner,Home Office,West,Arizona,Phoenix,Furniture,Furnishings,"Tenex 46"" x 60"" Computer Anti-Static Chairmat, Rectangular Shaped",169.568,2,0.2,0.0,0.0,Medio,Perdida,1,2016,10,4,7358,United States,85023,FUR-FU-10001488,0,0.20666666666666667,Bajo
CA-2017-108035,2017-11-29,2017-12-03,4,Standard Class,TT-21070,Ted Trevino,Consumer,South,Tennessee,Chattanooga,Furniture,Chairs,"Hon Deluxe Fabric Upholstered Stacking Chairs, Rounded Back",390.368,2,0.2,48.796,0.125,Medio,Baja,0,2017,11,4,7390,United States,37421,FUR-CH-10000454,0,0.20666666666666667,Bajo
US-2017-153255,2017-09-03,2017-09-07,4,Second Class,JK-15730,Joe Kamberova,Consumer,West,California,Concord,Furniture,Bookcases,"Bush Heritage Pine Collection 5-Shelf Bookcase, Albany Pine Finish, *Special Order",239.666,2,0.15,14.098,0.0588235294117647,Medio,Baja,0,2017,9,3,5859,United States,94521,FUR-BO-10004218,0,0.20333333333333334,Bajo
CA-2017-107209,2017-07-27,2017-08-01,5,Second Class,JW-15955,Joni Wasserman,Consumer,South,North Carolina,Raleigh,Furniture,Chairs,"Global Value Mid-Back Manager's Chair, Gray",194.848,4,0.2,12.178,0.0625,Medio,Baja,0,2017,7,3,9808,United States,27604,FUR-CH-10001146,0,0.20333333333333334,Bajo
CA-2015-121188,2015-08-28,2015-09-04,7,Standard Class,CB-12025,Cassandra Brandow,Consumer,West,California,Los Angeles,Furniture,Bookcases,O'Sullivan 2-Door Barrister Bookcase in Odessa Pine,307.666,2,0.15,28.9568,0.0941176470588235,Medio,Baja,0,2015,8,3,8056,United States,90049,FUR-BO-10004695,0,0.2,Bajo
CA-2014-125829,2014-11-04,2014-11-11,7,Standard Class,WB-21850,William Brown,Consumer,West,California,Los Angeles,Furniture,Tables,"Bevis Round Conference Table Top, X-Base",573.728,4,0.2,-64.5444,-0.1125,Medio,Perdida,1,2014,11,4,4310,United States,90045,FUR-TA-10002041,0,0.2,Bajo
CA-2014-159338,2014-06-25,2014-06-28,3,First Class,NS-18640,Noel Staavos,Corporate,West,California,Los Angeles,Furniture,Tables,Hon 4060 Series Tables,447.84,5,0.2,11.196,0.025,Medio,Baja,0,2014,6,2,1098,United States,90049,FUR-TA-10004147,0,0.2,Bajo
US-2016-166660,2016-01-30,2016-02-01,2,Second Class,TB-21250,Tim Brockman,Consumer,West,Washington,Seattle,Furniture,Bookcases,O'Sullivan 2-Shelf Heavy-Duty Bookcases,48.58,1,0.0,7.7728,0.16,Bajo,Media,0,2016,1,1,7566,United States,98103,FUR-BO-10000468,0,0.2,Bajo
CA-2015-102848,2015-11-07,2015-11-09,2,Second Class,KB-16240,Karen Bern,Corporate,West,California,Los Angeles,Furniture,Chairs,Safco Contoured Stacking Chairs,190.72,1,0.2,11.92,0.0625,Medio,Baja,0,2015,11,4,532,United States,90036,FUR-CH-10000595,0,0.2,Bajo
CA-2015-162047,2015-11-03,2015-11-05,2,First Class,FH-14365,Fred Hopkins,Corporate,East,New York,Long Beach,Furniture,Chairs,Office Star - Mid Back Dual function Ergonomic High Back Chair with 2-Way Adjustable Arms,1448.82,10,0.1,209.274,0.1444444444444444,Bajo,Baja,0,2015,11,4,5764,United States,11561,FUR-CH-10004983,0,0.2,Bajo
CA-2014-104283,2014-06-27,2014-07-01,4,Standard Class,LM-17065,Liz MacKendrick,Consumer,South,Mississippi,Southaven,Furniture,Tables,KI Adjustable-Height Table,85.98,1,0.0,22.3548,0.26,Bajo,Media,0,2014,6,2,2278,United States,38671,FUR-TA-10001039,0,0.2,Bajo
CA-2017-102750,2017-09-04,2017-09-08,4,Second Class,GM-14695,Greg Maxwell,Corporate,West,California,Los Angeles,Furniture,Tables,Chromcraft Bull-Nose Wood Oval Conference Tables & Bases,1322.352,3,0.2,-99.1764,-0.075,Medio,Perdida,1,2017,9,3,2478,United States,90036,FUR-TA-10000198,0,0.2,Bajo
CA-2016-102981,2016-09-06,2016-09-09,3,Second Class,MO-17500,Mary O'Rourke,Consumer,East,New York,New York City,Furniture,Bookcases,"Atlantic Metals Mobile 5-Shelf Bookcases, Custom Colors",722.352,3,0.2,90.294,0.125,Medio,Baja,0,2016,9,3,1043,United States,10035,FUR-BO-10001811,0,0.19666666666666666,Bajo
CA-2016-155530,2016-12-17,2016-12-21,4,Standard Class,CM-12160,Charles McCrossin,Consumer,West,California,San Francisco,Furniture,Tables,Bretford ÒJust In TimeÓ Height-Adjustable Multi-Task Work Tables,2003.52,6,0.2,-325.572,-0.1625,Medio,Perdida,1,2016,12,4,3771,United States,94122,FUR-TA-10004256,0,0.19666666666666666,Bajo
CA-2015-164882,2015-10-31,2015-10-31,0,Same Day,SG-20080,Sandra Glassco,Consumer,West,California,Redlands,Furniture,Bookcases,DMI Eclipse Executive Suite Bookcases,425.833,1,0.15,20.0392,0.0470588235294117,Medio,Baja,0,2015,10,4,2116,United States,92374,FUR-BO-10002213,0,0.19666666666666666,Bajo
CA-2016-129868,2016-12-26,2016-12-31,5,Standard Class,MC-18130,Mike Caudle,Corporate,West,California,Los Angeles,Furniture,Chairs,"Global Armless Task Chair, Royal Blue",146.352,3,0.2,-5.4882,-0.0375,Medio,Perdida,1,2016,12,4,4593,United States,90004,FUR-CH-10003535,0,0.19666666666666666,Bajo
CA-2016-118759,2016-11-14,2016-11-17,3,First Class,MB-17305,Maria Bertelson,Consumer,East,New York,New York City,Furniture,Chairs,Hon GuestStacker Chair,408.006,2,0.1,72.5344,0.1777777777777778,Bajo,Media,0,2016,11,4,4531,United States,10009,FUR-CH-10002335,0,0.19666666666666666,Bajo
CA-2017-108112,2017-11-15,2017-11-20,5,Standard Class,DK-12895,Dana Kaydos,Consumer,South,Florida,Miramar,Furniture,Furnishings,"Howard Miller 13-1/2"" Diameter Rosebrook Wall Clock",220.064,4,0.2,55.016,0.25,Medio,Media,0,2017,11,4,4075,United States,33023,FUR-FU-10003553,0,0.19333333333333333,Bajo
CA-2017-147228,2017-09-09,2017-09-14,5,Standard Class,SO-20335,Sean O'Donnell,Consumer,South,Tennessee,Columbia,Furniture,Furnishings,Eldon Wave Desk Accessories,14.136,3,0.2,4.2408,0.3,Medio,Alta,0,2017,9,3,4626,United States,38401,FUR-FU-10000023,0,0.19333333333333333,Bajo
CA-2016-111682,2016-06-17,2016-06-18,1,First Class,TB-21055,Ted Butterfield,Consumer,East,New York,Troy,Furniture,Chairs,Novimex Turbo Task Chair,319.41,5,0.1,7.098,0.0222222222222222,Bajo,Baja,0,2016,6,2,58,United States,12180,FUR-CH-10003968,0,0.19,Bajo
CA-2017-142636,2017-11-03,2017-11-07,4,Standard Class,KC-16675,Kimberly Carter,Corporate,West,Washington,Seattle,Furniture,Chairs,Global Deluxe Office Fabric Chairs,307.136,4,0.2,26.8744,0.0875,Medio,Baja,0,2017,11,4,416,United States,98105,FUR-CH-10001891,0,0.19,Bajo
US-2016-141880,2016-08-22,2016-08-23,1,First Class,TC-21475,Tony Chapman,Home Office,West,Colorado,Fort Collins,Furniture,Furnishings,Dana Halogen Swing-Arm Architect Lamp,98.328,3,0.2,9.8328,0.1,Medio,Baja,0,2016,8,3,9023,United States,80525,FUR-FU-10001979,0,0.19,Bajo
CA-2015-113628,2015-11-12,2015-11-19,7,Standard Class,AH-10690,Anna Hberlin,Corporate,South,Florida,Plantation,Furniture,Chairs,"Global Push Button Manager's Chair, Indigo",146.136,3,0.2,16.4403,0.1125,Medio,Baja,0,2015,11,4,3812,United States,33317,FUR-CH-10004477,0,0.19,Bajo
CA-2014-111451,2014-12-26,2014-12-28,2,First Class,KL-16555,Kelly Lampkin,Corporate,West,Colorado,Colorado Springs,Furniture,Furnishings,Eldon ClusterMat Chair Mat with Cordless Antistatic Protection,218.352,3,0.2,-24.5646,-0.1124999999999999,Medio,Perdida,1,2014,12,4,296,United States,80906,FUR-FU-10002918,0,0.19,Bajo
CA-2016-165848,2016-06-04,2016-06-04,0,Same Day,EN-13780,Edward Nazzal,Consumer,East,New York,New York City,Furniture,Bookcases,Sauder Inglewood Library Bookcases,136.784,1,0.2,5.1294,0.0375,Medio,Baja,0,2016,6,2,2604,United States,10035,FUR-BO-10000362,0,0.18666666666666668,Bajo
CA-2014-118962,2014-08-05,2014-08-09,4,Standard Class,CS-12130,Chad Sievert,Consumer,West,California,Los Angeles,Furniture,Chairs,"Global Value Steno Chair, Gray",340.144,7,0.2,21.259,0.0625,Medio,Baja,0,2014,8,3,174,United States,90004,FUR-CH-10003817,0,0.18666666666666668,Bajo
CA-2017-131954,2017-01-21,2017-01-25,4,Standard Class,DS-13030,Darrin Sayre,Home Office,West,Washington,Seattle,Furniture,Bookcases,O'Sullivan Cherrywood Estates Traditional Bookcase,84.98,1,0.0,18.6956,0.2199999999999999,Bajo,Media,0,2017,1,1,737,United States,98115,FUR-BO-10001619,0,0.18666666666666668,Bajo
CA-2016-144344,2016-10-28,2016-10-28,0,Same Day,PG-18820,Patrick Gardner,Consumer,South,Florida,Boynton Beach,Furniture,Furnishings,"Howard Miller 13-1/2"" Diameter Rosebrook Wall Clock",165.048,3,0.2,41.262,0.25,Medio,Media,0,2016,10,4,1238,United States,33437,FUR-FU-10003553,0,0.18666666666666668,Bajo
CA-2015-168564,2015-08-08,2015-08-08,0,Same Day,TT-21220,Thomas Thornton,Consumer,West,California,San Francisco,Furniture,Chairs,Global Ergonomic Managers Chair,144.784,1,0.2,10.8588,0.075,Medio,Baja,0,2015,8,3,2933,United States,94109,FUR-CH-10000785,0,0.18333333333333332,Bajo
US-2017-110604,2017-05-15,2017-05-20,5,Standard Class,JF-15295,Jason Fortune-,Consumer,West,Washington,Seattle,Furniture,Chairs,SAFCO Arco Folding Chair,220.96,1,0.2,24.858,0.1125,Medio,Baja,0,2017,5,2,2634,United States,98103,FUR-CH-10004287,0,0.18333333333333332,Bajo
US-2014-109162,2014-06-08,2014-06-12,4,Standard Class,KE-16420,Katrina Edelman,Corporate,South,Tennessee,Bristol,Furniture,Chairs,"Situations Contoured Folding Chairs, 4/Set",170.352,3,0.2,10.647,0.0625,Medio,Baja,0,2014,6,2,3842,United States,37620,FUR-CH-10002647,0,0.18333333333333332,Bajo
CA-2014-146815,2014-09-08,2014-09-13,5,Standard Class,PP-18955,Paul Prost,Home Office,East,New York,New York City,Furniture,Chairs,Global Super Steno Chair,172.764,2,0.1,13.4372,0.0777777777777777,Bajo,Baja,0,2014,9,3,8707,United States,10009,FUR-CH-10004289,0,0.18333333333333332,Bajo
CA-2015-148635,2015-07-25,2015-07-27,2,Second Class,MH-18025,Michelle Huthwaite,Consumer,West,Washington,Seattle,Furniture,Chairs,Office Star - Professional Matrix Back Chair with 2-to-1 Synchro Tilt and Mesh Fabric Seat,561.568,2,0.2,28.0784,0.0499999999999999,Medio,Baja,0,2015,7,3,2810,United States,98115,FUR-CH-10001854,0,0.18333333333333332,Bajo
CA-2016-159730,2016-09-17,2016-09-21,4,Standard Class,SJ-20125,Sanjit Jacobs,Home Office,West,Washington,Seattle,Furniture,Chairs,Harbour Creations 67200 Series Stacking Chairs,113.888,2,0.2,9.9652,0.0875,Medio,Baja,0,2016,9,3,3249,United States,98103,FUR-CH-10004875,0,0.18333333333333332,Bajo
CA-2017-167094,2017-10-21,2017-10-22,1,First Class,DK-12835,Damala Kotsonis,Corporate,West,Oregon,Springfield,Furniture,Chairs,Global Comet Stacking Armless Chair,478.48,2,0.2,47.848,0.0999999999999999,Medio,Baja,0,2017,10,4,1904,United States,97477,FUR-CH-10000155,0,0.18,Bajo
CA-2016-107328,2016-08-08,2016-08-15,7,Standard Class,CA-12055,Cathy Armstrong,Home Office,West,California,Los Angeles,Furniture,Tables,"Chromcraft 48"" x 96"" Racetrack Double Pedestal Table",513.024,2,0.2,12.8256,0.0249999999999999,Medio,Baja,0,2016,8,3,3497,United States,90036,FUR-TA-10001932,0,0.17666666666666667,Bajo
CA-2016-108735,2016-04-17,2016-04-21,4,Standard Class,JM-15535,Jessica Myrick,Consumer,West,California,Lakewood,Furniture,Bookcases,"Bush Westfield Collection Bookcases, Fully Assembled",257.499,3,0.15,24.2352,0.0941176470588235,Medio,Baja,0,2016,4,2,3986,United States,90712,FUR-BO-10003441,0,0.17666666666666667,Bajo
CA-2016-156503,2016-10-14,2016-10-20,6,Standard Class,NC-18415,Nathan Cano,Consumer,South,North Carolina,Jacksonville,Furniture,Chairs,SAFCO Folding Chair Trolley,102.592,1,0.2,10.2592,0.1,Medio,Baja,0,2016,10,4,3801,United States,28540,FUR-CH-10003606,0,0.17666666666666667,Bajo
CA-2014-111451,2014-12-26,2014-12-28,2,First Class,KL-16555,Kelly Lampkin,Corporate,West,Colorado,Colorado Springs,Furniture,Chairs,Global Deluxe Office Fabric Chairs,230.352,3,0.2,20.1558,0.0875,Medio,Baja,0,2014,12,4,295,United States,80906,FUR-CH-10001891,0,0.17666666666666667,Bajo
CA-2014-131310,2014-07-12,2014-07-18,6,Standard Class,CL-12565,Clay Ludtke,Consumer,West,Washington,Seattle,Furniture,Chairs,"Safco Chair Connectors, 6/Carton",123.136,4,0.2,13.8528,0.1125,Medio,Baja,0,2014,7,3,2982,United States,98115,FUR-CH-10001797,0,0.17333333333333334,Bajo
CA-2014-168368,2014-02-11,2014-02-15,4,Second Class,GA-14725,Guy Armstrong,Consumer,Central,Missouri,Columbia,Furniture,Chairs,"Global Value Mid-Back Manager's Chair, Gray",60.89,1,0.0,15.2225,0.25,Bajo,Media,0,2014,2,1,9255,United States,65203,FUR-CH-10001146,0,0.17333333333333334,Bajo
CA-2017-148474,2017-06-12,2017-06-19,7,Standard Class,ME-17320,Maria Etezadi,Home Office,South,Georgia,Columbus,Furniture,Tables,"Iceberg OfficeWorks 42"" Round Tables",452.94,3,0.0,67.941,0.15,Bajo,Baja,0,2017,6,2,1457,United States,31907,FUR-TA-10002530,0,0.17333333333333334,Bajo
CA-2016-165330,2016-12-11,2016-12-11,0,Same Day,WB-21850,William Brown,Consumer,West,California,Anaheim,Furniture,Tables,Hon Non-Folding Utility Tables,892.136,7,0.2,111.517,0.125,Medio,Baja,0,2016,12,4,7058,United States,92804,FUR-TA-10004619,0,0.17,Bajo
CA-2017-156776,2017-08-07,2017-08-11,4,Standard Class,JL-15505,Jeremy Lonsdale,Consumer,West,California,Westminster,Furniture,Chairs,Global Enterprise Series Seating Low-Back Swivel/Tilt Chairs,207.184,1,0.2,25.898,0.125,Medio,Baja,0,2017,8,3,9186,United States,92683,FUR-CH-10002317,0,0.17,Bajo
CA-2016-156265,2016-08-02,2016-08-04,2,Second Class,BF-11020,Barry Franzsisch,Corporate,West,California,Los Angeles,Furniture,Tables,"Barricks Non-Folding Utility Table with Steel Legs, Laminate Tops",136.464,2,0.2,15.3522,0.1125,Medio,Baja,0,2016,8,3,5245,United States,90032,FUR-TA-10001691,0,0.17,Bajo
CA-2017-113558,2017-10-21,2017-10-26,5,Standard Class,PH-18790,Patricia Hirasaki,Home Office,South,Florida,Lakeland,Furniture,Chairs,Global Commerce Series High-Back Swivel/Tilt Chairs,683.952,3,0.2,42.747,0.0625,Medio,Baja,0,2017,10,4,527,United States,33801,FUR-CH-10003379,0,0.16666666666666666,Bajo
CA-2017-124436,2017-03-19,2017-03-22,3,Second Class,SA-20830,Sue Ann Reed,Consumer,West,California,Fresno,Furniture,Tables,Chromcraft Round Conference Tables,697.16,5,0.2,8.7145,0.0124999999999999,Medio,Baja,0,2017,3,1,5231,United States,93727,FUR-TA-10001095,0,0.16666666666666666,Bajo
CA-2015-143364,2015-07-14,2015-07-19,5,Second Class,TG-21310,Toby Gnade,Consumer,West,Arizona,Mesa,Furniture,Chairs,SAFCO Arco Folding Chair,441.92,2,0.2,49.716,0.1125,Medio,Baja,0,2015,7,3,7866,United States,85204,FUR-CH-10004287,0,0.16666666666666666,Bajo
CA-2014-140403,2014-10-10,2014-10-10,0,Same Day,TN-21040,Tanja Norvell,Home Office,West,California,Manteca,Furniture,Chairs,"Global Deluxe Stacking Chair, Gray",122.352,3,0.2,13.7646,0.1124999999999999,Medio,Baja,0,2014,10,4,4533,United States,95336,FUR-CH-10002774,0,0.16666666666666666,Bajo
CA-2017-141201,2017-12-09,2017-12-11,2,Second Class,DB-12910,Daniel Byrd,Home Office,West,California,Salinas,Furniture,Bookcases,O'Sullivan 3-Shelf Heavy-Duty Bookcases,148.257,3,0.15,15.6978,0.1058823529411764,Medio,Baja,0,2017,12,4,7014,United States,93905,FUR-BO-10001519,0,0.16666666666666666,Bajo
US-2016-126452,2016-08-21,2016-08-28,7,Standard Class,SC-20230,Scot Coram,Corporate,West,California,Los Angeles,Furniture,Tables,Bretford CR8500 Series Meeting Room Furniture,2887.056,9,0.2,180.441,0.0625,Medio,Baja,0,2016,8,3,6869,United States,90004,FUR-TA-10003569,0,0.16333333333333333,Bajo
CA-2017-124086,2017-02-10,2017-02-14,4,Standard Class,MP-18175,Mike Pelletier,Home Office,West,California,Laguna Niguel,Furniture,Bookcases,"Bush Andora Bookcase, Maple/Graphite Gray Finish",203.983,2,0.15,16.7986,0.0823529411764705,Medio,Baja,0,2017,2,1,1535,United States,92677,FUR-BO-10004015,0,0.16333333333333333,Bajo
CA-2017-117457,2017-12-08,2017-12-12,4,Standard Class,KH-16510,Keith Herrera,Consumer,West,California,San Francisco,Furniture,Tables,"Bevis Round Conference Table Top, X-Base",1004.024,7,0.2,-112.9527,-0.1124999999999999,Medio,Perdida,1,2017,12,4,409,United States,94110,FUR-TA-10002041,0,0.16333333333333333,Bajo
US-2015-151435,2015-09-06,2015-09-09,3,Second Class,SW-20455,Shaun Weien,Consumer,South,Louisiana,Lafayette,Furniture,Tables,KI Adjustable-Height Table,85.98,1,0.0,22.3548,0.26,Bajo,Media,0,2015,9,3,9981,United States,70506,FUR-TA-10001039,0,0.16333333333333333,Bajo
CA-2017-143798,2017-12-10,2017-12-12,2,First Class,AW-10840,Anthony Witt,Consumer,East,Pennsylvania,Philadelphia,Furniture,Furnishings,Electrix Halogen Magnifier Lamp,310.88,2,0.2,23.316,0.075,Medio,Baja,0,2017,12,4,1689,United States,19140,FUR-FU-10004306,0,0.16,Bajo
CA-2017-105214,2017-06-16,2017-06-19,3,First Class,TS-21610,Troy Staebel,Consumer,West,California,San Francisco,Furniture,Chairs,Hon Multipurpose Stacking Arm Chairs,1212.96,7,0.2,90.972,0.075,Medio,Baja,0,2017,6,2,2258,United States,94122,FUR-CH-10000015,0,0.16,Bajo
CA-2014-157882,2014-10-03,2014-10-08,5,Second Class,AR-10405,Allen Rosenblatt,Corporate,West,California,Los Angeles,Furniture,Chairs,"Global Deluxe Stacking Chair, Gray",122.352,3,0.2,13.7646,0.1124999999999999,Medio,Baja,0,2014,10,4,2276,United States,90036,FUR-CH-10002774,0,0.15666666666666668,Bajo
US-2017-120418,2017-06-11,2017-06-12,1,First Class,BC-11125,Becky Castell,Home Office,West,Arizona,Peoria,Furniture,Chairs,Global Leather Executive Chair,280.792,1,0.2,35.099,0.125,Medio,Baja,0,2017,6,2,2309,United States,85345,FUR-CH-10001394,0,0.15666666666666668,Bajo
US-2017-167318,2017-07-26,2017-08-01,6,Standard Class,GZ-14545,George Zrebassa,Corporate,West,California,Los Angeles,Furniture,Chairs,"Global Airflow Leather Mesh Back Chair, Black",362.352,3,0.2,45.294,0.125,Medio,Baja,0,2017,7,3,8303,United States,90036,FUR-CH-10000665,0,0.15666666666666668,Bajo
CA-2016-146913,2016-10-31,2016-11-05,5,Standard Class,SF-20965,Sylvia Foulston,Corporate,West,California,San Francisco,Furniture,Chairs,Office Star - Professional Matrix Back Chair with 2-to-1 Synchro Tilt and Mesh Fabric Seat,1403.92,5,0.2,70.196,0.0499999999999999,Medio,Baja,0,2016,10,4,9760,United States,94109,FUR-CH-10001854,0,0.15666666666666668,Bajo
CA-2014-150581,2014-04-08,2014-04-12,4,Standard Class,NM-18445,Nathan Mautz,Home Office,West,California,Concord,Furniture,Tables,Bevis 36 x 72 Conference Tables,99.592,1,0.2,2.4898,0.0249999999999999,Medio,Baja,0,2014,4,2,7047,United States,94521,FUR-TA-10003748,0,0.15666666666666668,Bajo
US-2017-110604,2017-05-15,2017-05-20,5,Standard Class,JF-15295,Jason Fortune-,Consumer,West,Washington,Seattle,Furniture,Chairs,SAFCO Optional Arm Kit for Workspace Cribbage Stacking Chair,42.624,2,0.2,4.2624,0.1,Medio,Baja,0,2017,5,2,2633,United States,98103,FUR-CH-10002017,0,0.15666666666666668,Bajo
CA-2017-126914,2017-06-15,2017-06-19,4,Standard Class,JE-15715,Joe Elijah,Consumer,South,North Carolina,Monroe,Furniture,Chairs,Global Executive Mid-Back Manager's Chair,698.352,3,0.2,52.3764,0.075,Medio,Baja,0,2017,6,2,8789,United States,28110,FUR-CH-10000847,0,0.15666666666666668,Bajo
US-2017-152842,2017-07-16,2017-07-23,7,Standard Class,NF-18385,Natalie Fritzler,Consumer,South,North Carolina,Charlotte,Furniture,Chairs,"Global Fabric Manager's Chair, Dark Gray",242.352,3,0.2,15.147,0.0625,Medio,Baja,0,2017,7,3,9830,United States,28205,FUR-CH-10004218,0,0.15666666666666668,Bajo
US-2016-125402,2016-09-25,2016-10-01,6,Standard Class,DL-12865,Dan Lawera,Consumer,West,California,Long Beach,Furniture,Chairs,"Global Airflow Leather Mesh Back Chair, Black",483.136,4,0.2,60.392,0.125,Medio,Baja,0,2016,9,3,9843,United States,90805,FUR-CH-10000665,0,0.15333333333333332,Bajo
CA-2015-135727,2015-05-11,2015-05-16,5,Second Class,PS-18970,Paul Stevenson,Home Office,West,Arizona,Phoenix,Furniture,Chairs,Global Chrome Stack Chair,191.968,7,0.2,16.7972,0.0875,Medio,Baja,0,2015,5,2,9541,United States,85023,FUR-CH-10004540,0,0.15333333333333332,Bajo
CA-2017-105921,2017-08-14,2017-08-21,7,Standard Class,JM-15250,Janet Martin,Consumer,West,California,Los Angeles,Furniture,Tables,Chromcraft Round Conference Tables,418.296,3,0.2,5.2287,0.0125,Medio,Baja,0,2017,8,3,4491,United States,90032,FUR-TA-10001095,0,0.15333333333333332,Bajo
CA-2014-157882,2014-10-03,2014-10-08,5,Second Class,AR-10405,Allen Rosenblatt,Corporate,West,California,Los Angeles,Furniture,Tables,Bevis Round Conference Room Tables and Bases,143.432,1,0.2,3.5858,0.025,Medio,Baja,0,2014,10,4,2275,United States,90036,FUR-TA-10001866,0,0.15333333333333332,Bajo
CA-2015-144267,2015-08-21,2015-08-23,2,First Class,NZ-18565,Nick Zandusky,Home Office,West,California,San Francisco,Furniture,Chairs,Hon GuestStacker Chair,544.008,3,0.2,40.8006,0.075,Medio,Baja,0,2015,8,3,778,United States,94110,FUR-CH-10002335,0,0.15,Bajo
CA-2017-161200,2017-08-06,2017-08-10,4,Second Class,SV-20365,Seth Vernon,Consumer,South,Louisiana,Lafayette,Furniture,Bookcases,O'Sullivan 2-Shelf Heavy-Duty Bookcases,145.74,3,0.0,23.3184,0.16,Bajo,Media,0,2017,8,3,1933,United States,70506,FUR-BO-10000468,0,0.15,Bajo
CA-2017-128370,2017-09-10,2017-09-10,0,Same Day,FH-14275,Frank Hawley,Corporate,West,California,Los Angeles,Furniture,Chairs,DMI Arturo Collection Mission-style Design Wood Chair,362.352,3,0.2,27.1764,0.075,Medio,Baja,0,2017,9,3,1848,United States,90004,FUR-CH-10002602,0,0.15,Bajo
CA-2015-132486,2015-10-23,2015-10-27,4,Second Class,JF-15355,Jay Fein,Consumer,West,California,San Diego,Furniture,Chairs,Global Chrome Stack Chair,191.968,7,0.2,16.7972,0.0875,Medio,Baja,0,2015,10,4,3870,United States,92105,FUR-CH-10004540,0,0.14666666666666667,Bajo
US-2017-161935,2017-07-14,2017-07-18,4,Standard Class,JL-15835,John Lee,Consumer,East,Ohio,Columbus,Furniture,Furnishings,"GE 48"" Fluorescent Tube, Cool White Energy Saver, 34 Watts, 30/Box",396.92,5,0.2,148.845,0.375,Medio,Alta,0,2017,7,3,7512,United States,43229,FUR-FU-10002937,0,0.14666666666666667,Bajo
US-2015-126235,2015-10-15,2015-10-15,0,Same Day,GA-14725,Guy Armstrong,Consumer,Central,Michigan,Mount Pleasant,Furniture,Furnishings,"DAX Cubicle Frames, 8-1/2 x 11",17.14,2,0.0,6.1704,0.36,Bajo,Alta,0,2015,10,4,4631,United States,48858,FUR-FU-10000719,0,0.14666666666666667,Bajo
CA-2017-150091,2017-10-12,2017-10-16,4,Standard Class,NP-18670,Nora Paige,Consumer,East,New Jersey,Lakewood,Furniture,Bookcases,"Global Adaptabilites Bookcase, Cherry/Storm Gray Finish",2154.9,5,0.0,129.294,0.06,Bajo,Baja,0,2017,10,4,8425,United States,8701,FUR-BO-10003404,0,0.14333333333333334,Bajo
CA-2016-139556,2016-04-26,2016-05-01,5,Standard Class,DB-13360,Dennis Bolton,Home Office,East,New York,New York City,Furniture,Chairs,Office Star - Mid Back Dual function Ergonomic High Back Chair with 2-Way Adjustable Arms,434.646,3,0.1,62.7822,0.1444444444444444,Bajo,Baja,0,2016,4,2,4648,United States,10009,FUR-CH-10004983,0,0.14333333333333334,Bajo
CA-2017-143861,2017-06-12,2017-06-19,7,Standard Class,LC-16885,Lena Creighton,Consumer,South,Florida,Saint Petersburg,Furniture,Furnishings,Dana Swing-Arm Lamps,17.088,2,0.2,1.068,0.0625,Medio,Baja,0,2017,6,2,2870,United States,33710,FUR-FU-10001546,0,0.14333333333333334,Bajo
CA-2014-107811,2014-04-29,2014-05-03,4,Standard Class,LA-16780,Laura Armstrong,Corporate,South,Tennessee,Memphis,Furniture,Chairs,Global Leather Executive Chair,561.584,2,0.2,70.198,0.125,Medio,Baja,0,2014,4,2,6375,United States,38109,FUR-CH-10001394,0,0.14333333333333334,Bajo
CA-2014-103310,2014-05-10,2014-05-15,5,Standard Class,GM-14680,Greg Matthias,Consumer,West,California,San Jose,Furniture,Chairs,Hon Pagoda Stacking Chairs,256.784,1,0.2,32.098,0.125,Medio,Baja,0,2014,5,2,9200,United States,95123,FUR-CH-10002320,0,0.14333333333333334,Bajo
CA-2014-104269,2014-03-01,2014-03-06,5,Second Class,DB-13060,Dave Brooks,Consumer,West,Washington,Seattle,Furniture,Chairs,Global Deluxe High-Back Manager's Chair,457.568,2,0.2,51.4764,0.1125,Medio,Baja,0,2014,3,1,158,United States,98115,FUR-CH-10004063,0,0.14333333333333334,Bajo
CA-2015-153549,2015-03-29,2015-03-31,2,Second Class,SL-20155,Sara Luxemburg,Home Office,South,Florida,Jacksonville,Furniture,Chairs,Hon 4070 Series Pagoda Armless Upholstered Stacking Chairs,1166.92,5,0.2,131.2785,0.1125,Medio,Baja,0,2015,3,1,991,United States,32216,FUR-CH-10004086,0,0.14,Bajo
CA-2015-165799,2015-06-29,2015-07-02,3,First Class,SG-20470,Sheri Gordon,Consumer,East,New York,New York City,Furniture,Chairs,Office Star - Mesh Screen back chair with Vinyl seat,117.882,1,0.1,1.3098,0.0111111111111111,Bajo,Baja,0,2015,6,2,9024,United States,10024,FUR-CH-10001482,0,0.14,Bajo
CA-2016-152247,2016-11-07,2016-11-12,5,Standard Class,MA-17995,Michelle Arnett,Home Office,West,Wyoming,Cheyenne,Furniture,Chairs,Global Troy Executive Leather Low-Back Tilter,1603.136,4,0.2,100.196,0.0625,Medio,Baja,0,2016,11,4,5870,United States,82001,FUR-CH-10001215,0,0.14,Bajo
CA-2014-132451,2014-09-26,2014-09-27,1,First Class,KF-16285,Karen Ferguson,Home Office,West,California,San Diego,Furniture,Chairs,"Hon Deluxe Fabric Upholstered Stacking Chairs, Rounded Back",585.552,3,0.2,73.194,0.125,Medio,Baja,0,2014,9,3,5469,United States,92105,FUR-CH-10000454,0,0.14,Bajo
CA-2016-123337,2016-09-16,2016-09-22,6,Standard Class,KD-16495,Keith Dawkins,Corporate,West,California,San Jose,Furniture,Bookcases,"Sauder Forest Hills Library with Doors, Woodland Oak Finish",273.666,2,0.15,-12.8784,-0.0470588235294117,Medio,Perdida,1,2016,9,3,7271,United States,95123,FUR-BO-10001918,0,0.14,Bajo
CA-2014-167997,2014-01-26,2014-01-29,3,First Class,CA-11965,Carol Adams,Corporate,Central,South Dakota,Rapid City,Furniture,Bookcases,"Safco Value Mate Series Steel Bookcases, Baked Enamel Finish on Steel, Gray",141.96,2,0.0,39.7488,0.28,Bajo,Media,0,2014,1,1,8151,United States,57701,FUR-BO-10004409,0,0.14,Bajo
CA-2015-101910,2015-11-27,2015-12-03,6,Standard Class,CD-11920,Carlos Daly,Consumer,West,California,Lake Elsinore,Furniture,Chairs,"Situations Contoured Folding Chairs, 4/Set",283.92,5,0.2,17.745,0.0625,Medio,Baja,0,2015,11,4,800,United States,92530,FUR-CH-10002647,0,0.13666666666666666,Bajo
CA-2016-138968,2016-03-15,2016-03-16,1,First Class,FC-14335,Fred Chung,Corporate,West,California,San Francisco,Furniture,Chairs,Global Comet Stacking Arm Chair,1352.032,4,0.2,84.502,0.0625,Medio,Baja,0,2016,3,1,7649,United States,94110,FUR-CH-10000309,0,0.13666666666666666,Bajo
CA-2016-110366,2016-09-05,2016-09-07,2,Second Class,JD-15895,Jonathan Doherty,Corporate,East,Pennsylvania,Philadelphia,Furniture,Furnishings,"Howard Miller 13-3/4"" Diameter Brushed Chrome Round Wall Clock",82.8,2,0.2,10.35,0.125,Medio,Baja,0,2016,9,3,141,United States,19140,FUR-FU-10004848,0,0.13666666666666666,Bajo
CA-2017-113705,2017-03-27,2017-03-29,2,Second Class,LC-16870,Lena Cacioppo,Consumer,South,Virginia,Richmond,Furniture,Tables,BPI Conference Tables,292.1,2,0.0,58.42,0.1999999999999999,Bajo,Media,0,2017,3,1,9757,United States,23223,FUR-TA-10002533,0,0.13666666666666666,Bajo
CA-2014-104563,2014-03-07,2014-03-12,5,Standard Class,CM-12715,Craig Molinari,Corporate,West,Washington,Seattle,Furniture,Chairs,Office Star - Task Chair with Contemporary Loop Arms,436.704,6,0.2,21.8352,0.05,Medio,Baja,0,2014,3,1,9643,United States,98103,FUR-CH-10002780,0,0.13333333333333333,Bajo
CA-2015-132486,2015-10-23,2015-10-27,4,Second Class,JF-15355,Jay Fein,Consumer,West,California,San Diego,Furniture,Chairs,"Global Leather and Oak Executive Chair, Black",240.784,1,0.2,27.0882,0.1125,Medio,Baja,0,2015,10,4,3869,United States,92105,FUR-CH-10004495,0,0.13333333333333333,Bajo
CA-2016-129868,2016-12-26,2016-12-31,5,Standard Class,MC-18130,Mike Caudle,Corporate,West,California,Los Angeles,Furniture,Tables,Bretford Rectangular Conference Table Tops,902.712,3,0.2,33.8517,0.0375,Medio,Baja,0,2016,12,4,4595,United States,90004,FUR-TA-10003473,0,0.13333333333333333,Bajo
CA-2016-160108,2016-12-08,2016-12-12,4,Standard Class,AG-10900,Arthur Gainer,Consumer,Central,Wisconsin,Eau Claire,Furniture,Bookcases,"Bush Westfield Collection Bookcases, Dark Cherry Finish",405.86,7,0.0,32.4688,0.08,Bajo,Baja,0,2016,12,4,9162,United States,54703,FUR-BO-10003450,0,0.13333333333333333,Bajo
CA-2015-123141,2015-11-14,2015-11-19,5,Standard Class,GZ-14470,Gary Zandusky,Consumer,West,New Mexico,Rio Rancho,Furniture,Chairs,Global Deluxe Office Fabric Chairs,230.352,3,0.2,20.1558,0.0875,Medio,Baja,0,2015,11,4,6710,United States,87124,FUR-CH-10001891,0,0.13333333333333333,Bajo
CA-2015-141327,2015-11-30,2015-12-03,3,First Class,LR-16915,Lena Radford,Consumer,South,North Carolina,Durham,Furniture,Furnishings,Luxo Professional Fluorescent Magnifier Lamp with Clamp-Mount Base,335.744,2,0.2,25.1808,0.075,Medio,Baja,0,2015,11,4,8195,United States,27707,FUR-FU-10000576,0,0.13333333333333333,Bajo
CA-2014-144666,2014-11-09,2014-11-11,2,Second Class,JP-15520,Jeremy Pistek,Consumer,West,California,San Francisco,Furniture,Bookcases,"Sauder Mission Library with Doors, Fruitwood Finish",222.666,2,0.15,10.4784,0.0470588235294117,Medio,Baja,0,2014,11,4,473,United States,94110,FUR-BO-10001601,0,0.13,Bajo
CA-2014-115812,2014-06-09,2014-06-14,5,Standard Class,BH-11710,Brosina Hoffman,Consumer,West,California,Los Angeles,Furniture,Tables,Chromcraft Rectangular Conference Tables,1706.184,9,0.2,85.3092,0.05,Medio,Baja,0,2014,6,2,11,United States,90032,FUR-TA-10001539,0,0.13,Bajo
CA-2014-130428,2014-03-31,2014-03-31,0,Same Day,TG-21640,Trudy Glocke,Consumer,South,Florida,Tampa,Furniture,Chairs,"Global Leather Highback Executive Chair with Pneumatic Height Adjustment, Black",1125.488,7,0.2,98.4802,0.0875,Medio,Baja,0,2014,3,1,9566,United States,33614,FUR-CH-10002965,0,0.13,Bajo
CA-2016-127138,2016-03-12,2016-03-15,3,Second Class,DK-13225,Dean Katz,Corporate,West,California,San Francisco,Furniture,Chairs,Hon 4070 Series Pagoda Round Back Stacking Chairs,770.352,3,0.2,77.0352,0.1,Medio,Baja,0,2016,3,1,5960,United States,94109,FUR-CH-10003746,0,0.13,Bajo
CA-2017-104885,2017-03-02,2017-03-08,6,Standard Class,DB-13555,Dorothy Badders,Corporate,East,Delaware,Newark,Furniture,Bookcases,"Bush Cubix Collection Bookcases, Fully Assembled",441.96,2,0.0,101.6508,0.23,Bajo,Media,0,2017,3,1,7640,United States,19711,FUR-BO-10003660,0,0.12666666666666668,Bajo
CA-2014-150245,2014-12-31,2015-01-04,4,Second Class,PC-18745,Pamela Coakley,Corporate,East,New York,Watertown,Furniture,Bookcases,"Atlantic Metals Mobile 4-Shelf Bookcases, Custom Colors",1573.488,7,0.2,196.686,0.125,Medio,Baja,0,2014,12,4,1546,United States,13601,FUR-BO-10002613,0,0.12666666666666668,Bajo
CA-2017-128363,2017-08-13,2017-08-18,5,Standard Class,DC-12850,Dan Campbell,Consumer,South,Tennessee,Memphis,Furniture,Chairs,Hon Olson Stacker Chairs,423.648,2,0.2,47.6604,0.1125,Medio,Baja,0,2017,8,3,7904,United States,38109,FUR-CH-10002073,0,0.12666666666666668,Bajo
CA-2014-154158,2014-12-23,2014-12-27,4,Second Class,CC-12670,Craig Carreira,Consumer,South,Florida,Tampa,Furniture,Chairs,"Padded Folding Chairs, Black, 4/Carton",64.784,1,0.2,6.4784,0.0999999999999999,Medio,Baja,0,2014,12,4,9381,United States,33614,FUR-CH-10004698,0,0.12666666666666668,Bajo
US-2015-156867,2015-11-13,2015-11-17,4,Standard Class,LC-16870,Lena Cacioppo,Consumer,West,Colorado,Aurora,Furniture,Furnishings,"Deflect-o DuraMat Lighweight, Studded, Beveled Mat for Low Pile Carpeting",102.36,3,0.2,-3.8385,-0.0375,Medio,Perdida,1,2015,11,4,105,United States,80013,FUR-FU-10004006,0,0.12333333333333334,Bajo
CA-2017-121853,2017-09-23,2017-09-29,6,Standard Class,DB-13660,Duane Benoit,Consumer,West,California,Los Angeles,Furniture,Chairs,GuestStacker Chair with Chrome Finish Legs,594.816,2,0.2,59.4816,0.0999999999999999,Medio,Baja,0,2017,9,3,9325,United States,90036,FUR-CH-10003973,0,0.12333333333333334,Bajo
CA-2016-149762,2016-12-03,2016-12-07,4,Standard Class,RD-19720,Roger Demir,Consumer,West,California,Morgan Hill,Furniture,Tables,Hon 4060 Series Tables,268.704,3,0.2,6.7176,0.0249999999999999,Medio,Baja,0,2016,12,4,7909,United States,95037,FUR-TA-10004147,0,0.12333333333333334,Bajo
CA-2014-100916,2014-10-21,2014-10-26,5,Standard Class,FH-14275,Frank Hawley,Corporate,South,Virginia,Newport News,Furniture,Tables,Hon 2111 Invitation Series Straight Table,591.32,4,0.0,112.3508,0.19,Bajo,Media,0,2014,10,4,7573,United States,23602,FUR-TA-10004607,0,0.12333333333333334,Bajo
CA-2017-138975,2017-05-19,2017-05-23,4,Standard Class,SC-20380,Shahid Collister,Consumer,South,Georgia,Atlanta,Furniture,Bookcases,O'Sullivan 2-Door Barrister Bookcase in Odessa Pine,1628.82,9,0.0,374.6286,0.23,Bajo,Media,0,2017,5,2,2861,United States,30318,FUR-BO-10004695,0,0.12333333333333334,Bajo
CA-2015-100146,2015-05-14,2015-05-19,5,Standard Class,CB-12535,Claudia Bergmann,Corporate,West,California,Camarillo,Furniture,Chairs,Novimex Fabric Task Chair,97.568,2,0.2,-6.098,-0.0625,Medio,Perdida,1,2015,5,2,7406,United States,93010,FUR-CH-10003833,0,0.12333333333333334,Bajo
CA-2014-113271,2014-07-09,2014-07-14,5,Standard Class,DS-13030,Darrin Sayre,Home Office,West,California,San Francisco,Furniture,Bookcases,"Bush Heritage Pine Collection 5-Shelf Bookcase, Albany Pine Finish, *Special Order",119.833,1,0.15,7.049,0.0588235294117647,Medio,Baja,0,2014,7,3,9244,United States,94122,FUR-BO-10004218,0,0.12,Bajo
CA-2017-149881,2017-04-01,2017-04-03,2,First Class,NC-18535,Nick Crebassa,Corporate,West,California,San Francisco,Furniture,Bookcases,"Safco Value Mate Steel Bookcase, Baked Enamel Finish on Steel, Black",482.664,8,0.15,85.176,0.1764705882352941,Medio,Media,0,2017,4,2,4218,United States,94110,FUR-BO-10003894,0,0.12,Bajo
CA-2017-111815,2017-03-03,2017-03-10,7,Standard Class,EP-13915,Emily Phan,Consumer,Central,Michigan,Dearborn Heights,Furniture,Chairs,Global Ergonomic Managers Chair,180.98,1,0.0,47.0548,0.26,Bajo,Media,0,2017,3,1,3474,United States,48127,FUR-CH-10000785,0,0.12,Bajo
CA-2015-119634,2015-08-11,2015-08-16,5,Standard Class,BW-11065,Barry Weirich,Consumer,South,North Carolina,Raleigh,Furniture,Furnishings,"Executive Impressions 13"" Clairmont Wall Clock",46.152,3,0.2,12.1149,0.2625,Medio,Media,0,2015,8,3,5758,United States,27604,FUR-FU-10004270,0,0.12,Bajo
CA-2016-169838,2016-11-25,2016-11-29,4,Standard Class,BB-11545,Brenda Bowman,Corporate,Central,Michigan,Jackson,Furniture,Tables,Chromcraft Round Conference Tables,1568.61,9,0.0,329.4081,0.21,Bajo,Media,0,2016,11,4,7687,United States,49201,FUR-TA-10001095,0,0.12,Bajo
CA-2017-113530,2017-05-19,2017-05-21,2,Second Class,BC-11125,Becky Castell,Home Office,West,California,San Francisco,Furniture,Chairs,"Situations Contoured Folding Chairs, 4/Set",681.408,12,0.2,42.588,0.0625,Medio,Baja,0,2017,5,2,3625,United States,94109,FUR-CH-10002647,0,0.12,Bajo
CA-2016-137050,2016-07-14,2016-07-18,4,Second Class,SW-20755,Steven Ward,Corporate,East,New York,New York City,Furniture,Bookcases,O'Sullivan 2-Door Barrister Bookcase in Odessa Pine,579.136,4,0.2,21.7176,0.0375,Medio,Baja,0,2016,7,3,1212,United States,10009,FUR-BO-10004695,0,0.12,Bajo
CA-2016-113425,2016-11-21,2016-11-21,0,Same Day,JK-16120,Julie Kriz,Home Office,East,New York,New York City,Furniture,Bookcases,"Hon Metal Bookcases, Putty",113.568,2,0.2,12.7764,0.1125,Medio,Baja,0,2016,11,4,6371,United States,10009,FUR-BO-10002598,0,0.12,Bajo
CA-2014-158029,2014-05-26,2014-05-30,4,Standard Class,HF-14995,Herbert Flentye,Consumer,West,California,Los Angeles,Furniture,Chairs,Hon Olson Stacker Stools,225.296,2,0.2,22.5296,0.0999999999999999,Medio,Baja,0,2014,5,2,2752,United States,90008,FUR-CH-10000988,0,0.12,Bajo
CA-2016-118514,2016-02-03,2016-02-10,7,Standard Class,LC-17050,Liz Carlisle,Consumer,South,Kentucky,Richmond,Furniture,Chairs,Hon Multipurpose Stacking Arm Chairs,866.4,4,0.0,225.264,0.26,Bajo,Media,0,2016,2,1,5754,United States,40475,FUR-CH-10000015,0,0.11666666666666667,Bajo
CA-2017-149559,2017-09-11,2017-09-12,1,Same Day,KF-16285,Karen Ferguson,Home Office,West,California,Long Beach,Furniture,Chairs,Hon Pagoda Stacking Chairs,2054.272,8,0.2,256.784,0.125,Medio,Baja,0,2017,9,3,3044,United States,90805,FUR-CH-10002320,0,0.11666666666666667,Bajo
US-2015-129007,2015-09-13,2015-09-15,2,First Class,KD-16615,Ken Dana,Corporate,West,California,Anaheim,Furniture,Chairs,Global Comet Stacking Armless Chair,717.72,3,0.2,71.772,0.1,Medio,Baja,0,2015,9,3,9908,United States,92804,FUR-CH-10000155,0,0.11666666666666667,Bajo
CA-2014-164224,2014-05-18,2014-05-20,2,Second Class,TT-21070,Ted Trevino,Consumer,East,Ohio,Akron,Furniture,Furnishings,Deflect-o Glass Clear Studded Chair Mats,149.232,3,0.2,3.7308,0.0249999999999999,Medio,Baja,0,2014,5,2,3201,United States,44312,FUR-FU-10000308,0,0.11666666666666667,Bajo
CA-2015-115511,2015-11-21,2015-11-25,4,Standard Class,NW-18400,Natalie Webber,Consumer,West,Nevada,Las Vegas,Furniture,Bookcases,"Hon Metal Bookcases, Putty",141.96,2,0.0,41.1684,0.29,Bajo,Media,0,2015,11,4,3369,United States,89115,FUR-BO-10002598,0,0.11666666666666667,Bajo
CA-2014-119144,2014-11-16,2014-11-18,2,First Class,JD-16150,Justin Deggeller,Corporate,West,California,Los Angeles,Furniture,Bookcases,"Bush Andora Bookcase, Maple/Graphite Gray Finish",305.9745,3,0.15,25.1979,0.0823529411764706,Medio,Baja,0,2014,11,4,8710,United States,90008,FUR-BO-10004015,0,0.11666666666666667,Bajo
CA-2017-167381,2017-09-22,2017-09-24,2,Second Class,EH-14005,Erica Hernandez,Home Office,Central,Michigan,Lansing,Furniture,Bookcases,O'Sullivan 4-Shelf Bookcase in Odessa Pine,241.96,2,0.0,41.1332,0.17,Bajo,Media,0,2017,9,3,2123,United States,48911,FUR-BO-10001972,0,0.11666666666666667,Bajo
CA-2016-160129,2016-11-23,2016-11-23,0,Same Day,LS-17200,Luke Schmidt,Corporate,East,Pennsylvania,Philadelphia,Furniture,Furnishings,Nu-Dell Float Frame 11 x 14 1/2,14.368,2,0.2,3.9512,0.275,Medio,Media,0,2016,11,4,2920,United States,19140,FUR-FU-10002088,0,0.11666666666666667,Bajo
CA-2016-129280,2016-05-03,2016-05-05,2,First Class,SM-20905,Susan MacKendrick,Consumer,East,Ohio,Newark,Furniture,Furnishings,"Computer Room Manger, 14""",51.968,2,0.2,10.3936,0.1999999999999999,Medio,Media,0,2016,5,2,9561,United States,43055,FUR-FU-10001876,0,0.11666666666666667,Bajo
US-2015-130519,2015-09-15,2015-09-15,0,Same Day,NG-18355,Nat Gilpin,Corporate,South,Florida,Coral Springs,Furniture,Furnishings,Ultra Door Push Plate,15.712,4,0.2,2.5532,0.1625,Medio,Media,0,2015,9,3,1195,United States,33065,FUR-FU-10002268,0,0.11333333333333333,Bajo
CA-2017-112774,2017-09-11,2017-09-12,1,First Class,RC-19960,Ryan Crowe,Consumer,South,Florida,Jacksonville,Furniture,Furnishings,"Howard Miller 11-1/2"" Diameter Grantwood Wall Clock",34.504,1,0.2,6.0382,0.175,Medio,Media,0,2017,9,3,553,United States,32216,FUR-FU-10003039,0,0.11333333333333333,Bajo
CA-2014-149594,2014-09-15,2014-09-19,4,Standard Class,MF-18250,Monica Federle,Corporate,East,Pennsylvania,Philadelphia,Furniture,Furnishings,"Seth Thomas 16"" Steel Case Clock",103.936,4,0.2,16.8896,0.1625,Medio,Media,0,2014,9,3,6491,United States,19120,FUR-FU-10000222,0,0.11333333333333333,Bajo
US-2016-105578,2016-05-30,2016-06-04,5,Standard Class,MY-17380,Maribeth Yedwab,Corporate,West,Colorado,Parker,Furniture,Chairs,Global Troy Executive Leather Low-Back Tilter,801.568,2,0.2,50.098,0.0625,Medio,Baja,0,2016,5,2,503,United States,80134,FUR-CH-10001215,0,0.11333333333333333,Bajo
CA-2015-102281,2015-10-12,2015-10-14,2,First Class,MP-17470,Mark Packer,Home Office,East,New York,New York City,Furniture,Bookcases,"Atlantic Metals Mobile 3-Shelf Bookcases, Custom Colors",626.352,3,0.2,46.9764,0.075,Medio,Baja,0,2015,10,4,193,United States,10035,FUR-BO-10002545,0,0.11333333333333333,Bajo
US-2016-108497,2016-06-14,2016-06-14,0,Same Day,MH-17290,Marc Harrigan,Home Office,West,California,Los Angeles,Furniture,Bookcases,"Bush Heritage Pine Collection 5-Shelf Bookcase, Albany Pine Finish, *Special Order",599.165,5,0.15,35.245,0.0588235294117647,Medio,Baja,0,2016,6,2,5428,United States,90036,FUR-BO-10004218,0,0.11333333333333333,Bajo
CA-2014-105270,2014-11-11,2014-11-18,7,Standard Class,AP-10915,Arthur Prichep,Consumer,West,California,Los Angeles,Furniture,Chairs,Hon Olson Stacker Stools,112.648,1,0.2,11.2648,0.0999999999999999,Medio,Baja,0,2014,11,4,5780,United States,90008,FUR-CH-10000988,0,0.11333333333333333,Bajo
CA-2017-149160,2017-11-23,2017-11-26,3,Second Class,JM-15265,Janet Molinari,Corporate,Central,Michigan,Canton,Furniture,Furnishings,Coloredge Poster Frame,28.4,2,0.0,11.076,0.39,Bajo,Alta,0,2017,11,4,426,United States,48187,FUR-FU-10003347,0,0.11,Bajo
CA-2017-139416,2017-03-27,2017-03-29,2,Second Class,AG-10270,Alejandro Grove,Consumer,East,Pennsylvania,Philadelphia,Furniture,Furnishings,"Eldon Expressions Punched Metal & Wood Desk Accessories, Black & Cherry",15.008,2,0.2,1.5008,0.1,Medio,Baja,0,2017,3,1,4676,United States,19120,FUR-FU-10003832,0,0.11,Bajo
CA-2017-102379,2017-12-02,2017-12-06,4,Standard Class,BB-11545,Brenda Bowman,Corporate,West,California,Oakland,Furniture,Chairs,Office Star - Mid Back Dual function Ergonomic High Back Chair with 2-Way Adjustable Arms,1159.056,9,0.2,43.4646,0.0375,Medio,Baja,0,2017,12,4,6271,United States,94601,FUR-CH-10004983,0,0.11,Bajo
CA-2015-137302,2015-04-26,2015-05-01,5,Standard Class,BW-11110,Bart Watters,Corporate,West,California,San Diego,Furniture,Chairs,SAFCO Optional Arm Kit for Workspace Cribbage Stacking Chair,63.936,3,0.2,6.3936,0.1,Medio,Baja,0,2015,4,2,7829,United States,92105,FUR-CH-10002017,0,0.11,Bajo
CA-2017-117457,2017-12-08,2017-12-12,4,Standard Class,KH-16510,Keith Herrera,Consumer,West,California,San Francisco,Furniture,Bookcases,O'Sullivan 4-Shelf Bookcase in Odessa Pine,1336.829,13,0.15,31.4548,0.0235294117647058,Medio,Baja,0,2017,12,4,413,United States,94110,FUR-BO-10001972,0,0.11,Bajo
CA-2017-122490,2017-11-13,2017-11-18,5,Standard Class,TT-21070,Ted Trevino,Consumer,West,Washington,Seattle,Furniture,Chairs,Global Troy Executive Leather Low-Back Tilter,2404.704,6,0.2,150.294,0.0625,Medio,Baja,0,2017,11,4,4866,United States,98103,FUR-CH-10001215,0,0.11,Bajo
US-2015-153500,2015-07-03,2015-07-05,2,First Class,DG-13300,Deirdre Greer,Corporate,East,Pennsylvania,Philadelphia,Furniture,Furnishings,"Howard Miller 12"" Round Wall Clock",282.888,9,0.2,56.5776,0.2,Medio,Media,0,2015,7,3,1053,United States,19134,FUR-FU-10004460,0,0.11,Bajo
CA-2016-126732,2016-09-02,2016-09-06,4,Standard Class,LR-16915,Lena Radford,Consumer,West,California,Los Angeles,Furniture,Tables,Chromcraft Rectangular Conference Tables,568.728,3,0.2,28.4364,0.05,Medio,Baja,0,2016,9,3,9237,United States,90036,FUR-TA-10001539,0,0.11,Bajo
US-2014-147627,2014-01-20,2014-01-26,6,Standard Class,HL-15040,Hunter Lopez,Consumer,South,Arkansas,Jonesboro,Furniture,Chairs,Hon 4700 Series Mobuis Mid-Back Task Chairs with Adjustable Arms,1067.94,3,0.0,224.2674,0.21,Bajo,Media,0,2014,1,1,1127,United States,72401,FUR-CH-10002331,0,0.11,Bajo
CA-2017-145429,2017-07-21,2017-07-25,4,Standard Class,SW-20455,Shaun Weien,Consumer,West,California,San Diego,Furniture,Chairs,Hon Olson Stacker Stools,225.296,2,0.2,22.5296,0.0999999999999999,Medio,Baja,0,2017,7,3,6700,United States,92024,FUR-CH-10000988,0,0.11,Bajo
CA-2017-113670,2017-10-15,2017-10-17,2,First Class,RS-19765,Roland Schwarz,Corporate,West,California,Los Angeles,Furniture,Tables,Bush Advantage Collection Round Conference Table,510.24,3,0.2,6.378,0.0125,Medio,Baja,0,2017,10,4,3711,United States,90045,FUR-TA-10001705,0,0.11,Bajo
CA-2017-115070,2017-04-10,2017-04-14,4,Second Class,MG-18205,Mitch Gastineau,Corporate,South,Florida,Jacksonville,Furniture,Furnishings,Stackable Trays,12.32,5,0.2,1.848,0.15,Medio,Baja,0,2017,4,2,5789,United States,32216,FUR-FU-10003829,0,0.11,Bajo
CA-2016-107104,2016-11-26,2016-11-30,4,Standard Class,MS-17365,Maribeth Schnelling,Consumer,West,California,Los Angeles,Furniture,Bookcases,DMI Eclipse Executive Suite Bookcases,3406.664,8,0.15,160.3136,0.0470588235294117,Medio,Baja,0,2016,11,4,9650,United States,90045,FUR-BO-10002213,0,0.10666666666666667,Bajo
CA-2015-102281,2015-10-12,2015-10-14,2,First Class,MP-17470,Mark Packer,Home Office,East,New York,New York City,Furniture,Bookcases,"Atlantic Metals Mobile 4-Shelf Bookcases, Custom Colors",899.136,4,0.2,112.392,0.125,Medio,Baja,0,2015,10,4,190,United States,10035,FUR-BO-10002613,0,0.10666666666666667,Bajo
CA-2015-129896,2015-06-15,2015-06-20,5,Standard Class,PF-19120,Peter Fuller,Consumer,West,Arizona,Gilbert,Furniture,Furnishings,"DAX Copper Panel Document Frame, 5 x 7 Size",40.256,4,0.2,11.0704,0.2749999999999999,Medio,Media,0,2015,6,2,3884,United States,85234,FUR-FU-10002396,0,0.10666666666666667,Bajo
US-2016-114174,2016-09-08,2016-09-14,6,Standard Class,AP-10720,Anne Pryor,Home Office,East,Massachusetts,Malden,Furniture,Bookcases,"Bush Westfield Collection Bookcases, Dark Cherry Finish",173.94,3,0.0,13.9152,0.08,Bajo,Baja,0,2016,9,3,2544,United States,2148,FUR-BO-10003450,0,0.10666666666666667,Bajo
CA-2016-112109,2016-07-08,2016-07-12,4,Standard Class,JE-15715,Joe Elijah,Consumer,West,Colorado,Broomfield,Furniture,Chairs,SAFCO Arco Folding Chair,662.88,3,0.2,74.574,0.1125,Medio,Baja,0,2016,7,3,1941,United States,80020,FUR-CH-10004287,0,0.10666666666666667,Bajo
CA-2014-136567,2014-12-20,2014-12-21,1,First Class,PS-19045,Penelope Sewall,Home Office,South,Virginia,Harrisonburg,Furniture,Tables,"Chromcraft 48"" x 96"" Racetrack Double Pedestal Table",2244.48,7,0.0,493.7856,0.22,Bajo,Media,0,2014,12,4,1156,United States,22801,FUR-TA-10001932,0,0.10666666666666667,Bajo
CA-2016-123512,2016-06-17,2016-06-19,2,First Class,MV-18190,Mike Vittorini,Consumer,West,California,Los Angeles,Furniture,Bookcases,"Bush Heritage Pine Collection 5-Shelf Bookcase, Albany Pine Finish, *Special Order",239.666,2,0.15,14.098,0.0588235294117647,Medio,Baja,0,2016,6,2,6616,United States,90045,FUR-BO-10004218,0,0.10666666666666667,Bajo
US-2016-150861,2016-12-03,2016-12-06,3,First Class,EG-13900,Emily Grady,Consumer,East,New York,Oceanside,Furniture,Chairs,"Global Leather Highback Executive Chair with Pneumatic Height Adjustment, Black",542.646,3,0.1,102.4998,0.1888888888888888,Bajo,Media,0,2016,12,4,731,United States,11572,FUR-CH-10002965,0,0.10666666666666667,Bajo
CA-2017-131828,2017-02-11,2017-02-13,2,Second Class,CS-11845,Cari Sayre,Corporate,West,Washington,Seattle,Furniture,Chairs,"Global Leather and Oak Executive Chair, Black",963.136,4,0.2,108.3528,0.1125,Medio,Baja,0,2017,2,1,3146,United States,98105,FUR-CH-10004495,0,0.10666666666666667,Bajo
CA-2017-160927,2017-01-29,2017-01-31,2,Second Class,TM-21010,Tamara Manning,Consumer,Central,Iowa,Marion,Furniture,Furnishings,"DAX Value U-Channel Document Frames, Easel Back",14.91,3,0.0,4.6221,0.31,Bajo,Alta,0,2017,1,1,9918,United States,52302,FUR-FU-10000010,0,0.10333333333333333,Bajo
CA-2017-127096,2017-09-15,2017-09-17,2,Second Class,CS-12400,Christopher Schild,Home Office,West,California,San Francisco,Furniture,Tables,Bretford Rectangular Conference Table Tops,300.904,1,0.2,11.2839,0.0375,Medio,Baja,0,2017,9,3,8696,United States,94109,FUR-TA-10003473,0,0.10333333333333333,Bajo
CA-2016-145177,2016-11-10,2016-11-14,4,Standard Class,PP-18955,Paul Prost,Home Office,East,Ohio,Springfield,Furniture,Furnishings,DAX Natural Wood-Tone Poster Frame,148.288,7,0.2,29.6576,0.1999999999999999,Medio,Media,0,2016,11,4,3639,United States,45503,FUR-FU-10000758,0,0.10333333333333333,Bajo
CA-2015-115847,2015-09-19,2015-09-24,5,Second Class,TC-21535,Tracy Collins,Home Office,South,Virginia,Arlington,Furniture,Bookcases,Sauder Cornerstone Collection Library,61.96,2,0.0,4.3372,0.07,Bajo,Baja,0,2015,9,3,1303,United States,22204,FUR-BO-10003433,0,0.10333333333333333,Bajo
CA-2017-115154,2017-01-08,2017-01-11,3,First Class,RS-19420,Ricardo Sperren,Corporate,West,Washington,Seattle,Furniture,Tables,Balt Solid Wood Round Tables,892.98,2,0.0,80.3682,0.09,Bajo,Baja,0,2017,1,1,2290,United States,98115,FUR-TA-10001950,0,0.10333333333333333,Bajo
CA-2014-145317,2014-03-18,2014-03-23,5,Standard Class,SM-20320,Sean Miller,Home Office,South,Florida,Jacksonville,Furniture,Furnishings,"Dana Fluorescent Magnifying Lamp, White, 36""",122.352,3,0.2,15.294,0.125,Medio,Baja,0,2014,3,1,2703,United States,32216,FUR-FU-10001986,0,0.10333333333333333,Bajo
US-2017-105998,2017-11-03,2017-11-05,2,First Class,CR-12580,Clay Rozendal,Home Office,West,California,San Diego,Furniture,Tables,Chromcraft Round Conference Tables,1673.184,12,0.2,20.9148,0.0125,Medio,Baja,0,2017,11,4,7998,United States,92037,FUR-TA-10001095,0,0.1,Bajo
CA-2016-122392,2016-07-22,2016-07-27,5,Standard Class,CJ-12010,Caroline Jumper,Consumer,East,Pennsylvania,Allentown,Furniture,Furnishings,"Master Caster Door Stop, Large Neon Orange",11.648,2,0.2,3.3488,0.2875,Medio,Media,0,2016,7,3,1528,United States,18103,FUR-FU-10002456,0,0.1,Bajo
CA-2017-108910,2017-09-24,2017-09-29,5,Standard Class,KC-16540,Kelly Collister,Consumer,East,Ohio,Newark,Furniture,Furnishings,"Howard Miller 13"" Diameter Pewter Finish Round Wall Clock",103.056,3,0.2,24.4758,0.2375,Medio,Media,0,2017,9,3,718,United States,43055,FUR-FU-10002253,0,0.1,Bajo
US-2016-108504,2016-02-05,2016-02-05,0,Same Day,PP-18955,Paul Prost,Home Office,South,Georgia,Smyrna,Furniture,Bookcases,"Bush Andora Bookcase, Maple/Graphite Gray Finish",239.98,2,0.0,52.7956,0.22,Bajo,Media,0,2016,2,1,1387,United States,30080,FUR-BO-10004015,0,0.1,Bajo
CA-2015-112144,2015-06-28,2015-07-02,4,Standard Class,CY-12745,Craig Yedwab,Corporate,West,Arizona,Gilbert,Furniture,Furnishings,Electrix Halogen Magnifier Lamp,621.76,4,0.2,46.632,0.075,Medio,Baja,0,2015,6,2,6977,United States,85234,FUR-FU-10004306,0,0.1,Bajo
CA-2017-134565,2017-06-11,2017-06-13,2,Second Class,TB-21400,Tom Boeckenhauer,Consumer,West,Washington,Seattle,Furniture,Bookcases,O'Sullivan 3-Shelf Heavy-Duty Bookcases,174.42,3,0.0,41.8608,0.24,Bajo,Media,0,2017,6,2,4224,United States,98103,FUR-BO-10001519,0,0.1,Bajo
CA-2014-154599,2014-04-12,2014-04-17,5,Standard Class,KN-16450,Kean Nguyen,Corporate,West,California,Redondo Beach,Furniture,Bookcases,O'Sullivan Living Dimensions 2-Shelf Bookcases,308.499,3,0.15,-18.147,-0.0588235294117647,Medio,Perdida,1,2014,4,2,2797,United States,90278,FUR-BO-10001337,0,0.1,Bajo
CA-2016-122063,2016-12-03,2016-12-07,4,Standard Class,MM-17920,Michael Moore,Consumer,Central,Indiana,Richmond,Furniture,Tables,Hon 5100 Series Wood Tables,581.96,2,0.0,104.7528,0.1799999999999999,Bajo,Media,0,2016,12,4,5830,United States,47374,FUR-TA-10004575,0,0.1,Bajo
CA-2016-101672,2016-10-03,2016-10-07,4,Standard Class,DB-12910,Daniel Byrd,Home Office,West,California,Lake Forest,Furniture,Chairs,Global Deluxe High-Back Manager's Chair,915.136,4,0.2,102.9528,0.1125,Medio,Baja,0,2016,10,4,7873,United States,92630,FUR-CH-10004063,0,0.1,Bajo
CA-2016-160129,2016-11-23,2016-11-23,0,Same Day,LS-17200,Luke Schmidt,Corporate,East,Pennsylvania,Philadelphia,Furniture,Furnishings,"DAX Executive Solid Wood Document Frame, Desktop or Hang, Mahogany, 5 x 7",70.448,7,0.2,12.3284,0.175,Medio,Media,0,2016,11,4,2921,United States,19140,FUR-FU-10003976,0,0.1,Bajo
CA-2016-117681,2016-04-09,2016-04-14,5,Standard Class,HF-14995,Herbert Flentye,Consumer,West,California,Los Angeles,Furniture,Bookcases,Bush Somerset Collection Bookcase,556.665,5,0.15,6.549,0.0117647058823529,Medio,Baja,0,2016,4,2,5400,United States,90004,FUR-BO-10001798,0,0.1,Bajo
CA-2016-141019,2016-05-14,2016-05-14,0,Same Day,LH-17155,Logan Haushalter,Consumer,East,Ohio,Cincinnati,Furniture,Furnishings,"GE 48"" Fluorescent Tube, Cool White Energy Saver, 34 Watts, 30/Box",79.384,1,0.2,29.769,0.375,Medio,Alta,0,2016,5,2,2161,United States,45231,FUR-FU-10002937,0,0.1,Bajo
CA-2016-153269,2016-03-09,2016-03-12,3,First Class,PS-18760,Pamela Stobb,Consumer,East,Massachusetts,Andover,Furniture,Chairs,"Situations Contoured Folding Chairs, 4/Set",354.9,5,0.0,88.725,0.25,Bajo,Media,0,2016,3,1,8333,United States,1810,FUR-CH-10002647,0,0.1,Bajo
CA-2017-140627,2017-12-23,2017-12-27,4,Standard Class,DK-12985,Darren Koutras,Consumer,South,Tennessee,Hendersonville,Furniture,Furnishings,"Executive Impressions 14"" Two-Color Numerals Wall Clock",72.704,4,0.2,19.0848,0.2625,Medio,Media,0,2017,12,4,6223,United States,37075,FUR-FU-10000087,0,0.1,Bajo
CA-2015-146948,2015-07-16,2015-07-20,4,Standard Class,MG-17890,Michael Granlund,Home Office,East,Maryland,Baltimore,Furniture,Chairs,"Global Manager's Adjustable Task Chair, Storm",150.98,1,0.0,43.7842,0.29,Bajo,Media,0,2015,7,3,4600,United States,21215,FUR-CH-10004853,0,0.09666666666666666,Bajo
CA-2015-137974,2015-04-16,2015-04-18,2,First Class,LL-16840,Lauren Leatherbury,Consumer,South,Virginia,Waynesboro,Furniture,Bookcases,O'Sullivan 3-Shelf Heavy-Duty Bookcases,523.26,9,0.0,125.5824,0.24,Bajo,Media,0,2015,4,2,7460,United States,22980,FUR-BO-10001519,0,0.09666666666666666,Bajo
CA-2017-156237,2017-09-14,2017-09-15,1,First Class,PS-18760,Pamela Stobb,Consumer,East,Pennsylvania,Philadelphia,Furniture,Furnishings,Tensor Track Tree Floor Lamp,127.936,8,0.2,4.7976,0.0375,Medio,Baja,0,2017,9,3,6814,United States,19140,FUR-FU-10001057,0,0.09666666666666666,Bajo
CA-2016-109827,2016-12-25,2017-01-01,7,Standard Class,LW-16825,Laurel Workman,Corporate,West,Arizona,Phoenix,Furniture,Chairs,"Global Stack Chair with Arms, Black",47.968,2,0.2,4.1972,0.0874999999999999,Medio,Baja,0,2016,12,4,6804,United States,85023,FUR-CH-10004754,0,0.09666666666666666,Bajo
CA-2017-132234,2017-10-16,2017-10-18,2,First Class,MY-17380,Maribeth Yedwab,Corporate,East,New York,New York City,Furniture,Furnishings,Executive Impressions Supervisor Wall Clock,547.3,13,0.0,175.136,0.32,Bajo,Alta,0,2017,10,4,1597,United States,10011,FUR-FU-10001290,0,0.09666666666666666,Bajo
CA-2014-117765,2014-09-07,2014-09-13,6,Standard Class,RB-19465,Rick Bensley,Home Office,Central,Oklahoma,Tulsa,Furniture,Chairs,"Padded Folding Chairs, Black, 4/Carton",161.96,2,0.0,45.3488,0.2799999999999999,Bajo,Media,0,2014,9,3,5981,United States,74133,FUR-CH-10004698,0,0.09666666666666666,Bajo
CA-2017-142622,2017-10-30,2017-11-02,3,First Class,JK-15625,Jim Karlsson,Consumer,West,Washington,Seattle,Furniture,Bookcases,Bestar Classic Bookcase,199.98,2,0.0,37.9962,0.19,Bajo,Media,0,2017,10,4,2282,United States,98115,FUR-BO-10004467,0,0.09666666666666666,Bajo
CA-2017-128734,2017-12-24,2017-12-31,7,Standard Class,JL-15175,James Lanier,Home Office,West,Arizona,Chandler,Furniture,Chairs,Global Leather Executive Chair,842.376,3,0.2,105.297,0.125,Medio,Baja,0,2017,12,4,5149,United States,85224,FUR-CH-10001394,0,0.09666666666666666,Bajo
CA-2017-137428,2017-12-16,2017-12-21,5,Second Class,AY-10555,Andy Yotov,Corporate,West,California,Oceanside,Furniture,Chairs,"Global Deluxe Stacking Chair, Gray",81.568,2,0.2,9.1764,0.1124999999999999,Medio,Baja,0,2017,12,4,2963,United States,92054,FUR-CH-10002774,0,0.09666666666666666,Bajo
US-2015-139759,2015-08-25,2015-08-30,5,Standard Class,NL-18310,Nancy Lomonaco,Home Office,West,California,Los Angeles,Furniture,Chairs,"Global Deluxe Stacking Chair, Gray",40.784,1,0.2,4.5882,0.1124999999999999,Medio,Baja,0,2015,8,3,2669,United States,90045,FUR-CH-10002774,0,0.09666666666666666,Bajo
US-2017-109316,2017-06-08,2017-06-10,2,First Class,MG-17680,Maureen Gastineau,Home Office,West,California,Los Angeles,Furniture,Bookcases,"Riverside Palais Royal Lawyers Bookcase, Royale Cherry Finish",1497.666,2,0.15,140.9568,0.0941176470588235,Medio,Baja,0,2017,6,2,7815,United States,90049,FUR-BO-10004834,0,0.09666666666666666,Bajo
CA-2014-115161,2014-01-31,2014-02-02,2,First Class,LC-17050,Liz Carlisle,Consumer,West,California,Mission Viejo,Furniture,Bookcases,"Sauder Facets Collection Library, Sky Alder Finish",290.666,2,0.15,3.4196,0.0117647058823529,Medio,Baja,0,2014,1,1,3366,United States,92691,FUR-BO-10003966,0,0.09666666666666666,Bajo
CA-2017-159464,2017-05-18,2017-05-19,1,First Class,TB-21355,Todd Boyes,Corporate,South,Georgia,Sandy Springs,Furniture,Bookcases,Hon 4-Shelf Metal Bookcases,302.94,3,0.0,75.735,0.25,Bajo,Media,0,2017,5,2,4424,United States,30328,FUR-BO-10003546,0,0.09333333333333334,Bajo
CA-2017-119494,2017-11-09,2017-11-13,4,Standard Class,JE-15610,Jim Epp,Corporate,West,California,San Diego,Furniture,Chairs,"Lifetime Advantage Folding Chairs, 4/Carton",523.392,3,0.2,52.3392,0.0999999999999999,Medio,Baja,0,2017,11,4,7036,United States,92105,FUR-CH-10004675,0,0.09333333333333334,Bajo
CA-2014-126760,2014-07-26,2014-08-02,7,Standard Class,KM-16720,Kunst Miller,Consumer,West,Nevada,North Las Vegas,Furniture,Chairs,Hon 2090 ÒPillow SoftÓ Series Mid Back Swivel/Tilt Chairs,674.352,3,0.2,-109.5822,-0.1625,Medio,Perdida,1,2014,7,3,3839,United States,89031,FUR-CH-10003312,0,0.09333333333333334,Bajo
US-2016-143448,2016-12-10,2016-12-10,0,Same Day,MH-17455,Mark Hamilton,Consumer,Central,Indiana,Greenwood,Furniture,Chairs,Global Commerce Series High-Back Swivel/Tilt Chairs,1424.9,5,0.0,356.225,0.25,Bajo,Media,0,2016,12,4,3940,United States,46142,FUR-CH-10003379,0,0.09333333333333334,Bajo
CA-2016-113845,2016-11-20,2016-11-25,5,Standard Class,FA-14230,Frank Atkinson,Corporate,South,Florida,Orlando,Furniture,Bookcases,O'Sullivan 2-Door Barrister Bookcase in Odessa Pine,289.568,2,0.2,10.8588,0.0375,Medio,Baja,0,2016,11,4,6492,United States,32839,FUR-BO-10004695,0,0.09333333333333334,Bajo
CA-2016-154690,2016-08-15,2016-08-17,2,Second Class,CC-12370,Christopher Conant,Consumer,South,North Carolina,Fayetteville,Furniture,Chairs,Hon Olson Stacker Stools,225.296,2,0.2,22.5296,0.0999999999999999,Medio,Baja,0,2016,8,3,2858,United States,28314,FUR-CH-10000988,0,0.09333333333333334,Bajo
CA-2017-146164,2017-12-22,2017-12-26,4,Standard Class,CM-12190,Charlotte Melton,Consumer,Central,Minnesota,Rochester,Furniture,Tables,"Office Impressions End Table, 20-1/2""H x 24""W x 20""D",607.52,2,0.0,97.2032,0.16,Bajo,Media,0,2017,12,4,8578,United States,55901,FUR-TA-10004915,0,0.09333333333333334,Bajo
CA-2015-105102,2015-09-15,2015-09-19,4,Second Class,BM-11575,Brendan Murry,Corporate,East,New York,New York City,Furniture,Bookcases,"Bush Westfield Collection Bookcases, Medium Cherry Finish",46.384,1,0.2,1.1596,0.0249999999999999,Medio,Baja,0,2015,9,3,2327,United States,10035,FUR-BO-10004709,0,0.09333333333333334,Bajo
CA-2017-109393,2017-06-30,2017-07-02,2,Second Class,JC-15775,John Castell,Consumer,West,California,Los Angeles,Furniture,Bookcases,"Sauder Facets Collection Library, Sky Alder Finish",435.999,3,0.15,5.1294,0.0117647058823529,Medio,Baja,0,2017,6,2,8039,United States,90032,FUR-BO-10003966,0,0.09333333333333334,Bajo
CA-2017-159226,2017-04-25,2017-04-27,2,Second Class,RL-19615,Rob Lucas,Consumer,West,California,Los Angeles,Furniture,Bookcases,"Bush Westfield Collection Bookcases, Medium Cherry Finish",344.981,7,0.15,28.4102,0.0823529411764705,Medio,Baja,0,2017,4,2,8974,United States,90008,FUR-BO-10004709,0,0.09333333333333334,Bajo
CA-2016-142958,2016-12-13,2016-12-20,7,Standard Class,RW-19630,Rob Williams,Corporate,West,California,Torrance,Furniture,Tables,Bretford CR4500 Series Slim Rectangular Table,1114.272,4,0.2,41.7852,0.0375,Medio,Baja,0,2016,12,4,943,United States,90503,FUR-TA-10000577,0,0.09333333333333334,Bajo
CA-2014-131541,2014-07-28,2014-07-28,0,Same Day,CK-12205,Chloris Kastensmidt,Consumer,South,Florida,Apopka,Furniture,Furnishings,"DataProducts Ampli Magnifier Task Lamp, Black,",129.888,6,0.2,12.9888,0.0999999999999999,Medio,Baja,0,2014,7,3,5688,United States,32712,FUR-FU-10003623,0,0.09333333333333334,Bajo
US-2016-164196,2016-11-11,2016-11-17,6,Standard Class,AS-10285,Alejandro Savely,Corporate,Central,Indiana,Noblesville,Furniture,Tables,Balt Solid Wood Round Tables,2678.94,6,0.0,241.1046,0.09,Bajo,Baja,0,2016,11,4,8469,United States,46060,FUR-TA-10001950,0,0.09,Bajo
CA-2014-147543,2014-07-06,2014-07-12,6,Standard Class,BC-11125,Becky Castell,Home Office,West,California,El Cajon,Furniture,Chairs,Global Comet Stacking Armless Chair,478.48,2,0.2,47.848,0.0999999999999999,Medio,Baja,0,2014,7,3,6846,United States,92020,FUR-CH-10000155,0,0.09,Bajo
CA-2015-153535,2015-05-20,2015-05-24,4,Standard Class,SG-20470,Sheri Gordon,Consumer,South,North Carolina,Wilson,Furniture,Furnishings,"Dana Fluorescent Magnifying Lamp, White, 36""",163.136,4,0.2,20.392,0.125,Medio,Baja,0,2015,5,2,6702,United States,27893,FUR-FU-10001986,0,0.09,Bajo
CA-2016-118332,2016-12-16,2016-12-23,7,Standard Class,PK-19075,Pete Kriz,Consumer,West,California,Apple Valley,Furniture,Chairs,Office Star - Contemporary Swivel Chair with Padded Adjustable Arms and Flex Back,563.92,5,0.2,7.049,0.0125,Medio,Baja,0,2016,12,4,6203,United States,92307,FUR-CH-10001708,0,0.09,Bajo
CA-2016-165148,2016-10-22,2016-10-24,2,First Class,PM-19135,Peter McVee,Home Office,Central,Michigan,Detroit,Furniture,Furnishings,Eldon 200 Class Desk Accessories,31.4,5,0.0,10.048,0.32,Bajo,Alta,0,2016,10,4,884,United States,48227,FUR-FU-10000732,0,0.09,Bajo
CA-2015-144806,2015-12-06,2015-12-11,5,Standard Class,GH-14425,Gary Hwang,Consumer,West,Arizona,Tucson,Furniture,Furnishings,"Howard Miller 13"" Diameter Pewter Finish Round Wall Clock",206.112,6,0.2,48.9516,0.2375,Medio,Media,0,2015,12,4,1522,United States,85705,FUR-FU-10002253,0,0.09,Bajo
US-2017-152492,2017-07-06,2017-07-06,0,Same Day,AH-10585,Angele Hood,Consumer,South,Florida,Miami,Furniture,Chairs,Global Comet Stacking Armless Chair,239.24,1,0.2,23.924,0.0999999999999999,Medio,Baja,0,2017,7,3,6031,United States,33142,FUR-CH-10000155,0,0.09,Bajo
CA-2017-135377,2017-12-13,2017-12-18,5,Standard Class,BP-11095,Bart Pistole,Corporate,East,New York,New York City,Furniture,Bookcases,"Bush Andora Bookcase, Maple/Graphite Gray Finish",287.976,3,0.2,7.1994,0.0249999999999999,Medio,Baja,0,2017,12,4,8779,United States,10024,FUR-BO-10004015,0,0.09,Bajo
US-2014-167738,2014-12-24,2014-12-29,5,Standard Class,JC-16105,Julie Creighton,Corporate,West,California,Los Angeles,Furniture,Chairs,"Global Value Mid-Back Manager's Chair, Gray",292.272,6,0.2,18.267,0.0625,Medio,Baja,0,2014,12,4,1268,United States,90045,FUR-CH-10001146,0,0.09,Bajo
CA-2017-104220,2017-01-30,2017-02-05,6,Standard Class,BV-11245,Benjamin Venier,Corporate,Central,Iowa,Des Moines,Furniture,Furnishings,"C-Line Magnetic Cubicle Keepers, Clear Polypropylene",34.58,7,0.0,14.5236,0.42,Bajo,Alta,0,2017,1,1,776,United States,50315,FUR-FU-10002597,0,0.09,Bajo
CA-2017-107825,2017-11-18,2017-11-18,0,Same Day,NB-18655,Nona Balk,Corporate,Central,Wisconsin,Milwaukee,Furniture,Furnishings,"GE General Purpose, Extra Long Life, Showcase & Floodlight Incandescent Bulbs",5.82,2,0.0,2.7354,0.47,Bajo,Alta,0,2017,11,4,9009,United States,53209,FUR-FU-10000206,0,0.09,Bajo
CA-2015-127754,2015-07-26,2015-07-31,5,Standard Class,CK-12760,Cyma Kinney,Corporate,West,Arizona,Glendale,Furniture,Chairs,Office Star - Contemporary Task Swivel Chair,266.352,3,0.2,13.3176,0.05,Medio,Baja,0,2015,7,3,8814,United States,85301,FUR-CH-10003199,0,0.09,Bajo
CA-2017-166926,2017-12-01,2017-12-08,7,Standard Class,SO-20335,Sean O'Donnell,Consumer,West,Washington,Seattle,Furniture,Bookcases,"Hon Metal Bookcases, Putty",141.96,2,0.0,41.1684,0.29,Bajo,Media,0,2017,12,4,7123,United States,98105,FUR-BO-10002598,0,0.09,Bajo
CA-2016-126543,2016-01-09,2016-01-13,4,Second Class,MF-17665,Maureen Fritzler,Corporate,East,Ohio,Toledo,Furniture,Furnishings,"DAX Two-Tone Rosewood/Black Document Frame, Desktop, 5 x 7",15.168,2,0.2,3.792,0.25,Medio,Media,0,2016,1,1,3702,United States,43615,FUR-FU-10002445,0,0.08666666666666667,Bajo
CA-2015-108119,2015-11-01,2015-11-08,7,Standard Class,MS-17530,MaryBeth Skach,Consumer,South,Arkansas,Conway,Furniture,Tables,"Iceberg OfficeWorks 42"" Round Tables",301.96,2,0.0,45.294,0.15,Bajo,Baja,0,2015,11,4,5860,United States,72032,FUR-TA-10002530,0,0.08666666666666667,Bajo
CA-2017-151225,2017-10-27,2017-10-29,2,First Class,JM-15655,Jim Mitchum,Corporate,West,California,Los Angeles,Furniture,Tables,Chromcraft Rectangular Conference Tables,189.576,1,0.2,9.4788,0.05,Medio,Baja,0,2017,10,4,7619,United States,90032,FUR-TA-10001539,0,0.08666666666666667,Bajo
CA-2017-163097,2017-08-27,2017-08-31,4,Standard Class,SF-20200,Sarah Foster,Consumer,West,Arizona,Mesa,Furniture,Furnishings,Flat Face Poster Frame,120.576,8,0.2,33.1584,0.275,Medio,Media,0,2017,8,3,9386,United States,85204,FUR-FU-10004973,0,0.08666666666666667,Bajo
CA-2014-151295,2014-11-12,2014-11-16,4,Standard Class,JA-15970,Joseph Airdo,Consumer,West,California,Los Angeles,Furniture,Tables,Bevis Boat-Shaped Conference Table,629.064,3,0.2,31.4532,0.05,Medio,Baja,0,2014,11,4,2414,United States,90045,FUR-TA-10002356,0,0.08666666666666667,Bajo
CA-2016-168354,2016-09-19,2016-09-21,2,First Class,RH-19510,Rick Huthwaite,Home Office,East,Rhode Island,Providence,Furniture,Chairs,"Lifetime Advantage Folding Chairs, 4/Carton",872.32,4,0.0,244.2496,0.2799999999999999,Bajo,Media,0,2016,9,3,2024,United States,2908,FUR-CH-10004675,0,0.08666666666666667,Bajo
CA-2015-103870,2015-12-27,2015-12-31,4,Standard Class,SP-20860,Sung Pak,Corporate,South,Tennessee,Murfreesboro,Furniture,Bookcases,O'Sullivan 5-Shelf Heavy-Duty Bookcases,131.104,2,0.2,8.194,0.0625,Medio,Baja,0,2015,12,4,8729,United States,37130,FUR-BO-10002853,0,0.08666666666666667,Bajo
CA-2016-100944,2016-09-24,2016-09-28,4,Standard Class,EH-13765,Edward Hooks,Corporate,West,California,Los Angeles,Furniture,Chairs,Hon Olson Stacker Stools,563.24,5,0.2,56.324,0.0999999999999999,Medio,Baja,0,2016,9,3,6285,United States,90049,FUR-CH-10000988,0,0.08666666666666667,Bajo
CA-2015-104626,2015-09-01,2015-09-08,7,Standard Class,DR-12940,Daniel Raglin,Home Office,East,Massachusetts,Franklin,Furniture,Chairs,"Global Value Steno Chair, Gray",60.74,1,0.0,15.185,0.25,Bajo,Media,0,2015,9,3,2817,United States,2038,FUR-CH-10003817,0,0.08333333333333333,Bajo
US-2016-163881,2016-11-24,2016-11-30,6,Standard Class,SP-20860,Sung Pak,Corporate,West,California,Los Angeles,Furniture,Chairs,Global Leather Executive Chair,1684.752,6,0.2,210.594,0.125,Medio,Baja,0,2016,11,4,3892,United States,90036,FUR-CH-10001394,0,0.08333333333333333,Bajo
CA-2015-107678,2015-04-21,2015-04-28,7,Standard Class,JK-16090,Juliana Krohn,Consumer,South,Kentucky,Louisville,Furniture,Chairs,Global Deluxe Office Fabric Chairs,191.96,2,0.0,51.8292,0.2699999999999999,Bajo,Media,0,2015,4,2,6612,United States,40214,FUR-CH-10001891,0,0.08333333333333333,Bajo
CA-2014-125150,2014-05-16,2014-05-23,7,Standard Class,PW-19030,Pauline Webber,Corporate,West,California,Los Angeles,Furniture,Chairs,"Iceberg Nesting Folding Chair, 19w x 6d x 43h",232.88,5,0.2,17.466,0.075,Medio,Baja,0,2014,5,2,7825,United States,90036,FUR-CH-10002439,0,0.08333333333333333,Bajo
US-2014-123183,2014-11-19,2014-11-25,6,Standard Class,GR-14560,Georgia Rosenberg,Corporate,East,Delaware,Wilmington,Furniture,Bookcases,Sauder Inglewood Library Bookcases,1025.88,6,0.0,235.9524,0.2299999999999999,Bajo,Media,0,2014,11,4,5395,United States,19805,FUR-BO-10000362,0,0.08333333333333333,Bajo
CA-2014-115791,2014-01-16,2014-01-18,2,Second Class,DL-13315,Delfina Latchford,Consumer,East,Pennsylvania,Philadelphia,Furniture,Furnishings,DAX Black Cherry Wood-Tone Poster Frame,127.104,6,0.2,28.5984,0.225,Medio,Media,0,2014,1,1,971,United States,19134,FUR-FU-10001095,0,0.08333333333333333,Bajo
CA-2014-168494,2014-12-12,2014-12-14,2,Second Class,NP-18700,Nora Preis,Consumer,West,California,Fresno,Furniture,Bookcases,Bestar Classic Bookcase,254.9745,3,0.15,11.9988,0.0470588235294117,Medio,Baja,0,2014,12,4,1248,United States,93727,FUR-BO-10004467,0,0.08333333333333333,Bajo
CA-2014-151330,2014-10-14,2014-10-17,3,First Class,TC-21295,Toby Carlisle,Consumer,East,Massachusetts,Everett,Furniture,Chairs,Office Star - Ergonomic Mid Back Chair with 2-Way Adjustable Arms,1628.82,9,0.0,260.6112,0.16,Bajo,Media,0,2014,10,4,9636,United States,2149,FUR-CH-10000749,0,0.08333333333333333,Bajo
CA-2014-116246,2014-09-12,2014-09-17,5,Second Class,LW-17215,Luke Weiss,Consumer,East,New York,New York City,Furniture,Chairs,HON 5400 Series Task Chairs for Big and Tall,3785.292,6,0.1,420.588,0.1111111111111111,Bajo,Baja,0,2014,9,3,9426,United States,10035,FUR-CH-10002024,0,0.08333333333333333,Bajo
CA-2014-136567,2014-12-20,2014-12-21,1,First Class,PS-19045,Penelope Sewall,Home Office,South,Virginia,Harrisonburg,Furniture,Tables,"Hon Practical Foundations 30 x 60 Training Table, Light Gray/Charcoal",455.1,2,0.0,100.122,0.22,Bajo,Media,0,2014,12,4,1158,United States,22801,FUR-TA-10000617,0,0.08333333333333333,Bajo
CA-2016-136329,2016-07-09,2016-07-13,4,Standard Class,JD-15895,Jonathan Doherty,Corporate,East,New York,New York City,Furniture,Chairs,Hon GuestStacker Chair,408.006,2,0.1,72.5344,0.1777777777777778,Bajo,Media,0,2016,7,3,1412,United States,10035,FUR-CH-10002335,0,0.08333333333333333,Bajo
US-2014-133130,2014-09-27,2014-10-01,4,Standard Class,TH-21100,Thea Hendricks,Consumer,West,California,San Diego,Furniture,Chairs,DMI Arturo Collection Mission-style Design Wood Chair,603.92,5,0.2,45.294,0.075,Medio,Baja,0,2014,9,3,3313,United States,92037,FUR-CH-10002602,0,0.08333333333333333,Bajo
CA-2014-116932,2014-07-21,2014-07-25,4,Standard Class,ME-18010,Michelle Ellison,Corporate,West,California,San Francisco,Furniture,Tables,"Hon 30"" x 60"" Table with Locking Drawer",272.848,1,0.2,27.2848,0.0999999999999999,Medio,Baja,0,2014,7,3,1873,United States,94122,FUR-TA-10004175,0,0.08333333333333333,Bajo
CA-2017-126067,2017-08-28,2017-09-03,6,Standard Class,KN-16705,Kristina Nunn,Home Office,West,Washington,Seattle,Furniture,Tables,"Hon Practical Foundations 30 x 60 Training Table, Light Gray/Charcoal",1137.75,5,0.0,250.305,0.22,Bajo,Media,0,2017,8,3,2484,United States,98105,FUR-TA-10000617,0,0.08333333333333333,Bajo
US-2016-146794,2016-09-26,2016-10-01,5,Standard Class,SH-19975,Sally Hughsby,Corporate,West,California,Hesperia,Furniture,Bookcases,Bestar Classic Bookcase,424.9575,5,0.15,19.998,0.0470588235294117,Medio,Baja,0,2016,9,3,2651,United States,92345,FUR-BO-10004467,0,0.08333333333333333,Bajo
CA-2014-159814,2014-06-24,2014-06-28,4,Standard Class,LP-17080,Liz Pelletier,Consumer,West,Arizona,Tucson,Furniture,Furnishings,Acrylic Self-Standing Desk Frames,4.272,2,0.2,0.9612,0.225,Medio,Media,0,2014,6,2,9402,United States,85705,FUR-FU-10001731,0,0.08333333333333333,Bajo
CA-2015-111339,2015-05-29,2015-05-31,2,First Class,VP-21760,Victoria Pisteka,Corporate,East,Ohio,Columbus,Furniture,Furnishings,"Tensor ""Hersey Kiss"" Styled Floor Lamp",41.568,4,0.2,-4.1568,-0.0999999999999999,Medio,Perdida,1,2015,5,2,9371,United States,43229,FUR-FU-10002506,0,0.08333333333333333,Bajo
CA-2014-117464,2014-07-22,2014-07-24,2,Second Class,NP-18325,Naresj Patel,Consumer,West,California,San Francisco,Furniture,Chairs,Global Comet Stacking Armless Chair,717.72,3,0.2,71.772,0.1,Medio,Baja,0,2014,7,3,7168,United States,94122,FUR-CH-10000155,0,0.08,Bajo
CA-2016-114489,2016-12-05,2016-12-09,4,Standard Class,JE-16165,Justin Ellison,Corporate,Central,Wisconsin,Franklin,Furniture,Chairs,"Hon Deluxe Fabric Upholstered Stacking Chairs, Rounded Back",1951.84,8,0.0,585.552,0.3,Bajo,Alta,0,2016,12,4,150,United States,53132,FUR-CH-10000454,0,0.08,Bajo
CA-2017-145884,2017-10-21,2017-10-21,0,Same Day,SL-20155,Sara Luxemburg,Home Office,Central,Oklahoma,Muskogee,Furniture,Tables,Bevis Boat-Shaped Conference Table,262.11,1,0.0,62.9064,0.24,Bajo,Media,0,2017,10,4,1832,United States,74403,FUR-TA-10002356,0,0.08,Bajo
CA-2014-153913,2014-12-16,2014-12-20,4,Second Class,KB-16585,Ken Black,Corporate,South,Florida,Hialeah,Furniture,Chairs,Hon Olson Stacker Stools,1013.832,9,0.2,101.3832,0.1,Medio,Baja,0,2014,12,4,3769,United States,33012,FUR-CH-10000988,0,0.08,Bajo
CA-2014-104563,2014-03-07,2014-03-12,5,Standard Class,CM-12715,Craig Molinari,Corporate,West,Washington,Seattle,Furniture,Chairs,"Global Leather and Oak Executive Chair, Black",481.568,2,0.2,54.1764,0.1125,Medio,Baja,0,2014,3,1,9644,United States,98103,FUR-CH-10004495,0,0.08,Bajo
CA-2014-163419,2014-11-11,2014-11-14,3,Second Class,TZ-21580,Tracy Zic,Consumer,West,Colorado,Louisville,Furniture,Chairs,"Global Airflow Leather Mesh Back Chair, Black",603.92,5,0.2,75.49,0.125,Medio,Baja,0,2014,11,4,984,United States,80027,FUR-CH-10000665,0,0.08,Bajo
CA-2014-113768,2014-05-13,2014-05-19,6,Standard Class,AH-10030,Aaron Hawkins,Corporate,West,California,Los Angeles,Furniture,Chairs,"Iceberg Nesting Folding Chair, 19w x 6d x 43h",279.456,6,0.2,20.9592,0.075,Medio,Baja,0,2014,5,2,5355,United States,90004,FUR-CH-10002439,0,0.08,Bajo
CA-2017-123638,2017-06-27,2017-07-04,7,Standard Class,MA-17995,Michelle Arnett,Home Office,East,New York,Watertown,Furniture,Chairs,"Situations Contoured Folding Chairs, 4/Set",191.646,3,0.1,31.941,0.1666666666666666,Bajo,Media,0,2017,6,2,2957,United States,13601,FUR-CH-10002647,0,0.08,Bajo
US-2014-134733,2014-09-23,2014-09-28,5,Standard Class,BM-11650,Brian Moss,Corporate,West,California,San Diego,Furniture,Bookcases,"Rush Hierlooms Collection 1"" Thick Stackable Bookcases",435.999,3,0.15,20.5176,0.0470588235294117,Medio,Baja,0,2014,9,3,3352,United States,92037,FUR-BO-10002916,0,0.08,Bajo
CA-2016-154739,2016-12-10,2016-12-15,5,Second Class,LH-17155,Logan Haushalter,Consumer,West,California,San Francisco,Furniture,Chairs,"Global Leather Highback Executive Chair with Pneumatic Height Adjustment, Black",321.568,2,0.2,28.1372,0.0875,Medio,Baja,0,2016,12,4,250,United States,94109,FUR-CH-10002965,0,0.08,Bajo
CA-2016-149314,2016-07-02,2016-07-07,5,Second Class,GB-14530,George Bell,Corporate,West,California,Los Angeles,Furniture,Chairs,Hon Deluxe Fabric Upholstered Stacking Chairs,195.184,1,0.2,19.5184,0.1,Medio,Baja,0,2016,7,3,1159,United States,90004,FUR-CH-10002126,0,0.08,Bajo
CA-2015-112116,2015-03-16,2015-03-18,2,Second Class,JE-15475,Jeremy Ellison,Consumer,West,Washington,Seattle,Furniture,Tables,KI Adjustable-Height Table,171.96,2,0.0,44.7096,0.26,Bajo,Media,0,2015,3,1,1559,United States,98103,FUR-TA-10001039,0,0.08,Bajo
CA-2017-111689,2017-11-30,2017-12-02,2,Second Class,HP-14815,Harold Pawlan,Home Office,East,New York,New York City,Furniture,Chairs,SAFCO Arco Folding Chair,1242.9,5,0.1,262.39,0.211111111111111,Bajo,Media,0,2017,11,4,881,United States,10024,FUR-CH-10004287,0,0.08,Bajo
CA-2016-142335,2016-12-15,2016-12-19,4,Standard Class,MP-17965,Michael Paige,Corporate,Central,Michigan,Detroit,Furniture,Tables,Chromcraft Bull-Nose Wood Oval Conference Tables & Bases,1652.94,3,0.0,231.4116,0.1399999999999999,Bajo,Baja,0,2016,12,4,722,United States,48205,FUR-TA-10000198,0,0.07666666666666666,Bajo
CA-2017-122994,2017-02-06,2017-02-09,3,First Class,MV-17485,Mark Van Huff,Consumer,South,Virginia,Arlington,Furniture,Bookcases,"Bush Andora Bookcase, Maple/Graphite Gray Finish",359.97,3,0.0,79.1934,0.2199999999999999,Bajo,Media,0,2017,2,1,2263,United States,22204,FUR-BO-10004015,0,0.07666666666666666,Bajo
US-2014-112991,2014-12-10,2014-12-14,4,Standard Class,SH-19975,Sally Hughsby,Corporate,West,Idaho,Caldwell,Furniture,Chairs,Office Star - Contemporary Swivel Chair with Padded Adjustable Arms and Flex Back,338.352,3,0.2,4.2294,0.0125,Medio,Baja,0,2014,12,4,5999,United States,83605,FUR-CH-10001708,0,0.07666666666666666,Bajo
CA-2016-142902,2016-09-12,2016-09-14,2,Second Class,BP-11185,Ben Peterman,Corporate,West,Colorado,Arvada,Furniture,Chairs,Hon 4070 Series Pagoda Armless Upholstered Stacking Chairs,466.768,2,0.2,52.5114,0.1125,Medio,Baja,0,2016,9,3,311,United States,80004,FUR-CH-10004086,0,0.07666666666666666,Bajo
CA-2017-152807,2017-10-30,2017-11-03,4,Standard Class,MC-18100,Mick Crebagga,Consumer,East,Pennsylvania,Philadelphia,Furniture,Furnishings,"Stacking Tray, Side-Loading, Legal, Smoke",7.168,2,0.2,0.9856,0.1375,Medio,Baja,0,2017,10,4,1743,United States,19140,FUR-FU-10004415,0,0.07666666666666666,Bajo
US-2014-138758,2014-07-07,2014-07-11,4,Standard Class,JL-15835,John Lee,Consumer,East,Pennsylvania,Philadelphia,Furniture,Furnishings,"Howard Miller 11-1/2"" Diameter Grantwood Wall Clock",69.008,2,0.2,12.0764,0.175,Medio,Media,0,2014,7,3,4399,United States,19120,FUR-FU-10003039,0,0.07666666666666666,Bajo
US-2017-115301,2017-07-29,2017-08-02,4,Standard Class,VG-21790,Vivek Gonzalez,Consumer,West,Washington,Seattle,Furniture,Bookcases,"Bush Westfield Collection Bookcases, Medium Cherry Finish",115.96,2,0.0,25.5112,0.22,Bajo,Media,0,2017,7,3,6911,United States,98103,FUR-BO-10004709,0,0.07666666666666666,Bajo
CA-2017-112753,2017-06-18,2017-06-23,5,Standard Class,CC-12670,Craig Carreira,Consumer,West,California,Los Angeles,Furniture,Bookcases,"Bush Andora Bookcase, Maple/Graphite Gray Finish",917.9235,9,0.15,75.5937,0.0823529411764705,Medio,Baja,0,2017,6,2,4496,United States,90032,FUR-BO-10004015,0,0.07666666666666666,Bajo
CA-2016-156573,2016-05-29,2016-06-02,4,Standard Class,RB-19360,Raymond Buch,Consumer,South,Tennessee,Nashville,Furniture,Furnishings,3M Polarizing Light Filter Sleeves,44.76,3,0.2,14.547,0.325,Medio,Alta,0,2016,5,2,3960,United States,37211,FUR-FU-10001085,0,0.07666666666666666,Bajo
CA-2017-135937,2017-02-20,2017-02-27,7,Standard Class,KM-16375,Katherine Murray,Home Office,West,Arizona,Gilbert,Furniture,Furnishings,"Howard Miller 13"" Diameter Pewter Finish Round Wall Clock",68.704,2,0.2,16.3172,0.2375,Medio,Media,0,2017,2,1,6659,United States,85234,FUR-FU-10002253,0,0.07666666666666666,Bajo
CA-2016-113061,2016-04-22,2016-04-26,4,Standard Class,EL-13735,Ed Ludwig,Home Office,Central,Missouri,Jefferson City,Furniture,Furnishings,Eldon Advantage Chair Mats for Low to Medium Pile Carpets,86.62,2,0.0,8.662,0.1,Bajo,Baja,0,2016,4,2,1037,United States,65109,FUR-FU-10003975,0,0.07666666666666666,Bajo
CA-2016-133935,2016-09-18,2016-09-22,4,Standard Class,JW-15220,Jane Waco,Corporate,West,California,San Diego,Furniture,Chairs,Global Troy Executive Leather Low-Back Tilter,801.568,2,0.2,50.098,0.0625,Medio,Baja,0,2016,9,3,5881,United States,92105,FUR-CH-10001215,0,0.07666666666666666,Bajo
CA-2015-150791,2015-09-06,2015-09-13,7,Standard Class,CC-12430,Chuck Clark,Home Office,East,New York,New York City,Furniture,Chairs,"Global Airflow Leather Mesh Back Chair, Black",271.764,2,0.1,60.392,0.2222222222222222,Bajo,Media,0,2015,9,3,3420,United States,10024,FUR-CH-10000665,0,0.07666666666666666,Bajo
CA-2016-158778,2016-09-05,2016-09-09,4,Standard Class,DB-13210,Dean Braden,Consumer,East,Pennsylvania,Philadelphia,Furniture,Furnishings,"6"" Cubicle Wall Clock, Black",58.248,9,0.2,11.6496,0.2,Medio,Media,0,2016,9,3,7591,United States,19134,FUR-FU-10000260,0,0.07666666666666666,Bajo
CA-2016-137204,2016-04-28,2016-05-05,7,Standard Class,BO-11350,Bill Overfelt,Corporate,West,California,Los Angeles,Furniture,Chairs,"Global Stack Chair without Arms, Black",41.568,2,0.2,2.598,0.0625,Medio,Baja,0,2016,4,2,2614,United States,90045,FUR-CH-10002304,0,0.07666666666666666,Bajo
CA-2014-166744,2014-09-20,2014-09-24,4,Standard Class,DN-13690,Duane Noonan,Consumer,East,Maryland,Columbia,Furniture,Bookcases,O'Sullivan Living Dimensions 2-Shelf Bookcases,362.94,3,0.0,36.294,0.0999999999999999,Bajo,Baja,0,2014,9,3,5238,United States,21044,FUR-BO-10001337,0,0.07666666666666666,Bajo
CA-2017-113208,2017-03-26,2017-04-02,7,Standard Class,ML-18040,Michelle Lonsdale,Corporate,Central,Michigan,Dearborn,Furniture,Furnishings,"Career Cubicle Clock, 8 1/4"", Black",60.84,3,0.0,23.1192,0.3799999999999999,Bajo,Alta,0,2017,3,1,5638,United States,48126,FUR-FU-10004245,0,0.07333333333333333,Bajo
CA-2017-137428,2017-12-16,2017-12-21,5,Second Class,AY-10555,Andy Yotov,Corporate,West,California,Oceanside,Furniture,Chairs,"Global Value Steno Chair, Gray",97.184,2,0.2,6.074,0.0625,Medio,Baja,0,2017,12,4,2964,United States,92054,FUR-CH-10003817,0,0.07333333333333333,Bajo
US-2016-135923,2016-01-22,2016-01-28,6,Standard Class,CM-11935,Carlos Meador,Consumer,South,North Carolina,Fayetteville,Furniture,Furnishings,Eldon Pizzaz Desk Accessories,14.272,8,0.2,4.2816,0.3,Medio,Media,0,2016,1,1,2471,United States,28314,FUR-FU-10002107,0,0.07333333333333333,Bajo
CA-2017-143756,2017-12-02,2017-12-05,3,First Class,ME-17725,Max Engle,Consumer,South,Virginia,Salem,Furniture,Chairs,Office Star - Professional Matrix Back Chair with 2-to-1 Synchro Tilt and Mesh Fabric Seat,701.96,2,0.0,168.4704,0.24,Bajo,Media,0,2017,12,4,6292,United States,24153,FUR-CH-10001854,0,0.07333333333333333,Bajo
CA-2014-166989,2014-11-14,2014-11-18,4,Standard Class,RM-19675,Robert Marley,Home Office,East,New York,New York City,Furniture,Chairs,"Safco Chair Connectors, 6/Carton",69.264,2,0.1,14.6224,0.2111111111111111,Bajo,Media,0,2014,11,4,4282,United States,10011,FUR-CH-10001797,0,0.07333333333333333,Bajo
CA-2015-140718,2015-07-02,2015-07-04,2,First Class,FA-14230,Frank Atkinson,Corporate,South,North Carolina,Raleigh,Furniture,Furnishings,24-Hour Round Wall Clock,159.84,10,0.2,45.954,0.2875,Medio,Media,0,2015,7,3,8850,United States,27604,FUR-FU-10000076,0,0.07333333333333333,Bajo
CA-2014-166884,2014-03-11,2014-03-16,5,Second Class,CK-12205,Chloris Kastensmidt,Consumer,East,Ohio,Columbus,Furniture,Furnishings,Eldon Wave Desk Accessories,8.32,5,0.2,2.288,0.2749999999999999,Medio,Media,0,2014,3,1,1542,United States,43229,FUR-FU-10003981,0,0.07,Bajo
CA-2016-115756,2016-09-05,2016-09-07,2,Second Class,PK-19075,Pete Kriz,Consumer,Central,Michigan,Detroit,Furniture,Furnishings,Aluminum Document Frame,12.22,1,0.0,3.666,0.3,Bajo,Media,0,2016,9,3,441,United States,48227,FUR-FU-10000246,0,0.07,Bajo
CA-2015-141593,2015-12-14,2015-12-16,2,Second Class,DB-12970,Darren Budd,Corporate,West,California,Los Angeles,Furniture,Tables,"Bush Andora Conference Table, Maple/Graphite Gray Finish",273.568,2,0.2,10.2588,0.0375,Medio,Baja,0,2015,12,4,9956,United States,90045,FUR-TA-10002622,0,0.07,Bajo
US-2017-111423,2017-08-17,2017-08-19,2,First Class,EH-13765,Edward Hooks,Corporate,East,New York,Watertown,Furniture,Chairs,Global Commerce Series Low-Back Swivel/Tilt Chairs,462.564,2,0.1,97.6524,0.2111111111111111,Bajo,Media,0,2017,8,3,1921,United States,13601,FUR-CH-10003981,0,0.07,Bajo
CA-2017-120376,2017-12-22,2017-12-25,3,First Class,TP-21130,Theone Pippenger,Consumer,Central,Michigan,Detroit,Furniture,Chairs,Hon GuestStacker Chair,1586.69,7,0.0,412.5394,0.26,Bajo,Media,0,2017,12,4,2057,United States,48227,FUR-CH-10002335,0,0.07,Bajo
CA-2017-155985,2017-03-23,2017-03-25,2,First Class,BE-11335,Bill Eplett,Home Office,West,California,San Francisco,Furniture,Furnishings,DAX Natural Wood-Tone Poster Frame,211.84,8,0.0,76.2624,0.36,Bajo,Alta,0,2017,3,1,2410,United States,94122,FUR-FU-10000758,0,0.07,Bajo
CA-2015-111514,2015-08-31,2015-09-02,2,First Class,SC-20260,Scott Cohen,Corporate,West,California,San Francisco,Furniture,Bookcases,"Atlantic Metals Mobile 3-Shelf Bookcases, Custom Colors",1552.831,7,0.15,200.9546,0.1294117647058823,Medio,Baja,0,2015,8,3,2354,United States,94122,FUR-BO-10002545,0,0.07,Bajo
CA-2014-136399,2014-12-16,2014-12-17,1,First Class,CC-12100,Chad Cunningham,Home Office,West,California,Los Angeles,Furniture,Chairs,DMI Arturo Collection Mission-style Design Wood Chair,241.568,2,0.2,18.1176,0.075,Medio,Baja,0,2014,12,4,3130,United States,90049,FUR-CH-10002602,0,0.07,Bajo
US-2016-106600,2016-04-08,2016-04-11,3,First Class,RM-19375,Raymond Messe,Consumer,South,Georgia,Columbus,Furniture,Bookcases,"Hon Metal Bookcases, Black",354.9,5,0.0,88.725,0.25,Bajo,Media,0,2016,4,2,6151,United States,31907,FUR-BO-10001608,0,0.07,Bajo
CA-2017-102407,2017-12-09,2017-12-13,4,Second Class,AT-10435,Alyssa Tate,Home Office,West,California,Los Angeles,Furniture,Tables,Bevis 36 x 72 Conference Tables,896.328,9,0.2,22.4082,0.025,Medio,Baja,0,2017,12,4,4292,United States,90004,FUR-TA-10003748,0,0.07,Bajo
CA-2015-130456,2015-08-21,2015-08-26,5,Standard Class,DS-13180,David Smith,Corporate,West,California,San Francisco,Furniture,Bookcases,Sauder Camden County Collection Library,586.398,6,0.15,34.494,0.0588235294117647,Medio,Baja,0,2015,8,3,4634,United States,94122,FUR-BO-10003893,0,0.07,Bajo
CA-2015-122406,2015-08-02,2015-08-05,3,Second Class,BE-11455,Brad Eason,Home Office,East,Rhode Island,Providence,Furniture,Chairs,Office Star Flex Back Scooter Chair with White Frame,110.98,1,0.0,15.5372,0.1399999999999999,Bajo,Baja,0,2015,8,3,4970,United States,2908,FUR-CH-10001973,0,0.07,Bajo
CA-2017-136350,2017-06-24,2017-06-26,2,Second Class,GA-14515,George Ashbrook,Consumer,East,New York,New York City,Furniture,Chairs,Global Deluxe Office Fabric Chairs,172.764,2,0.1,32.6332,0.1888888888888888,Bajo,Media,0,2017,6,2,4051,United States,10011,FUR-CH-10001891,0,0.07,Bajo
CA-2015-114237,2015-03-13,2015-03-15,2,First Class,MC-17275,Marc Crier,Consumer,West,Washington,Seattle,Furniture,Bookcases,"Safco Value Mate Series Steel Bookcases, Baked Enamel Finish on Steel, Gray",141.96,2,0.0,39.7488,0.28,Bajo,Media,0,2015,3,1,2026,United States,98103,FUR-BO-10004409,0,0.07,Bajo
CA-2017-166695,2017-05-20,2017-05-24,4,Standard Class,CC-12430,Chuck Clark,Home Office,West,California,Lakewood,Furniture,Furnishings,G.E. Halogen Desk Lamp Bulbs,6.98,1,0.0,3.3504,0.48,Bajo,Alta,0,2017,5,2,6069,United States,90712,FUR-FU-10002191,0,0.07,Bajo
CA-2014-106810,2014-05-14,2014-05-20,6,Standard Class,AJ-10795,Anthony Johnson,Corporate,South,Florida,Saint Petersburg,Furniture,Furnishings,Electrix Halogen Magnifier Lamp,310.88,2,0.2,23.316,0.075,Medio,Baja,0,2014,5,2,769,United States,33710,FUR-FU-10004306,0,0.07,Bajo
CA-2016-148747,2016-09-25,2016-09-27,2,First Class,AS-10045,Aaron Smayling,Corporate,West,California,San Francisco,Furniture,Bookcases,"Atlantic Metals Mobile 4-Shelf Bookcases, Custom Colors",477.666,2,0.15,84.294,0.1764705882352941,Medio,Media,0,2016,9,3,9538,United States,94110,FUR-BO-10002613,0,0.07,Bajo
CA-2015-100454,2015-11-20,2015-11-25,5,Standard Class,BM-11650,Brian Moss,Corporate,East,New York,New York City,Furniture,Bookcases,O'Sullivan 3-Shelf Heavy-Duty Bookcases,186.048,4,0.2,9.3024,0.05,Medio,Baja,0,2015,11,4,842,United States,10035,FUR-BO-10001519,0,0.07,Bajo
CA-2015-140921,2015-02-03,2015-02-05,2,First Class,AA-10375,Allen Armold,Consumer,Central,Nebraska,Omaha,Furniture,Furnishings,Coloredge Poster Frame,28.4,2,0.0,11.076,0.39,Bajo,Alta,0,2015,2,1,808,United States,68104,FUR-FU-10003347,0,0.07,Bajo
CA-2014-154893,2014-12-21,2014-12-27,6,Standard Class,GM-14440,Gary McGarr,Consumer,West,California,San Diego,Furniture,Chairs,SAFCO Arco Folding Chair,1325.76,6,0.2,149.148,0.1125,Medio,Baja,0,2014,12,4,5639,United States,92024,FUR-CH-10004287,0,0.06666666666666667,Bajo
CA-2014-166954,2014-04-25,2014-04-30,5,Standard Class,BT-11305,Beth Thompson,Home Office,West,California,San Gabriel,Furniture,Chairs,GuestStacker Chair with Chrome Finish Legs,1487.04,5,0.2,148.704,0.1,Medio,Baja,0,2014,4,2,4378,United States,91776,FUR-CH-10003973,0,0.06666666666666667,Bajo
CA-2014-114195,2014-11-01,2014-11-03,2,First Class,EA-14035,Erin Ashbrook,Corporate,East,Ohio,Mason,Furniture,Furnishings,"Howard Miller 13"" Diameter Pewter Finish Round Wall Clock",68.704,2,0.2,16.3172,0.2375,Medio,Media,0,2014,11,4,9869,United States,45040,FUR-FU-10002253,0,0.06666666666666667,Bajo
CA-2014-154095,2014-12-02,2014-12-07,5,Standard Class,ON-18715,Odella Nelson,Corporate,East,Maryland,Clinton,Furniture,Chairs,"Global Stack Chair with Arms, Black",239.84,8,0.0,64.7568,0.2699999999999999,Bajo,Media,0,2014,12,4,6602,United States,20735,FUR-CH-10004754,0,0.06666666666666667,Bajo
CA-2017-162173,2017-10-26,2017-11-01,6,Standard Class,OT-18730,Olvera Toch,Consumer,South,Virginia,Virginia Beach,Furniture,Tables,"Lesro Sheffield Collection Coffee Table, End Table, Center Table, Corner Table",356.85,5,0.0,60.6645,0.1699999999999999,Bajo,Media,0,2017,10,4,6664,United States,23464,FUR-TA-10001520,0,0.06666666666666667,Bajo
CA-2015-164301,2015-03-26,2015-03-30,4,Standard Class,EB-13840,Ellis Ballard,Corporate,West,Washington,Seattle,Furniture,Tables,Bush Advantage Collection Racetrack Conference Table,3393.68,8,0.0,610.8624,0.18,Bajo,Media,0,2015,3,1,9858,United States,98103,FUR-TA-10001889,0,0.06666666666666667,Bajo
CA-2016-128594,2016-08-26,2016-08-29,3,First Class,DJ-13510,Don Jones,Corporate,West,California,San Diego,Furniture,Chairs,Global Troy Executive Leather Low-Back Tilter,1603.136,4,0.2,100.196,0.0625,Medio,Baja,0,2016,8,3,2857,United States,92037,FUR-CH-10001215,0,0.06666666666666667,Bajo
US-2014-137869,2014-03-28,2014-04-02,5,Standard Class,CV-12295,Christina VanderZanden,Consumer,Central,Iowa,Des Moines,Furniture,Tables,Hon 94000 Series Round Tables,1184.72,4,0.0,106.6248,0.09,Bajo,Baja,0,2014,3,1,7841,United States,50315,FUR-TA-10003954,0,0.06666666666666667,Bajo
CA-2015-130890,2015-11-02,2015-11-06,4,Standard Class,JO-15280,Jas O'Carroll,Consumer,West,California,Los Angeles,Furniture,Tables,"Bevis Round Bullnose 29"" High Table Top",1038.84,5,0.2,51.942,0.05,Medio,Baja,0,2015,11,4,283,United States,90004,FUR-TA-10002903,0,0.06666666666666667,Bajo
CA-2014-127159,2014-05-12,2014-05-15,3,First Class,HL-15040,Hunter Lopez,Consumer,Central,Wisconsin,Milwaukee,Furniture,Furnishings,"DAX Value U-Channel Document Frames, Easel Back",34.79,7,0.0,10.7849,0.31,Bajo,Alta,0,2014,5,2,1658,United States,53209,FUR-FU-10000010,0,0.06666666666666667,Bajo
US-2017-108343,2017-07-20,2017-07-25,5,Standard Class,AR-10825,Anthony Rawles,Corporate,East,New York,New York City,Furniture,Chairs,Office Star - Task Chair with Contemporary Loop Arms,163.764,2,0.1,25.4744,0.1555555555555555,Bajo,Media,0,2017,7,3,9320,United States,10009,FUR-CH-10002780,0,0.06666666666666667,Bajo
CA-2015-154620,2015-12-12,2015-12-16,4,Standard Class,LT-17110,Liz Thompson,Consumer,West,California,Lancaster,Furniture,Chairs,"Lifetime Advantage Folding Chairs, 4/Carton",348.928,2,0.2,34.8928,0.1,Medio,Baja,0,2015,12,4,788,United States,93534,FUR-CH-10004675,0,0.06666666666666667,Bajo
CA-2017-154214,2017-03-20,2017-03-25,5,Second Class,TB-21595,Troy Blackwell,Consumer,Central,Indiana,Columbus,Furniture,Furnishings,"GE General Purpose, Extra Long Life, Showcase & Floodlight Incandescent Bulbs",2.91,1,0.0,1.3677,0.47,Bajo,Alta,0,2017,3,1,447,United States,47201,FUR-FU-10000206,0,0.06666666666666667,Bajo
CA-2015-162201,2015-06-08,2015-06-12,4,Standard Class,AG-10495,Andrew Gjertsen,Corporate,South,Florida,Saint Petersburg,Furniture,Furnishings,"Advantus Employee of the Month Certificate Frame, 11 x 13-1/2",173.208,7,0.2,45.4671,0.2625,Medio,Media,0,2015,6,2,9818,United States,33710,FUR-FU-10001185,0,0.06666666666666667,Bajo
CA-2014-114321,2014-08-20,2014-08-25,5,Standard Class,NC-18535,Nick Crebassa,Corporate,South,Virginia,Hampton,Furniture,Chairs,"Safco Chair Connectors, 6/Carton",500.24,13,0.0,145.0696,0.29,Bajo,Media,0,2014,8,3,9733,United States,23666,FUR-CH-10001797,0,0.06333333333333334,Bajo
CA-2017-108035,2017-11-29,2017-12-03,4,Standard Class,TT-21070,Ted Trevino,Consumer,South,Tennessee,Chattanooga,Furniture,Furnishings,"Executive Impressions 13"" Chairman Wall Clock",101.52,5,0.2,19.035,0.1875,Medio,Media,0,2017,11,4,7391,United States,37421,FUR-FU-10004017,0,0.06333333333333334,Bajo
CA-2016-147137,2016-07-04,2016-07-06,2,First Class,AA-10645,Anna Andreadi,Consumer,West,California,San Francisco,Furniture,Bookcases,"Atlantic Metals Mobile 5-Shelf Bookcases, Custom Colors",1279.165,5,0.15,225.735,0.1764705882352941,Medio,Media,0,2016,7,3,4454,United States,94109,FUR-BO-10001811,0,0.06333333333333334,Bajo
CA-2016-112102,2016-04-12,2016-04-16,4,Standard Class,BD-11605,Brian Dahlen,Consumer,South,Virginia,Springfield,Furniture,Tables,KI Adjustable-Height Table,343.92,4,0.0,75.6624,0.22,Bajo,Media,0,2016,4,2,1130,United States,22153,FUR-TA-10004086,0,0.06333333333333334,Bajo
CA-2016-144344,2016-10-28,2016-10-28,0,Same Day,PG-18820,Patrick Gardner,Consumer,South,Florida,Boynton Beach,Furniture,Furnishings,24-Hour Round Wall Clock,47.952,3,0.2,13.7862,0.2875,Medio,Media,0,2016,10,4,1235,United States,33437,FUR-FU-10000076,0,0.06333333333333334,Bajo
CA-2014-140487,2014-06-14,2014-06-20,6,Standard Class,SR-20425,Sharelle Roach,Home Office,Central,Michigan,Detroit,Furniture,Bookcases,"Hon Metal Bookcases, Gray",212.94,3,0.0,57.4938,0.27,Bajo,Media,0,2014,6,2,5221,United States,48234,FUR-BO-10000711,0,0.06333333333333334,Bajo
US-2017-105935,2017-01-26,2017-01-31,5,Standard Class,BD-11500,Bradley Drucker,Consumer,South,Georgia,Columbus,Furniture,Furnishings,Artistic Insta-Plaque,62.72,4,0.0,24.4608,0.39,Bajo,Alta,0,2017,1,1,8312,United States,31907,FUR-FU-10002157,0,0.06333333333333334,Bajo
CA-2016-144792,2016-04-30,2016-05-04,4,Standard Class,KD-16615,Ken Dana,Corporate,West,Arizona,Scottsdale,Furniture,Furnishings,12-1/2 Diameter Round Wall Clock,111.888,7,0.2,22.3776,0.2,Medio,Media,0,2016,4,2,2542,United States,85254,FUR-FU-10002759,0,0.06333333333333334,Bajo
CA-2015-123141,2015-11-14,2015-11-19,5,Standard Class,GZ-14470,Gary Zandusky,Consumer,West,New Mexico,Rio Rancho,Furniture,Chairs,SAFCO Arco Folding Chair,883.84,4,0.2,99.432,0.1125,Medio,Baja,0,2015,11,4,6709,United States,87124,FUR-CH-10004287,0,0.06333333333333334,Bajo
CA-2016-162747,2016-03-20,2016-03-25,5,Second Class,AH-10030,Aaron Hawkins,Corporate,South,Mississippi,Gulfport,Furniture,Furnishings,"Eldon Image Series Desk Accessories, Ebony",86.45,7,0.0,38.038,0.4399999999999999,Bajo,Alta,0,2016,3,1,3312,United States,39503,FUR-FU-10003691,0,0.06333333333333334,Bajo
CA-2014-168130,2014-09-19,2014-09-19,0,Same Day,BS-11365,Bill Shonely,Corporate,East,New York,New York City,Furniture,Chairs,Hon Olson Stacker Stools,887.103,7,0.1,177.4206,0.2,Bajo,Media,0,2014,9,3,4251,United States,10011,FUR-CH-10000988,0,0.06333333333333334,Bajo
CA-2017-124205,2017-09-15,2017-09-19,4,Standard Class,TC-21145,Theresa Coyne,Corporate,East,New Jersey,Lakewood,Furniture,Chairs,SAFCO Folding Chair Trolley,512.96,4,0.0,143.6288,0.28,Bajo,Media,0,2017,9,3,6757,United States,8701,FUR-CH-10003606,0,0.06333333333333334,Bajo
US-2015-139675,2015-03-13,2015-03-18,5,Second Class,NF-18595,Nicole Fjeld,Home Office,West,California,Chico,Furniture,Chairs,Global Deluxe High-Back Manager's Chair,915.136,4,0.2,102.9528,0.1125,Medio,Baja,0,2015,3,1,6290,United States,95928,FUR-CH-10004063,0,0.06,Bajo
CA-2017-104731,2017-07-21,2017-07-27,6,Standard Class,AM-10705,Anne McFarland,Consumer,South,Virginia,Salem,Furniture,Bookcases,"Bush Westfield Collection Bookcases, Fully Assembled",302.94,3,0.0,69.6762,0.2299999999999999,Bajo,Media,0,2017,7,3,6588,United States,24153,FUR-BO-10003441,0,0.06,Bajo
CA-2017-130211,2017-10-22,2017-10-22,0,Same Day,BD-11620,Brian DeCherney,Consumer,Central,Oklahoma,Lawton,Furniture,Tables,Bevis 36 x 72 Conference Tables,248.98,2,0.0,54.7756,0.22,Bajo,Media,0,2017,10,4,4479,United States,73505,FUR-TA-10003748,0,0.06,Bajo
CA-2016-168893,2016-11-03,2016-11-08,5,Second Class,AP-10915,Arthur Prichep,Consumer,South,Kentucky,Henderson,Furniture,Tables,Global Adaptabilities Conference Tables,842.94,3,0.0,160.1586,0.19,Bajo,Media,0,2016,11,4,4435,United States,42420,FUR-TA-10003392,0,0.06,Bajo
CA-2016-121447,2016-02-21,2016-02-22,1,First Class,EA-14035,Erin Ashbrook,Corporate,East,New York,New York City,Furniture,Furnishings,"Floodlight Indoor Halogen Bulbs, 1 Bulb per Pack, 60 Watts",135.8,7,0.0,66.542,0.49,Bajo,Alta,0,2016,2,1,9013,United States,10011,FUR-FU-10001861,0,0.06,Bajo
CA-2014-124247,2014-12-16,2014-12-21,5,Standard Class,SH-20635,Stefanie Holloman,Corporate,West,California,Sacramento,Furniture,Chairs,Office Star - Professional Matrix Back Chair with 2-to-1 Synchro Tilt and Mesh Fabric Seat,1403.92,5,0.2,70.196,0.0499999999999999,Medio,Baja,0,2014,12,4,6918,United States,95823,FUR-CH-10001854,0,0.06,Bajo
US-2017-110149,2017-12-10,2017-12-13,3,First Class,WB-21850,William Brown,Consumer,East,Pennsylvania,Philadelphia,Furniture,Furnishings,"Contract Clock, 14"", Brown",87.92,5,0.2,15.386,0.175,Medio,Media,0,2017,12,4,9411,United States,19143,FUR-FU-10001475,0,0.06,Bajo
CA-2014-168368,2014-02-11,2014-02-15,4,Second Class,GA-14725,Guy Armstrong,Consumer,Central,Missouri,Columbia,Furniture,Furnishings,"Rubbermaid ClusterMat Chairmats, Mat Size- 66"" x 60"", Lip 20"" x 11"" -90 Degree Angle",332.94,3,0.0,53.2704,0.16,Bajo,Media,0,2014,2,1,9258,United States,65203,FUR-FU-10002298,0,0.06,Bajo
CA-2016-122903,2016-05-27,2016-05-29,2,Second Class,LA-16780,Laura Armstrong,Corporate,Central,Michigan,Detroit,Furniture,Chairs,HON 5400 Series Task Chairs for Big and Tall,3504.9,5,0.0,700.98,0.2,Bajo,Media,0,2016,5,2,5171,United States,48205,FUR-CH-10002024,0,0.06,Bajo
CA-2014-120474,2014-12-01,2014-12-03,2,First Class,RP-19390,Resi Plking,Consumer,Central,Wisconsin,Madison,Furniture,Chairs,Office Star - Professional Matrix Back Chair with 2-to-1 Synchro Tilt and Mesh Fabric Seat,2807.84,8,0.0,673.8816,0.24,Bajo,Media,0,2014,12,4,1792,United States,53711,FUR-CH-10001854,0,0.06,Bajo
CA-2017-162481,2017-09-25,2017-09-29,4,Standard Class,CT-11995,Carol Triggs,Consumer,Central,Minnesota,Rochester,Furniture,Chairs,"Global Leather Task Chair, Black",269.97,3,0.0,51.2943,0.1899999999999999,Bajo,Media,0,2017,9,3,2036,United States,55901,FUR-CH-10003061,0,0.06,Bajo
CA-2017-128041,2017-09-01,2017-09-01,0,Same Day,RW-19540,Rick Wilson,Corporate,West,Washington,Seattle,Furniture,Tables,KI Conference Tables,283.56,4,0.0,45.3696,0.16,Bajo,Media,0,2017,9,3,9032,United States,98103,FUR-TA-10002607,0,0.06,Bajo
CA-2017-101700,2017-04-23,2017-04-26,3,First Class,SO-20335,Sean O'Donnell,Consumer,West,Colorado,Greeley,Furniture,Furnishings,"Eldon Imge Series Desk Accessories, Clear",11.664,3,0.2,3.3534,0.2875,Medio,Media,0,2017,4,2,8593,United States,80634,FUR-FU-10001025,0,0.06,Bajo
CA-2017-117324,2017-12-08,2017-12-13,5,Standard Class,JP-15520,Jeremy Pistek,Consumer,Central,Wisconsin,Madison,Furniture,Bookcases,"Sauder Camden County Collection Libraries, Planked Cherry Finish",459.92,4,0.0,41.3928,0.09,Bajo,Baja,0,2017,12,4,5731,United States,53711,FUR-BO-10003159,0,0.06,Bajo
CA-2015-127509,2015-11-09,2015-11-13,4,Standard Class,AS-10090,Adam Shillingsburg,Consumer,Central,Missouri,Springfield,Furniture,Tables,Bevis Round Conference Table Top & Single Column Base,1024.38,7,0.0,215.1198,0.2099999999999999,Bajo,Media,0,2015,11,4,1989,United States,65807,FUR-TA-10002855,0,0.06,Bajo
CA-2015-113215,2015-09-03,2015-09-08,5,Standard Class,CP-12085,Cathy Prescott,Corporate,West,Arizona,Tucson,Furniture,Furnishings,"GE 48"" Fluorescent Tube, Cool White Energy Saver, 34 Watts, 30/Box",238.152,3,0.2,89.307,0.375,Medio,Alta,0,2015,9,3,6046,United States,85705,FUR-FU-10002937,0,0.06,Bajo
CA-2014-117765,2014-09-07,2014-09-13,6,Standard Class,RB-19465,Rick Bensley,Home Office,Central,Oklahoma,Tulsa,Furniture,Tables,KI Adjustable-Height Table,429.9,5,0.0,111.774,0.26,Bajo,Media,0,2014,9,3,5979,United States,74133,FUR-TA-10001039,0,0.06,Bajo
CA-2017-100412,2017-12-22,2017-12-26,4,Standard Class,SR-20425,Sharelle Roach,Home Office,South,Alabama,Tuscaloosa,Furniture,Chairs,"Situations Contoured Folding Chairs, 4/Set",141.96,2,0.0,35.49,0.25,Bajo,Media,0,2017,12,4,7151,United States,35401,FUR-CH-10002647,0,0.056666666666666664,Bajo
CA-2015-117800,2015-09-21,2015-09-26,5,Standard Class,TH-21550,Tracy Hopkins,Home Office,East,Massachusetts,Everett,Furniture,Chairs,Global Ergonomic Managers Chair,542.94,3,0.0,141.1644,0.2599999999999999,Bajo,Media,0,2015,9,3,4619,United States,2149,FUR-CH-10000785,0,0.056666666666666664,Bajo
US-2016-115441,2016-07-25,2016-07-28,3,Second Class,SH-19975,Sally Hughsby,Corporate,Central,Wisconsin,Milwaukee,Furniture,Furnishings,"Eldon Expressions Desk Accessory, Wood Photo Frame, Mahogany",95.2,5,0.0,27.608,0.29,Bajo,Media,0,2016,7,3,9895,United States,53209,FUR-FU-10001756,0,0.056666666666666664,Bajo
CA-2017-136364,2017-07-13,2017-07-17,4,Second Class,MH-17455,Mark Hamilton,Consumer,East,Pennsylvania,Philadelphia,Furniture,Furnishings,Nu-Dell Executive Frame,91.008,9,0.2,19.3392,0.2125,Medio,Media,0,2017,7,3,4805,United States,19140,FUR-FU-10002501,0,0.056666666666666664,Bajo
CA-2016-160304,2016-01-02,2016-01-07,5,Standard Class,BM-11575,Brendan Murry,Corporate,East,Maryland,Gaithersburg,Furniture,Bookcases,"Bush Westfield Collection Bookcases, Medium Cherry Finish",173.94,3,0.0,38.2668,0.22,Bajo,Media,0,2016,1,1,4919,United States,20877,FUR-BO-10004709,0,0.056666666666666664,Bajo
CA-2017-155292,2017-10-30,2017-11-01,2,First Class,RD-19810,Ross DeVincentis,Home Office,South,Kentucky,Richmond,Furniture,Chairs,"Metal Folding Chairs, Beige, 4/Carton",33.94,1,0.0,9.1638,0.27,Bajo,Media,0,2017,10,4,3549,United States,40475,FUR-CH-10000553,0,0.056666666666666664,Bajo
CA-2014-135608,2014-12-08,2014-12-10,2,Second Class,JK-15625,Jim Karlsson,Consumer,West,Washington,Olympia,Furniture,Chairs,DMI Arturo Collection Mission-style Design Wood Chair,603.92,5,0.2,45.294,0.075,Medio,Baja,0,2014,12,4,3716,United States,98502,FUR-CH-10002602,0,0.056666666666666664,Bajo
CA-2016-123050,2016-04-04,2016-04-08,4,Second Class,BC-11125,Becky Castell,Home Office,East,New York,Troy,Furniture,Furnishings,"Deflect-o EconoMat Studded, No Bevel Mat for Low Pile Carpeting",82.64,2,0.0,7.4376,0.09,Bajo,Baja,0,2016,4,2,8228,United States,12180,FUR-FU-10000723,0,0.056666666666666664,Bajo
CA-2015-110863,2015-11-17,2015-11-24,7,Standard Class,AA-10645,Anna Andreadi,Consumer,Central,Oklahoma,Oklahoma City,Furniture,Chairs,Hon Olson Stacker Chairs,1323.9,5,0.0,383.931,0.29,Bajo,Media,0,2015,11,4,8010,United States,73120,FUR-CH-10002073,0,0.056666666666666664,Bajo
US-2017-159205,2017-03-31,2017-04-02,2,Second Class,DB-12910,Daniel Byrd,Home Office,South,Kentucky,Henderson,Furniture,Furnishings,Advantus Panel Wall Certificate Holder - 8.5x11,61.0,5,0.0,25.62,0.42,Bajo,Alta,0,2017,3,1,3089,United States,42420,FUR-FU-10001591,0,0.056666666666666664,Bajo
CA-2016-134138,2016-02-16,2016-02-20,4,Standard Class,JD-15790,John Dryer,Consumer,East,New Jersey,Belleville,Furniture,Chairs,Hon Comfortask Task/Swivel Chairs,227.96,2,0.0,36.4736,0.1599999999999999,Bajo,Media,0,2016,2,1,8161,United States,7109,FUR-CH-10001545,0,0.056666666666666664,Bajo
CA-2017-107174,2017-11-06,2017-11-13,7,Standard Class,AB-10060,Adam Bellavance,Home Office,West,Washington,Seattle,Furniture,Tables,Hon 5100 Series Wood Tables,2036.86,7,0.0,366.6348,0.18,Bajo,Media,0,2017,11,4,8169,United States,98105,FUR-TA-10004575,0,0.056666666666666664,Bajo
CA-2015-127327,2015-02-03,2015-02-07,4,Standard Class,PW-19030,Pauline Webber,Corporate,East,New York,Rome,Furniture,Chairs,"Global Fabric Manager's Chair, Dark Gray",90.882,1,0.1,15.147,0.1666666666666666,Bajo,Media,0,2015,2,1,7826,United States,13440,FUR-CH-10004218,0,0.056666666666666664,Bajo
CA-2017-167899,2017-05-21,2017-05-26,5,Standard Class,JG-15805,John Grady,Corporate,East,New York,Auburn,Furniture,Furnishings,Luxo Professional Magnifying Clamp-On Fluorescent Lamps,520.05,5,0.0,72.807,0.14,Bajo,Baja,0,2017,5,2,989,United States,13021,FUR-FU-10004071,0,0.056666666666666664,Bajo
CA-2016-132990,2016-08-01,2016-08-03,2,Second Class,KM-16660,Khloe Miller,Consumer,East,Pennsylvania,Philadelphia,Furniture,Furnishings,Eldon 500 Class Desk Accessories,19.312,2,0.2,3.1382,0.1624999999999999,Medio,Media,0,2016,8,3,9155,United States,19140,FUR-FU-10004864,0,0.056666666666666664,Bajo
CA-2016-140935,2016-11-10,2016-11-12,2,First Class,AB-10015,Aaron Bergman,Consumer,Central,Oklahoma,Oklahoma City,Furniture,Bookcases,"Sauder Facets Collection Library, Sky Alder Finish",341.96,2,0.0,54.7136,0.16,Bajo,Media,0,2016,11,4,8803,United States,73120,FUR-BO-10003966,0,0.056666666666666664,Bajo
CA-2014-136861,2014-09-05,2014-09-07,2,First Class,PR-18880,Patrick Ryan,Consumer,South,Florida,Saint Petersburg,Furniture,Furnishings,Telescoping Adjustable Floor Lamp,31.984,2,0.2,1.999,0.0625,Medio,Baja,0,2014,9,3,5430,United States,33710,FUR-FU-10001967,0,0.056666666666666664,Bajo
CA-2016-126158,2016-07-25,2016-07-31,6,Standard Class,SC-20095,Sanjit Chand,Consumer,West,California,Costa Mesa,Furniture,Chairs,DMI Arturo Collection Mission-style Design Wood Chair,241.568,2,0.2,18.1176,0.075,Medio,Baja,0,2016,7,3,499,United States,92627,FUR-CH-10002602,0,0.056666666666666664,Bajo
CA-2017-157252,2017-01-20,2017-01-23,3,Second Class,CV-12805,Cynthia Voltz,Corporate,East,New York,New York City,Furniture,Chairs,Global Deluxe Steno Chair,207.846,3,0.1,2.3094,0.0111111111111111,Bajo,Baja,0,2017,1,1,440,United States,10024,FUR-CH-10003396,0,0.056666666666666664,Bajo
CA-2016-142902,2016-09-12,2016-09-14,2,Second Class,BP-11185,Ben Peterman,Corporate,West,Colorado,Arvada,Furniture,Furnishings,"Eldon Expressions Desk Accessory, Wood Photo Frame, Mahogany",15.232,1,0.2,1.7136,0.1125,Medio,Baja,0,2016,9,3,312,United States,80004,FUR-FU-10001756,0,0.056666666666666664,Bajo
CA-2016-152156,2016-11-08,2016-11-11,3,Second Class,CG-12520,Claire Gute,Consumer,South,Kentucky,Henderson,Furniture,Bookcases,Bush Somerset Collection Bookcase,261.96,2,0.0,41.9136,0.16,Bajo,Media,0,2016,11,4,1,United States,42420,FUR-BO-10001798,0,0.056666666666666664,Bajo
CA-2015-115742,2015-04-18,2015-04-22,4,Standard Class,DP-13000,Darren Powers,Consumer,Central,Indiana,New Albany,Furniture,Chairs,"Global Leather Task Chair, Black",89.99,1,0.0,17.0981,0.19,Bajo,Media,0,2015,4,2,53,United States,47150,FUR-CH-10003061,0,0.05333333333333334,Bajo
CA-2017-101049,2017-06-21,2017-06-25,4,Second Class,AS-10240,Alan Shonely,Consumer,East,Ohio,Cleveland,Furniture,Furnishings,"Stacking Tray, Side-Loading, Legal, Smoke",17.92,5,0.2,2.464,0.1374999999999999,Medio,Baja,0,2017,6,2,1629,United States,44105,FUR-FU-10004415,0,0.05333333333333334,Bajo
CA-2015-110016,2015-11-29,2015-12-04,5,Standard Class,BT-11395,Bill Tyler,Corporate,Central,Michigan,Detroit,Furniture,Chairs,"Global High-Back Leather Tilter, Burgundy",1106.91,9,0.0,121.7601,0.1099999999999999,Bajo,Baja,0,2015,11,4,1082,United States,48227,FUR-CH-10002880,0,0.05333333333333334,Bajo
CA-2015-114811,2015-11-08,2015-11-08,0,Same Day,KD-16495,Keith Dawkins,Corporate,East,New York,New York City,Furniture,Chairs,Hon 4070 Series Pagoda Round Back Stacking Chairs,577.764,2,0.1,115.5528,0.2,Bajo,Media,0,2015,11,4,8206,United States,10024,FUR-CH-10003746,0,0.05333333333333334,Bajo
CA-2015-126725,2015-11-17,2015-11-21,4,Standard Class,BS-11665,Brian Stugart,Consumer,West,California,San Diego,Furniture,Chairs,Office Star - Contemporary Swivel Chair with Padded Adjustable Arms and Flex Back,225.568,2,0.2,2.8196,0.0124999999999999,Medio,Baja,0,2015,11,4,5847,United States,92105,FUR-CH-10001708,0,0.05333333333333334,Bajo
CA-2015-130974,2015-11-27,2015-11-29,2,Second Class,MA-17560,Matt Abelman,Home Office,East,Massachusetts,Everett,Furniture,Bookcases,"Rush Hierlooms Collection 1"" Thick Stackable Bookcases",170.98,1,0.0,32.4862,0.19,Bajo,Media,0,2015,11,4,7672,United States,2149,FUR-BO-10002916,0,0.05333333333333334,Bajo
CA-2017-128944,2017-06-19,2017-06-21,2,Second Class,KH-16330,Katharine Harms,Corporate,East,Ohio,Newark,Furniture,Furnishings,Contemporary Wood/Metal Frame,38.784,3,0.2,7.272,0.1875,Medio,Media,0,2017,6,2,7106,United States,43055,FUR-FU-10004909,0,0.05333333333333334,Bajo
CA-2017-128783,2017-09-07,2017-09-07,0,Same Day,TG-21640,Trudy Glocke,Consumer,Central,Missouri,Saint Charles,Furniture,Furnishings,"DataProducts Ampli Magnifier Task Lamp, Black,",135.3,5,0.0,37.884,0.2799999999999999,Bajo,Media,0,2017,9,3,7142,United States,63301,FUR-FU-10003623,0,0.05333333333333334,Bajo
CA-2017-143112,2017-10-05,2017-10-09,4,Standard Class,TS-21370,Todd Sumrall,Corporate,East,New York,New York City,Furniture,Chairs,"Global High-Back Leather Tilter, Burgundy",221.382,2,0.1,2.4598,0.0111111111111111,Bajo,Baja,0,2017,10,4,6340,United States,10035,FUR-CH-10002880,0,0.05333333333333334,Bajo
CA-2015-143119,2015-09-24,2015-09-30,6,Standard Class,MC-17275,Marc Crier,Consumer,South,Louisiana,Lafayette,Furniture,Chairs,Harbour Creations Steel Folding Chair,517.5,6,0.0,155.25,0.3,Bajo,Media,0,2015,9,3,1628,United States,70506,FUR-CH-10001270,0,0.05333333333333334,Bajo
US-2015-164966,2015-07-30,2015-08-01,2,First Class,GH-14410,Gary Hansen,Home Office,Central,Minnesota,Lakeville,Furniture,Chairs,"Global Stack Chair without Arms, Black",155.88,6,0.0,38.97,0.25,Bajo,Media,0,2015,7,3,6550,United States,55044,FUR-CH-10002304,0,0.05333333333333334,Bajo
CA-2014-111871,2014-03-18,2014-03-21,3,Second Class,EK-13795,Eileen Kiefer,Home Office,West,California,San Francisco,Furniture,Bookcases,"Bush Heritage Pine Collection 5-Shelf Bookcase, Albany Pine Finish, *Special Order",1198.33,10,0.15,70.49,0.0588235294117647,Medio,Baja,0,2014,3,1,6152,United States,94110,FUR-BO-10004218,0,0.05333333333333334,Bajo
CA-2015-122287,2015-06-18,2015-06-23,5,Standard Class,SN-20560,Skye Norling,Home Office,West,Arizona,Peoria,Furniture,Furnishings,Flat Face Poster Frame,75.36,5,0.2,20.724,0.275,Medio,Media,0,2015,6,2,2042,United States,85345,FUR-FU-10004973,0,0.05333333333333334,Bajo
CA-2015-142237,2015-07-11,2015-07-13,2,First Class,CK-12595,Clytie Kelty,Consumer,East,Pennsylvania,Philadelphia,Furniture,Furnishings,"Howard Miller 13-3/4"" Diameter Brushed Chrome Round Wall Clock",289.8,7,0.2,36.225,0.125,Medio,Baja,0,2015,7,3,2049,United States,19134,FUR-FU-10004848,0,0.05333333333333334,Bajo
CA-2016-105081,2016-12-25,2016-12-30,5,Standard Class,JE-15715,Joe Elijah,Consumer,West,Washington,Seattle,Furniture,Chairs,Global Executive Mid-Back Manager's Chair,698.352,3,0.2,52.3764,0.075,Medio,Baja,0,2016,12,4,6631,United States,98115,FUR-CH-10000847,0,0.05333333333333334,Bajo
CA-2014-156349,2014-05-26,2014-05-30,4,Standard Class,ML-17395,Marina Lichtenstein,Corporate,West,California,Los Angeles,Furniture,Bookcases,Sauder Inglewood Library Bookcases,290.666,2,0.15,27.3568,0.0941176470588235,Medio,Baja,0,2014,5,2,1611,United States,90008,FUR-BO-10000362,0,0.05333333333333334,Bajo
CA-2017-125472,2017-05-30,2017-05-31,1,First Class,BD-11725,Bruce Degenhardt,Consumer,South,Louisiana,Lafayette,Furniture,Bookcases,"Sauder Camden County Barrister Bookcase, Planked Cherry Finish",241.96,2,0.0,33.8744,0.14,Bajo,Baja,0,2017,5,2,6402,United States,70506,FUR-BO-10000330,0,0.05333333333333334,Bajo
CA-2016-117912,2016-02-04,2016-02-08,4,Standard Class,TB-21520,Tracy Blumstein,Consumer,West,Arizona,Sierra Vista,Furniture,Furnishings,Nu-Dell Float Frame 11 x 14 1/2,14.368,2,0.2,3.9512,0.275,Medio,Media,0,2016,2,1,6043,United States,85635,FUR-FU-10002088,0,0.05333333333333334,Bajo
CA-2016-105781,2016-02-16,2016-02-20,4,Standard Class,JF-15565,Jill Fjeld,Consumer,East,New York,New York City,Furniture,Chairs,Hon Every-Day Chair Series Swivel Task Chairs,326.646,3,0.1,39.9234,0.1222222222222222,Bajo,Baja,0,2016,2,1,9722,United States,10024,FUR-CH-10001802,0,0.05,Bajo
US-2017-167402,2017-01-13,2017-01-18,5,Second Class,CP-12085,Cathy Prescott,Corporate,Central,Missouri,Springfield,Furniture,Bookcases,"Hon Metal Bookcases, Black",212.94,3,0.0,53.235,0.25,Bajo,Media,0,2017,1,1,6622,United States,65807,FUR-BO-10001608,0,0.05,Bajo
CA-2015-111038,2015-12-01,2015-12-06,5,Standard Class,LC-16960,Lindsay Castell,Home Office,West,California,San Diego,Furniture,Chairs,GuestStacker Chair with Chrome Finish Legs,2676.672,9,0.2,267.6672,0.0999999999999999,Medio,Baja,0,2015,12,4,8893,United States,92037,FUR-CH-10003973,0,0.05,Bajo
CA-2014-164973,2014-11-04,2014-11-09,5,Standard Class,NM-18445,Nathan Mautz,Home Office,East,New York,New York City,Furniture,Chairs,DMI Arturo Collection Mission-style Design Wood Chair,135.882,1,0.1,24.1568,0.1777777777777777,Bajo,Media,0,2014,11,4,318,United States,10024,FUR-CH-10002602,0,0.05,Bajo
CA-2015-161452,2015-04-05,2015-04-11,6,Standard Class,CA-11965,Carol Adams,Corporate,West,California,Los Angeles,Furniture,Chairs,GuestStacker Chair with Chrome Finish Legs,892.224,3,0.2,89.2224,0.0999999999999999,Medio,Baja,0,2015,4,2,7646,United States,90036,FUR-CH-10003973,0,0.05,Bajo
CA-2017-154074,2017-08-31,2017-09-02,2,Second Class,BW-11110,Bart Watters,Corporate,West,Washington,Spokane,Furniture,Chairs,Hon 4700 Series Mobuis Mid-Back Task Chairs with Adjustable Arms,569.568,2,0.2,7.1196,0.0125,Medio,Baja,0,2017,8,3,6406,United States,99207,FUR-CH-10002331,0,0.05,Bajo
CA-2016-152688,2016-10-17,2016-10-20,3,First Class,NR-18550,Nick Radford,Consumer,East,New Jersey,Perth Amboy,Furniture,Bookcases,O'Sullivan Living Dimensions 2-Shelf Bookcases,120.98,1,0.0,12.098,0.1,Bajo,Baja,0,2016,10,4,9201,United States,8861,FUR-BO-10001337,0,0.05,Bajo
CA-2014-147298,2014-04-26,2014-05-03,7,Standard Class,AG-10300,Aleksandra Gannaway,Corporate,West,California,Los Angeles,Furniture,Chairs,Bevis Steel Folding Chairs,230.28,3,0.2,23.028,0.0999999999999999,Medio,Baja,0,2014,4,2,2615,United States,90049,FUR-CH-10004886,0,0.05,Bajo
CA-2014-135657,2014-06-03,2014-06-07,4,Second Class,SC-20725,Steven Cartwright,Consumer,West,Washington,Seattle,Furniture,Tables,KI Adjustable-Height Table,515.88,6,0.0,113.4936,0.22,Bajo,Media,0,2014,6,2,1700,United States,98115,FUR-TA-10004086,0,0.05,Bajo
CA-2017-161172,2017-03-16,2017-03-16,0,Same Day,SP-20920,Susan Pistek,Consumer,East,Ohio,Columbus,Furniture,Furnishings,Nu-Dell Oak Frame,51.264,6,0.2,7.6896,0.15,Medio,Baja,0,2017,3,1,8526,United States,43229,FUR-FU-10003424,0,0.05,Bajo
CA-2016-162159,2016-09-16,2016-09-18,2,First Class,CR-12625,Corey Roper,Home Office,South,Georgia,Columbus,Furniture,Chairs,"Global Value Mid-Back Manager's Chair, Gray",121.78,2,0.0,30.445,0.25,Bajo,Media,0,2016,9,3,8892,United States,31907,FUR-CH-10001146,0,0.05,Bajo
CA-2014-124079,2014-12-13,2014-12-17,4,Standard Class,RF-19345,Randy Ferguson,Corporate,West,Arizona,Phoenix,Furniture,Furnishings,"Electrix Incandescent Magnifying Lamp, Black",87.96,3,0.2,7.6965,0.0875,Medio,Baja,0,2014,12,4,6002,United States,85023,FUR-FU-10002553,0,0.05,Bajo
CA-2017-128853,2017-04-21,2017-04-23,2,First Class,JM-15250,Janet Martin,Consumer,East,Maryland,Baltimore,Furniture,Chairs,"Global Fabric Manager's Chair, Dark Gray",908.82,9,0.0,227.205,0.25,Bajo,Media,0,2017,4,2,7184,United States,21215,FUR-CH-10004218,0,0.05,Bajo
CA-2017-127313,2017-12-01,2017-12-04,3,First Class,RA-19285,Ralph Arnett,Consumer,East,Pennsylvania,Philadelphia,Furniture,Furnishings,"Ultra Door Kickplate, 8""H x 34""W",79.12,5,0.2,13.846,0.175,Medio,Media,0,2017,12,4,4141,United States,19120,FUR-FU-10003798,0,0.05,Bajo
CA-2015-105627,2015-03-08,2015-03-12,4,Standard Class,DK-12895,Dana Kaydos,Consumer,Central,Wisconsin,Kenosha,Furniture,Bookcases,"Rush Hierlooms Collection 1"" Thick Stackable Bookcases",512.94,3,0.0,97.4586,0.1899999999999999,Bajo,Media,0,2015,3,1,3995,United States,53142,FUR-BO-10002916,0,0.05,Bajo
CA-2015-151869,2015-09-25,2015-09-25,0,Same Day,CS-11950,Carlos Soltero,Consumer,East,New York,Freeport,Furniture,Chairs,Hon Comfortask Task/Swivel Chairs,102.582,1,0.1,6.8388,0.0666666666666666,Bajo,Baja,0,2015,9,3,9268,United States,11520,FUR-CH-10001545,0,0.05,Bajo
CA-2016-163776,2016-07-19,2016-07-25,6,Standard Class,JS-16030,Joy Smith,Consumer,South,Mississippi,Hattiesburg,Furniture,Bookcases,Hon 4-Shelf Metal Bookcases,504.9,5,0.0,126.225,0.25,Bajo,Media,0,2016,7,3,5990,United States,39401,FUR-BO-10003546,0,0.05,Bajo
CA-2016-116736,2016-01-17,2016-01-21,4,Standard Class,CC-12430,Chuck Clark,Home Office,East,New Hampshire,Concord,Furniture,Furnishings,"Tenex Contemporary Contur Chairmats for Low and Medium Pile Carpet, Computer, 39"" x 49""",322.59,3,0.0,64.518,0.2,Bajo,Media,0,2016,1,1,876,United States,3301,FUR-FU-10004017,0,0.05,Bajo
CA-2017-129021,2017-08-23,2017-08-26,3,Second Class,PO-18850,Patrick O'Brill,Consumer,South,Florida,Tallahassee,Furniture,Furnishings,"Eldon Regeneration Recycled Desk Accessories, Smoke",2.784,2,0.2,0.4176,0.15,Medio,Media,0,2017,8,3,4301,United States,32303,FUR-FU-10001852,0,0.05,Bajo
CA-2014-131002,2014-09-07,2014-09-12,5,Second Class,TB-21400,Tom Boeckenhauer,Consumer,Central,Oklahoma,Tulsa,Furniture,Furnishings,"Executive Impressions 13"" Clairmont Wall Clock",57.69,3,0.0,23.6529,0.41,Bajo,Alta,0,2014,9,3,2646,United States,74133,FUR-FU-10004270,0,0.05,Bajo
CA-2015-100146,2015-05-14,2015-05-19,5,Standard Class,CB-12535,Claudia Bergmann,Corporate,West,California,Camarillo,Furniture,Bookcases,"Bush Andora Bookcase, Maple/Graphite Gray Finish",509.9575,5,0.15,41.9965,0.0823529411764705,Medio,Baja,0,2015,5,2,7404,United States,93010,FUR-BO-10004015,0,0.05,Bajo
US-2015-150630,2015-09-17,2015-09-21,4,Standard Class,TB-21520,Tracy Blumstein,Consumer,East,Pennsylvania,Philadelphia,Furniture,Furnishings,"Howard Miller 13-3/4"" Diameter Brushed Chrome Round Wall Clock",124.2,3,0.2,15.525,0.125,Medio,Baja,0,2015,9,3,30,United States,19140,FUR-FU-10004848,0,0.04666666666666667,Bajo
CA-2017-145142,2017-01-23,2017-01-25,2,First Class,MC-17605,Matt Connell,Corporate,Central,Michigan,Detroit,Furniture,Tables,Balt Solid Wood Rectangular Table,210.98,2,0.0,21.098,0.1,Bajo,Baja,0,2017,1,1,523,United States,48234,FUR-TA-10001857,0,0.04666666666666667,Bajo
CA-2017-145128,2017-07-09,2017-07-14,5,Standard Class,SM-20320,Sean Miller,Home Office,Central,Indiana,Lafayette,Furniture,Furnishings,Eldon Antistatic Chair Mats for Low to Medium Pile Carpets,526.45,5,0.0,31.587,0.06,Bajo,Baja,0,2017,7,3,2574,United States,47905,FUR-FU-10000293,0,0.04666666666666667,Bajo
CA-2014-143182,2014-10-15,2014-10-20,5,Standard Class,DL-12865,Dan Lawera,Consumer,South,Florida,Hialeah,Furniture,Furnishings,"Executive Impressions 13"" Clairmont Wall Clock",15.384,1,0.2,4.0383,0.2624999999999999,Medio,Media,0,2014,10,4,2695,United States,33012,FUR-FU-10004270,0,0.04666666666666667,Bajo
CA-2017-153045,2017-01-19,2017-01-24,5,Second Class,NS-18505,Neola Schneider,Consumer,East,Pennsylvania,Philadelphia,Furniture,Furnishings,12-1/2 Diameter Round Wall Clock,31.968,2,0.2,6.3936,0.2,Medio,Media,0,2017,1,1,9117,United States,19140,FUR-FU-10002759,0,0.04666666666666667,Bajo
US-2014-141257,2014-06-08,2014-06-14,6,Standard Class,CS-11950,Carlos Soltero,Consumer,West,Washington,Seattle,Furniture,Chairs,"Hon Deluxe Fabric Upholstered Stacking Chairs, Squared Back",585.552,3,0.2,73.194,0.125,Medio,Baja,0,2014,6,2,2750,United States,98115,FUR-CH-10002758,0,0.04666666666666667,Bajo
CA-2016-127670,2016-03-20,2016-03-24,4,Standard Class,RD-19660,Robert Dilbeck,Home Office,Central,Missouri,Saint Peters,Furniture,Tables,Chromcraft Round Conference Tables,697.16,4,0.0,146.4036,0.21,Bajo,Media,0,2016,3,1,1041,United States,63376,FUR-TA-10001095,0,0.04666666666666667,Bajo
US-2014-120740,2014-04-15,2014-04-15,0,Same Day,PS-18970,Paul Stevenson,Home Office,West,California,Los Angeles,Furniture,Furnishings,"Howard Miller 13"" Diameter Goldtone Round Wall Clock",187.76,4,0.0,76.9816,0.41,Bajo,Alta,0,2014,4,2,7658,United States,90049,FUR-FU-10004091,0,0.04666666666666667,Bajo
CA-2017-115448,2017-11-11,2017-11-14,3,First Class,MH-18025,Michelle Huthwaite,Consumer,South,Tennessee,Knoxville,Furniture,Furnishings,"Executive Impressions 14"" Contract Wall Clock",88.92,5,0.2,14.4495,0.1625,Medio,Media,0,2017,11,4,7449,United States,37918,FUR-FU-10004090,0,0.04666666666666667,Bajo
CA-2016-132304,2016-06-14,2016-06-18,4,Standard Class,AR-10825,Anthony Rawles,Corporate,West,Washington,Seattle,Furniture,Tables,Hon Non-Folding Utility Tables,1115.17,7,0.0,334.551,0.3,Bajo,Media,0,2016,6,2,9060,United States,98103,FUR-TA-10004619,0,0.04666666666666667,Bajo
CA-2016-156748,2016-11-30,2016-12-06,6,Standard Class,BS-11755,Bruce Stewart,Consumer,Central,Michigan,Detroit,Furniture,Chairs,High-Back Leather Manager's Chair,389.97,3,0.0,35.0973,0.0899999999999999,Bajo,Baja,0,2016,11,4,8534,United States,48227,FUR-CH-10000513,0,0.04666666666666667,Bajo
CA-2016-169670,2016-12-25,2016-12-31,6,Standard Class,JE-15715,Joe Elijah,Consumer,East,New York,New York City,Furniture,Chairs,Hon 4700 Series Mobuis Mid-Back Task Chairs with Adjustable Arms,2563.056,8,0.1,313.2624,0.1222222222222222,Bajo,Baja,0,2016,12,4,8272,United States,10009,FUR-CH-10002331,0,0.04666666666666667,Bajo
CA-2015-149587,2015-01-31,2015-02-05,5,Second Class,KB-16315,Karl Braun,Consumer,Central,Minnesota,Minneapolis,Furniture,Furnishings,"Seth Thomas 13 1/2"" Wall Clock",53.34,3,0.0,16.5354,0.3099999999999999,Bajo,Alta,0,2015,1,1,94,United States,55407,FUR-FU-10003799,0,0.04666666666666667,Bajo
CA-2016-133550,2016-07-31,2016-08-06,6,Standard Class,KL-16645,Ken Lonsdale,Consumer,Central,Michigan,Detroit,Furniture,Furnishings,Eldon ClusterMat Chair Mat with Cordless Antistatic Protection,272.94,3,0.0,30.0234,0.11,Bajo,Baja,0,2016,7,3,4675,United States,48205,FUR-FU-10002918,0,0.04666666666666667,Bajo
CA-2015-124450,2015-04-27,2015-05-03,6,Standard Class,GT-14710,Greg Tran,Consumer,East,District of Columbia,Washington,Furniture,Chairs,Global Comet Stacking Arm Chair,1267.53,3,0.0,316.8825,0.25,Bajo,Media,0,2015,4,2,1022,United States,20016,FUR-CH-10000309,0,0.04666666666666667,Bajo
US-2016-148901,2016-05-14,2016-05-19,5,Standard Class,MK-17905,Michael Kennedy,Corporate,South,Florida,Jacksonville,Furniture,Furnishings,"DAX Copper Panel Document Frame, 5 x 7 Size",30.192,3,0.2,8.3028,0.2749999999999999,Medio,Media,0,2016,5,2,4799,United States,32216,FUR-FU-10002396,0,0.043333333333333335,Bajo
CA-2014-159184,2014-09-14,2014-09-19,5,Standard Class,JC-15775,John Castell,Consumer,South,Georgia,Macon,Furniture,Furnishings,"Seth Thomas 14"" Day/Date Wall Clock",142.4,5,0.0,52.688,0.37,Bajo,Alta,0,2014,9,3,3623,United States,31204,FUR-FU-10002878,0,0.043333333333333335,Bajo
US-2015-134026,2015-04-26,2015-05-02,6,Standard Class,JE-15745,Joel Eaton,Consumer,South,Tennessee,Memphis,Furniture,Furnishings,"Tenex Traditional Chairmats for Medium Pile Carpet, Standard Lip, 36"" x 48""",97.04,2,0.2,1.213,0.0125,Medio,Baja,0,2015,4,2,74,United States,38109,FUR-FU-10003708,0,0.043333333333333335,Bajo
CA-2014-169803,2014-04-06,2014-04-12,6,Standard Class,SC-20260,Scott Cohen,Corporate,West,Washington,Seattle,Furniture,Tables,"Chromcraft Bull-Nose Wood Round Conference Table Top, Wood Base",653.55,3,0.0,111.1035,0.17,Bajo,Media,0,2014,4,2,5036,United States,98115,FUR-TA-10000688,0,0.043333333333333335,Bajo
CA-2014-132612,2014-06-09,2014-06-11,2,Second Class,FO-14305,Frank Olsen,Consumer,South,Virginia,Harrisonburg,Furniture,Tables,Bevis 44 x 96 Conference Tables,1441.3,7,0.0,245.021,0.1699999999999999,Bajo,Media,0,2014,6,2,1812,United States,22801,FUR-TA-10004534,0,0.043333333333333335,Bajo
CA-2017-143574,2017-06-29,2017-07-02,3,First Class,DR-12880,Dan Reichenbach,Corporate,East,Connecticut,Milford,Furniture,Bookcases,"Hon Metal Bookcases, Putty",638.82,9,0.0,185.2578,0.29,Bajo,Media,0,2017,6,2,5733,United States,6460,FUR-BO-10002598,0,0.043333333333333335,Bajo
CA-2017-116680,2017-09-04,2017-09-06,2,Second Class,PK-19075,Pete Kriz,Consumer,West,California,San Francisco,Furniture,Tables,"Bush Cubix Conference Tables, Fully Assembled",1478.272,8,0.2,92.392,0.0625,Medio,Baja,0,2017,9,3,5460,United States,94122,FUR-TA-10001771,0,0.043333333333333335,Bajo
CA-2017-101042,2017-11-19,2017-11-23,4,Standard Class,AB-10105,Adrian Barton,Consumer,South,Kentucky,Henderson,Furniture,Furnishings,"3M Polarizing Task Lamp with Clamp Arm, Light Gray",821.88,6,0.0,213.6888,0.26,Bajo,Media,0,2017,11,4,2552,United States,42420,FUR-FU-10004665,0,0.043333333333333335,Bajo
CA-2014-150798,2014-12-01,2014-12-03,2,Second Class,JK-15730,Joe Kamberova,Consumer,East,Ohio,Columbus,Furniture,Furnishings,"Master Caster Door Stop, Brown",8.128,2,0.2,1.4224,0.175,Medio,Media,0,2014,12,4,4493,United States,43229,FUR-FU-10000221,0,0.043333333333333335,Bajo
CA-2017-113460,2017-11-07,2017-11-09,2,Second Class,KN-16390,Katherine Nockton,Corporate,East,Maryland,Clinton,Furniture,Chairs,Global Highback Leather Tilter in Burgundy,272.97,3,0.0,43.6752,0.1599999999999999,Bajo,Media,0,2017,11,4,9370,United States,20735,FUR-CH-10000422,0,0.043333333333333335,Bajo
US-2017-125717,2017-09-28,2017-10-01,3,First Class,DS-13030,Darrin Sayre,Home Office,West,Colorado,Aurora,Furniture,Furnishings,Dana Halogen Swing-Arm Architect Lamp,32.776,1,0.2,3.2776,0.0999999999999999,Medio,Baja,0,2017,9,3,4460,United States,80013,FUR-FU-10001979,0,0.043333333333333335,Bajo
CA-2016-122063,2016-12-03,2016-12-07,4,Standard Class,MM-17920,Michael Moore,Consumer,Central,Indiana,Richmond,Furniture,Chairs,"Global Stack Chair with Arms, Black",29.98,1,0.0,8.0946,0.2699999999999999,Bajo,Media,0,2016,12,4,5831,United States,47374,FUR-CH-10004754,0,0.043333333333333335,Bajo
US-2014-156559,2014-08-19,2014-08-26,7,Standard Class,LH-16900,Lena Hernandez,Consumer,South,Arkansas,Jonesboro,Furniture,Bookcases,"Hon Metal Bookcases, Gray",638.82,9,0.0,172.4814,0.27,Bajo,Media,0,2014,8,3,4089,United States,72401,FUR-BO-10000711,0,0.043333333333333335,Bajo
CA-2015-147830,2015-12-15,2015-12-18,3,First Class,NF-18385,Natalie Fritzler,Consumer,East,Ohio,Newark,Furniture,Furnishings,"Howard Miller 13"" Diameter Goldtone Round Wall Clock",262.864,7,0.2,69.0018,0.2625,Medio,Media,0,2015,12,4,3154,United States,43055,FUR-FU-10004091,0,0.043333333333333335,Bajo
CA-2016-149237,2016-05-26,2016-05-30,4,Standard Class,CM-12235,Chris McAfee,Consumer,Central,Wisconsin,Milwaukee,Furniture,Furnishings,Nu-Dell Float Frame 11 x 14 1/2,26.94,3,0.0,11.3148,0.42,Bajo,Alta,0,2016,5,2,9501,United States,53209,FUR-FU-10002088,0,0.043333333333333335,Bajo
CA-2017-141439,2017-11-26,2017-12-01,5,Standard Class,TT-21460,Tonja Turnell,Home Office,Central,Indiana,Richmond,Furniture,Tables,KI Adjustable-Height Table,257.94,3,0.0,67.0644,0.26,Bajo,Media,0,2017,11,4,7132,United States,47374,FUR-TA-10001039,0,0.043333333333333335,Bajo
CA-2017-142034,2017-09-24,2017-09-28,4,Standard Class,KB-16240,Karen Bern,Corporate,Central,Minnesota,Saint Cloud,Furniture,Chairs,"Global Airflow Leather Mesh Back Chair, Black",603.92,4,0.0,181.176,0.3,Bajo,Media,0,2017,9,3,3496,United States,56301,FUR-CH-10000665,0,0.043333333333333335,Bajo
CA-2015-105627,2015-03-08,2015-03-12,4,Standard Class,DK-12895,Dana Kaydos,Consumer,Central,Wisconsin,Kenosha,Furniture,Chairs,Hon Mobius Operator's Chair,860.93,7,0.0,189.4046,0.22,Bajo,Media,0,2015,3,1,3996,United States,53142,FUR-CH-10002084,0,0.043333333333333335,Bajo
CA-2017-121419,2017-04-02,2017-04-04,2,First Class,TC-21475,Tony Chapman,Home Office,South,Georgia,Columbus,Furniture,Tables,Bevis 44 x 96 Conference Tables,411.8,2,0.0,70.006,0.1699999999999999,Bajo,Media,0,2017,4,2,3049,United States,31907,FUR-TA-10004534,0,0.043333333333333335,Bajo
CA-2014-142727,2014-04-29,2014-05-01,2,Second Class,HG-14845,Harry Greene,Consumer,South,Louisiana,Lake Charles,Furniture,Chairs,"Global Stack Chair without Arms, Black",51.96,2,0.0,12.99,0.25,Bajo,Media,0,2014,4,2,2891,United States,70601,FUR-CH-10002304,0,0.043333333333333335,Bajo
CA-2015-115798,2015-11-13,2015-11-19,6,Standard Class,KL-16645,Ken Lonsdale,Consumer,East,Delaware,Newark,Furniture,Bookcases,Bestar Classic Bookcase,299.97,3,0.0,56.9943,0.19,Bajo,Media,0,2015,11,4,2738,United States,19711,FUR-BO-10004467,0,0.043333333333333335,Bajo
CA-2017-120376,2017-12-22,2017-12-25,3,First Class,TP-21130,Theone Pippenger,Consumer,Central,Michigan,Detroit,Furniture,Tables,Bevis 44 x 96 Conference Tables,411.8,2,0.0,70.006,0.1699999999999999,Bajo,Media,0,2017,12,4,2059,United States,48227,FUR-TA-10004534,0,0.043333333333333335,Bajo
US-2015-128587,2015-12-24,2015-12-30,6,Standard Class,HM-14860,Harry Marie,Corporate,Central,Missouri,Springfield,Furniture,Furnishings,"Eldon Regeneration Recycled Desk Accessories, Black",9.68,2,0.0,3.7752,0.39,Bajo,Alta,0,2015,12,4,8990,United States,65807,FUR-FU-10003026,0,0.043333333333333335,Bajo
US-2015-138121,2015-12-17,2015-12-17,0,Same Day,JL-15835,John Lee,Consumer,Central,Michigan,Detroit,Furniture,Chairs,"Global Value Steno Chair, Gray",546.66,9,0.0,136.665,0.25,Bajo,Media,0,2015,12,4,4698,United States,48205,FUR-CH-10003817,0,0.043333333333333335,Bajo
CA-2017-145653,2017-09-01,2017-09-01,0,Same Day,CA-12775,Cynthia Arntzen,Consumer,Central,Michigan,Detroit,Furniture,Chairs,Harbour Creations 67200 Series Stacking Chairs,498.26,7,0.0,134.5302,0.27,Bajo,Media,0,2017,9,3,5220,United States,48205,FUR-CH-10004875,0,0.043333333333333335,Bajo
CA-2015-132486,2015-10-23,2015-10-27,4,Second Class,JF-15355,Jay Fein,Consumer,West,California,San Diego,Furniture,Chairs,Office Star - Professional Matrix Back Chair with 2-to-1 Synchro Tilt and Mesh Fabric Seat,842.352,3,0.2,42.1176,0.05,Medio,Baja,0,2015,10,4,3873,United States,92105,FUR-CH-10001854,0,0.043333333333333335,Bajo
US-2016-154361,2016-03-14,2016-03-19,5,Standard Class,HZ-14950,Henia Zydlo,Consumer,East,Ohio,Columbus,Furniture,Furnishings,Advantus Panel Wall Acrylic Frame,21.88,5,0.2,6.2905,0.2875,Medio,Media,0,2016,3,1,1693,United States,43229,FUR-FU-10004020,0,0.04,Bajo
CA-2015-153038,2015-12-18,2015-12-25,7,Standard Class,RB-19645,Robert Barroso,Corporate,South,Tennessee,Memphis,Furniture,Furnishings,"Master Caster Door Stop, Brown",20.32,5,0.2,3.556,0.175,Medio,Media,0,2015,12,4,4995,United States,38109,FUR-FU-10000221,0,0.04,Bajo
CA-2016-156251,2016-08-13,2016-08-18,5,Second Class,TS-21160,Theresa Swint,Corporate,Central,Wisconsin,West Allis,Furniture,Bookcases,O'Sullivan Living Dimensions 2-Shelf Bookcases,241.96,2,0.0,24.196,0.1,Bajo,Baja,0,2016,8,3,3763,United States,53214,FUR-BO-10001337,0,0.04,Bajo
CA-2016-120369,2016-10-28,2016-10-28,0,Same Day,VB-21745,Victoria Brennan,Corporate,East,New York,Rochester,Furniture,Furnishings,"Tenex Chairmat w/ Average Lip, 45"" x 53""",756.8,5,0.0,75.68,0.1,Bajo,Baja,0,2016,10,4,7203,United States,14609,FUR-FU-10003806,0,0.04,Bajo
US-2014-114377,2014-11-05,2014-11-05,0,Same Day,BG-11035,Barry Gonzalez,Consumer,South,Virginia,Hampton,Furniture,Chairs,"Global Stack Chair with Arms, Black",149.9,5,0.0,40.473,0.2699999999999999,Bajo,Media,0,2014,11,4,9787,United States,23666,FUR-CH-10004754,0,0.04,Bajo
US-2016-124163,2016-09-25,2016-09-30,5,Standard Class,SC-20695,Steve Chapman,Corporate,Central,Wisconsin,La Crosse,Furniture,Furnishings,Eldon Expressions Mahogany Wood Desk Collection,68.64,11,0.0,17.16,0.25,Bajo,Media,0,2016,9,3,5623,United States,54601,FUR-FU-10000755,0,0.04,Bajo
CA-2017-143252,2017-12-18,2017-12-24,6,Standard Class,HE-14800,Harold Engle,Corporate,Central,Wisconsin,Milwaukee,Furniture,Furnishings,Tensor Track Tree Floor Lamp,99.95,5,0.0,22.9885,0.2299999999999999,Bajo,Media,0,2017,12,4,8932,United States,53209,FUR-FU-10001057,0,0.04,Bajo
CA-2015-110457,2015-03-02,2015-03-06,4,Standard Class,DK-13090,Dave Kipp,Consumer,West,Washington,Seattle,Furniture,Tables,Hon Racetrack Conference Tables,787.53,3,0.0,165.3813,0.21,Bajo,Media,0,2015,3,1,118,United States,98103,FUR-TA-10001768,0,0.04,Bajo
CA-2014-124737,2014-08-23,2014-08-27,4,Standard Class,AP-10915,Arthur Prichep,Consumer,West,Colorado,Denver,Furniture,Furnishings,Regeneration Desk Collection,4.224,3,0.2,1.2672,0.3,Medio,Media,0,2014,8,3,7022,United States,80219,FUR-FU-10003274,0,0.04,Bajo
CA-2017-137456,2017-12-21,2017-12-21,0,Same Day,RB-19465,Rick Bensley,Home Office,Central,Nebraska,Fremont,Furniture,Furnishings,Staple-based wall hangings,15.92,2,0.0,7.0048,0.44,Bajo,Alta,0,2017,12,4,4104,United States,68025,FUR-FU-10001940,0,0.04,Bajo
CA-2017-164378,2017-07-15,2017-07-18,3,Second Class,MM-18055,Michelle Moray,Consumer,East,New York,New York City,Furniture,Chairs,Hon Mobius Operator's Chair,664.146,6,0.1,88.5528,0.1333333333333333,Bajo,Baja,0,2017,7,3,5501,United States,10024,FUR-CH-10002084,0,0.04,Bajo
CA-2016-143749,2016-12-05,2016-12-07,2,First Class,AG-10300,Aleksandra Gannaway,Corporate,East,Massachusetts,Franklin,Furniture,Bookcases,O'Sullivan 5-Shelf Heavy-Duty Bookcases,81.94,1,0.0,20.485,0.25,Bajo,Media,0,2016,12,4,4185,United States,2038,FUR-BO-10002853,0,0.04,Bajo
US-2014-119081,2014-09-12,2014-09-19,7,Standard Class,TA-21385,Tom Ashbrook,Home Office,Central,Kansas,Olathe,Furniture,Furnishings,"Seth Thomas 8 1/2"" Cubicle Clock",40.56,2,0.0,12.9792,0.32,Bajo,Alta,0,2014,9,3,5452,United States,66062,FUR-FU-10003464,0,0.04,Bajo
CA-2016-115756,2016-09-05,2016-09-07,2,Second Class,PK-19075,Pete Kriz,Consumer,Central,Michigan,Detroit,Furniture,Chairs,Office Star - Ergonomically Designed Knee Chair,242.94,3,0.0,29.1528,0.12,Bajo,Baja,0,2016,9,3,445,United States,48227,FUR-CH-10002372,0,0.04,Bajo
CA-2017-144463,2017-01-01,2017-01-05,4,Standard Class,SC-20725,Steven Cartwright,Consumer,West,California,Los Angeles,Furniture,Furnishings,"Howard Miller 11-1/2"" Diameter Brentwood Wall Clock",474.43,11,0.0,199.2606,0.42,Bajo,Alta,0,2017,1,1,4010,United States,90036,FUR-FU-10001215,0,0.04,Bajo
CA-2015-141012,2015-06-09,2015-06-11,2,Second Class,TG-21640,Trudy Glocke,Consumer,West,Idaho,Pocatello,Furniture,Furnishings,Luxo Adjustable Task Clamp Lamp,355.36,4,0.0,92.3936,0.26,Bajo,Media,0,2015,6,2,5671,United States,83201,FUR-FU-10003192,0,0.04,Bajo
CA-2017-100111,2017-09-20,2017-09-26,6,Standard Class,SV-20365,Seth Vernon,Consumer,East,New York,New York City,Furniture,Chairs,"Global Leather Task Chair, Black",80.991,1,0.1,8.0991,0.1,Bajo,Baja,0,2017,9,3,6097,United States,10035,FUR-CH-10003061,0,0.04,Bajo
CA-2014-133592,2014-12-31,2015-01-07,7,Standard Class,KM-16375,Katherine Murray,Home Office,East,Rhode Island,Providence,Furniture,Bookcases,Sauder Inglewood Library Bookcases,341.96,2,0.0,78.6508,0.23,Bajo,Media,0,2014,12,4,7681,United States,2908,FUR-BO-10000362,0,0.04,Bajo
CA-2015-168480,2015-09-21,2015-09-27,6,Standard Class,DM-12955,Dario Medina,Corporate,Central,Michigan,Lincoln Park,Furniture,Bookcases,O'Sullivan 2-Shelf Heavy-Duty Bookcases,194.32,4,0.0,31.0912,0.16,Bajo,Media,0,2015,9,3,3031,United States,48146,FUR-BO-10000468,0,0.04,Bajo
CA-2017-108322,2017-04-30,2017-05-05,5,Standard Class,SS-20140,Saphhira Shifley,Corporate,South,Florida,Pompano Beach,Furniture,Furnishings,3M Hangers With Command Adhesive,23.68,8,0.2,6.216,0.2625,Medio,Media,0,2017,4,2,2779,United States,33068,FUR-FU-10001935,0,0.04,Bajo
CA-2014-131002,2014-09-07,2014-09-12,5,Second Class,TB-21400,Tom Boeckenhauer,Consumer,Central,Oklahoma,Tulsa,Furniture,Furnishings,"3M Polarizing Task Lamp with Clamp Arm, Light Gray",821.88,6,0.0,213.6888,0.26,Bajo,Media,0,2014,9,3,2649,United States,74133,FUR-FU-10004665,0,0.04,Bajo
CA-2017-121293,2017-07-25,2017-07-28,3,Second Class,JC-15775,John Castell,Consumer,East,Pennsylvania,Philadelphia,Furniture,Furnishings,Eldon 200 Class Desk Accessories,20.096,4,0.2,3.0144,0.15,Medio,Media,0,2017,7,3,6783,United States,19143,FUR-FU-10000732,0,0.04,Bajo
CA-2017-102519,2017-11-27,2017-11-29,2,First Class,BM-11650,Brian Moss,Corporate,Central,Wisconsin,Milwaukee,Furniture,Furnishings,"Howard Miller 13"" Diameter Goldtone Round Wall Clock",46.94,1,0.0,19.2454,0.41,Bajo,Alta,0,2017,11,4,914,United States,53209,FUR-FU-10004091,0,0.04,Bajo
CA-2015-105158,2015-09-05,2015-09-10,5,Standard Class,SP-20860,Sung Pak,Corporate,Central,Minnesota,Rochester,Furniture,Furnishings,Longer-Life Soft White Bulbs,6.16,2,0.0,2.9568,0.48,Bajo,Alta,0,2015,9,3,5282,United States,55901,FUR-FU-10001706,0,0.04,Bajo
CA-2016-162355,2016-06-30,2016-07-02,2,Second Class,PF-19165,Philip Fox,Consumer,South,Georgia,Sandy Springs,Furniture,Bookcases,O'Sullivan 2-Door Barrister Bookcase in Odessa Pine,1266.86,7,0.0,291.3778,0.23,Bajo,Media,0,2016,6,2,8232,United States,30328,FUR-BO-10004695,0,0.04,Bajo
CA-2016-119074,2016-03-27,2016-03-31,4,Standard Class,DS-13180,David Smith,Corporate,South,Georgia,Columbus,Furniture,Furnishings,DAX Two-Tone Silver Metal Document Frame,20.24,1,0.0,8.7032,0.43,Bajo,Alta,0,2016,3,1,8545,United States,31907,FUR-FU-10004053,0,0.04,Bajo
CA-2017-158407,2017-06-04,2017-06-10,6,Standard Class,LW-16990,Lindsay Williams,Corporate,South,North Carolina,Monroe,Furniture,Furnishings,Telescoping Adjustable Floor Lamp,31.984,2,0.2,1.999,0.0625,Medio,Baja,0,2017,6,2,1090,United States,28110,FUR-FU-10001967,0,0.04,Bajo
CA-2017-103212,2017-10-13,2017-10-14,1,First Class,MH-18025,Michelle Huthwaite,Consumer,South,Louisiana,Lafayette,Furniture,Tables,Bretford Rectangular Conference Table Tops,1504.52,4,0.0,346.0396,0.23,Bajo,Media,0,2017,10,4,9222,United States,70506,FUR-TA-10003473,0,0.04,Bajo
CA-2017-138289,2017-01-16,2017-01-18,2,Second Class,AR-10540,Andy Reiter,Consumer,Central,Michigan,Jackson,Furniture,Chairs,Office Star Flex Back Scooter Chair with Aluminum Finish Frame,302.67,3,0.0,72.6408,0.24,Bajo,Media,0,2017,1,1,6522,United States,49201,FUR-CH-10004626,0,0.04,Bajo
CA-2017-144638,2017-03-10,2017-03-14,4,Standard Class,MH-18115,Mick Hernandez,Home Office,East,Pennsylvania,Chester,Furniture,Furnishings,Westinghouse Clip-On Gooseneck Lamps,6.696,1,0.2,0.5022,0.075,Medio,Baja,0,2017,3,1,1256,United States,19013,FUR-FU-10003724,0,0.04,Bajo
CA-2016-102092,2016-12-09,2016-12-11,2,First Class,PM-18940,Paul MacIntyre,Consumer,South,Virginia,Springfield,Furniture,Tables,"Iceberg OfficeWorks 42"" Round Tables",1056.86,7,0.0,158.529,0.15,Bajo,Media,0,2016,12,4,8555,United States,22153,FUR-TA-10002530,0,0.04,Bajo
CA-2015-115742,2015-04-18,2015-04-22,4,Standard Class,DP-13000,Darren Powers,Consumer,Central,Indiana,New Albany,Furniture,Furnishings,Longer-Life Soft White Bulbs,6.16,2,0.0,2.9568,0.48,Bajo,Alta,0,2015,4,2,52,United States,47150,FUR-FU-10001706,0,0.03666666666666667,Bajo
CA-2016-152730,2016-05-30,2016-06-04,5,Standard Class,EM-14140,Eugene Moren,Home Office,Central,Wisconsin,Superior,Furniture,Furnishings,"DAX Charcoal/Nickel-Tone Document Frame, 5 x 7",47.4,5,0.0,21.33,0.4499999999999999,Bajo,Alta,0,2016,5,2,7255,United States,54880,FUR-FU-10001037,0,0.03666666666666667,Bajo
CA-2014-124702,2014-11-18,2014-11-25,7,Standard Class,MH-17785,Maya Herman,Corporate,West,Washington,Seattle,Furniture,Tables,"Lesro Round Back Collection Coffee Table, End Table",730.2,4,0.0,94.926,0.13,Bajo,Baja,0,2014,11,4,9638,United States,98105,FUR-TA-10003008,0,0.03666666666666667,Bajo
CA-2015-137113,2015-12-01,2015-12-05,4,Second Class,TW-21025,Tamara Willingham,Home Office,West,Washington,Seattle,Furniture,Chairs,Global Troy Executive Leather Low-Back Tilter,2003.92,5,0.2,125.245,0.0625,Medio,Baja,0,2015,12,4,6880,United States,98105,FUR-CH-10001215,0,0.03666666666666667,Bajo
CA-2015-148635,2015-07-25,2015-07-27,2,Second Class,MH-18025,Michelle Huthwaite,Consumer,West,Washington,Seattle,Furniture,Bookcases,"Sauder Forest Hills Library, Woodland Oak Finish",704.9,5,0.0,56.392,0.08,Bajo,Baja,0,2015,7,3,2809,United States,98115,FUR-BO-10002213,0,0.03666666666666667,Bajo
CA-2015-153381,2015-09-24,2015-09-28,4,Standard Class,DE-13255,Deanra Eno,Home Office,Central,Iowa,Dubuque,Furniture,Chairs,Hon Olson Stacker Stools,1408.1,10,0.0,394.268,0.2799999999999999,Bajo,Media,0,2015,9,3,3427,United States,52001,FUR-CH-10000988,0,0.03666666666666667,Bajo
CA-2017-135069,2017-04-10,2017-04-14,4,Standard Class,BS-11755,Bruce Stewart,Consumer,East,Pennsylvania,Philadelphia,Furniture,Furnishings,"Linden 10"" Round Wall Clock, Black",36.672,3,0.2,6.4176,0.175,Medio,Media,0,2017,4,2,7425,United States,19143,FUR-FU-10003878,0,0.03666666666666667,Bajo
CA-2014-156314,2014-12-24,2014-12-26,2,First Class,RP-19390,Resi Plking,Consumer,East,Ohio,Cleveland,Furniture,Furnishings,"Master Giant Foot Doorstop, Safety Yellow",30.36,5,0.2,8.7285,0.2875,Medio,Media,0,2014,12,4,669,United States,44105,FUR-FU-10003096,0,0.03666666666666667,Bajo
CA-2015-121783,2015-11-10,2015-11-14,4,Standard Class,PO-19180,Philisse Overcash,Home Office,Central,Minnesota,Roseville,Furniture,Furnishings,Staple-based wall hangings,29.22,3,0.0,12.8568,0.44,Bajo,Alta,0,2015,11,4,5853,United States,55113,FUR-FU-10004351,0,0.03666666666666667,Bajo
CA-2016-166772,2016-09-20,2016-09-24,4,Standard Class,HJ-14875,Heather Jas,Home Office,West,Washington,Seattle,Furniture,Bookcases,O'Sullivan 5-Shelf Heavy-Duty Bookcases,163.88,2,0.0,40.97,0.25,Bajo,Media,0,2016,9,3,9281,United States,98105,FUR-BO-10002853,0,0.03666666666666667,Bajo
CA-2014-145387,2014-10-31,2014-11-02,2,Second Class,AM-10705,Anne McFarland,Consumer,East,Rhode Island,Cranston,Furniture,Chairs,Hon Pagoda Stacking Chairs,1604.9,5,0.0,481.47,0.3,Bajo,Media,0,2014,10,4,4209,United States,2920,FUR-CH-10002320,0,0.03666666666666667,Bajo
CA-2015-113971,2015-05-08,2015-05-14,6,Standard Class,CB-12535,Claudia Bergmann,Corporate,East,Ohio,Cuyahoga Falls,Furniture,Furnishings,"Eldon Regeneration Recycled Desk Accessories, Smoke",8.352,6,0.2,1.2528,0.15,Medio,Baja,0,2015,5,2,1152,United States,44221,FUR-FU-10001852,0,0.03666666666666667,Bajo
CA-2017-128734,2017-12-24,2017-12-31,7,Standard Class,JL-15175,James Lanier,Home Office,West,Arizona,Chandler,Furniture,Furnishings,Acrylic Self-Standing Desk Frames,8.544,4,0.2,1.9224,0.225,Medio,Media,0,2017,12,4,5148,United States,85224,FUR-FU-10001731,0,0.03666666666666667,Bajo
CA-2017-151484,2017-04-20,2017-04-23,3,First Class,CV-12805,Cynthia Voltz,Corporate,East,Pennsylvania,Philadelphia,Furniture,Furnishings,"Computer Room Manger, 14""",51.968,2,0.2,10.3936,0.1999999999999999,Medio,Media,0,2017,4,2,6154,United States,19120,FUR-FU-10001876,0,0.03666666666666667,Bajo
US-2015-138121,2015-12-17,2015-12-17,0,Same Day,JL-15835,John Lee,Consumer,Central,Michigan,Detroit,Furniture,Furnishings,"Tenex Carpeted, Granite-Look or Clear Contemporary Contour Shape Chair Mats",212.13,3,0.0,14.8491,0.07,Bajo,Baja,0,2015,12,4,4699,United States,48205,FUR-FU-10002116,0,0.03666666666666667,Bajo
US-2017-130953,2017-07-29,2017-08-03,5,Standard Class,RF-19735,Roland Fjeld,Consumer,Central,Oklahoma,Oklahoma City,Furniture,Chairs,Office Star Flex Back Scooter Chair with Aluminum Finish Frame,302.67,3,0.0,72.6408,0.24,Bajo,Media,0,2017,7,3,5028,United States,73120,FUR-CH-10004626,0,0.03666666666666667,Bajo
CA-2016-137043,2016-12-23,2016-12-25,2,Second Class,LC-17140,Logan Currie,Consumer,South,Virginia,Springfield,Furniture,Furnishings,"Electrix Architect's Clamp-On Swing Arm Lamp, Black",572.76,6,0.0,166.1004,0.29,Bajo,Media,0,2016,12,4,1301,United States,22153,FUR-FU-10003664,0,0.03666666666666667,Bajo
CA-2014-167927,2014-01-20,2014-01-26,6,Standard Class,XP-21865,Xylona Preis,Consumer,Central,Michigan,Westland,Furniture,Furnishings,Eldon ClusterMat Chair Mat with Cordless Antistatic Protection,272.94,3,0.0,30.0234,0.11,Bajo,Baja,0,2014,1,1,6328,United States,48185,FUR-FU-10002918,0,0.03666666666666667,Bajo
CA-2015-103954,2015-08-09,2015-08-13,4,Second Class,HR-14770,Hallie Redmond,Home Office,Central,Wisconsin,Milwaukee,Furniture,Bookcases,O'Sullivan Cherrywood Estates Traditional Barrister Bookcase,687.4,5,0.0,48.118,0.07,Bajo,Baja,0,2015,8,3,5035,United States,53209,FUR-BO-10004690,0,0.03666666666666667,Bajo
CA-2017-141572,2017-05-28,2017-05-31,3,Second Class,LO-17170,Lori Olson,Corporate,East,New Hampshire,Concord,Furniture,Furnishings,"Advantus Employee of the Month Certificate Frame, 11 x 13-1/2",247.44,8,0.0,101.4504,0.41,Bajo,Alta,0,2017,5,2,6242,United States,3301,FUR-FU-10001185,0,0.03666666666666667,Bajo
CA-2017-121580,2017-05-29,2017-06-04,6,Standard Class,ML-17410,Maris LaWare,Consumer,Central,Indiana,Columbus,Furniture,Furnishings,Eldon Wave Desk Accessories,6.24,3,0.0,2.6208,0.42,Bajo,Alta,0,2017,5,2,6249,United States,47201,FUR-FU-10003981,0,0.03666666666666667,Bajo
CA-2017-142342,2017-07-17,2017-07-19,2,Second Class,AJ-10795,Anthony Johnson,Corporate,West,California,Apple Valley,Furniture,Bookcases,"Atlantic Metals Mobile 4-Shelf Bookcases, Custom Colors",1194.165,5,0.15,210.735,0.1764705882352941,Medio,Media,0,2017,7,3,5652,United States,92307,FUR-BO-10002613,0,0.03666666666666667,Bajo
CA-2016-111213,2016-04-01,2016-04-05,4,Standard Class,FP-14320,Frank Preis,Consumer,East,New York,New York City,Furniture,Chairs,"Hon Deluxe Fabric Upholstered Stacking Chairs, Rounded Back",1317.492,6,0.1,292.776,0.2222222222222222,Bajo,Media,0,2016,4,2,5142,United States,10009,FUR-CH-10000454,0,0.03666666666666667,Bajo
CA-2017-113278,2017-01-14,2017-01-20,6,Standard Class,HR-14770,Hallie Redmond,Home Office,Central,Indiana,Richmond,Furniture,Furnishings,"DAX Charcoal/Nickel-Tone Document Frame, 5 x 7",18.96,2,0.0,8.532,0.4499999999999999,Bajo,Alta,0,2017,1,1,9866,United States,47374,FUR-FU-10001037,0,0.03666666666666667,Bajo
CA-2017-126382,2017-06-03,2017-06-07,4,Standard Class,HK-14890,Heather Kirkland,Corporate,South,Tennessee,Franklin,Furniture,Furnishings,"Eldon 200 Class Desk Accessories, Burgundy",35.168,7,0.2,9.6712,0.275,Medio,Media,0,2017,6,2,205,United States,37064,FUR-FU-10002960,0,0.03666666666666667,Bajo
CA-2015-117086,2015-11-08,2015-11-12,4,Standard Class,QJ-19255,Quincy Jones,Corporate,East,Vermont,Burlington,Furniture,Bookcases,"Riverside Palais Royal Lawyers Bookcase, Royale Cherry Finish",4404.9,5,0.0,1013.127,0.23,Bajo,Media,0,2015,11,4,9742,United States,5408,FUR-BO-10004834,0,0.03333333333333333,Bajo
CA-2016-163167,2016-11-28,2016-12-01,3,Second Class,RF-19345,Randy Ferguson,Corporate,South,Georgia,Marietta,Furniture,Chairs,"Global Push Button Manager's Chair, Indigo",182.67,3,0.0,52.9743,0.29,Bajo,Media,0,2016,11,4,4887,United States,30062,FUR-CH-10004477,0,0.03333333333333333,Bajo
CA-2017-119284,2017-06-15,2017-06-20,5,Standard Class,TS-21205,Thomas Seio,Corporate,South,Tennessee,Nashville,Furniture,Furnishings,Staple-based wall hangings,31.168,4,0.2,9.3504,0.3,Medio,Alta,0,2017,6,2,8698,United States,37211,FUR-FU-10004351,0,0.03333333333333333,Bajo
CA-2017-121559,2017-06-01,2017-06-03,2,Second Class,HW-14935,Helen Wasserman,Corporate,Central,Indiana,Indianapolis,Furniture,Chairs,Hon 4070 Series Pagoda Round Back Stacking Chairs,1925.88,6,0.0,539.2464,0.2799999999999999,Bajo,Media,0,2017,6,2,9948,United States,46203,FUR-CH-10003746,0,0.03333333333333333,Bajo
CA-2014-110072,2014-10-22,2014-10-28,6,Standard Class,MG-17680,Maureen Gastineau,Home Office,East,Ohio,Newark,Furniture,Furnishings,"Seth Thomas 14"" Putty-Colored Wall Clock",93.888,4,0.2,12.9096,0.1374999999999999,Medio,Baja,0,2014,10,4,147,United States,43055,FUR-FU-10000521,0,0.03333333333333333,Bajo
CA-2017-161018,2017-11-09,2017-11-11,2,Second Class,PN-18775,Parhena Norris,Home Office,East,New York,New York City,Furniture,Furnishings,9-3/4 Diameter Round Wall Clock,96.53,7,0.0,40.5426,0.42,Bajo,Alta,0,2017,11,4,97,United States,10009,FUR-FU-10000629,0,0.03333333333333333,Bajo
CA-2016-108105,2016-02-16,2016-02-23,7,Standard Class,GW-14605,Giulietta Weimer,Consumer,South,Kentucky,Henderson,Furniture,Furnishings,Eldon Cleatmat Plus Chair Mats for High Pile Carpets,318.08,4,0.0,34.9888,0.11,Bajo,Baja,0,2016,2,1,9079,United States,42420,FUR-FU-10003773,0,0.03333333333333333,Bajo
CA-2017-118199,2017-05-09,2017-05-11,2,First Class,LB-16795,Laurel Beltran,Home Office,West,Washington,Seattle,Furniture,Tables,"Riverside Furniture Oval Coffee Table, Oval End Table, End Table with Drawer",286.85,1,0.0,63.107,0.2199999999999999,Bajo,Media,0,2017,5,2,8419,United States,98105,FUR-TA-10004154,0,0.03333333333333333,Bajo
CA-2014-101560,2014-11-28,2014-12-01,3,Second Class,CS-12250,Chris Selesnick,Corporate,South,South Carolina,Columbia,Furniture,Furnishings,Eldon Cleatmat Plus Chair Mats for High Pile Carpets,397.6,5,0.0,43.736,0.1099999999999999,Bajo,Baja,0,2014,11,4,5193,United States,29203,FUR-FU-10003773,0,0.03333333333333333,Bajo
CA-2014-168494,2014-12-12,2014-12-14,2,Second Class,NP-18700,Nora Preis,Consumer,West,California,Fresno,Furniture,Tables,Hon Non-Folding Utility Tables,764.688,6,0.2,95.586,0.125,Medio,Baja,0,2014,12,4,1246,United States,93727,FUR-TA-10004619,0,0.03333333333333333,Bajo
CA-2014-166086,2014-05-07,2014-05-12,5,Standard Class,CT-11995,Carol Triggs,Consumer,East,Massachusetts,Lawrence,Furniture,Chairs,"Lifetime Advantage Folding Chairs, 4/Carton",872.32,4,0.0,244.2496,0.2799999999999999,Bajo,Media,0,2014,5,2,6566,United States,1841,FUR-CH-10004675,0,0.03333333333333333,Bajo
CA-2017-143126,2017-12-03,2017-12-07,4,Second Class,CM-12655,Corinna Mitchell,Home Office,West,Washington,Seattle,Furniture,Tables,"Bevis Oval Conference Table, Walnut",521.96,2,0.0,88.7332,0.1699999999999999,Bajo,Media,0,2017,12,4,4717,United States,98115,FUR-TA-10002958,0,0.03333333333333333,Bajo
CA-2014-145926,2014-11-17,2014-11-21,4,Standard Class,MP-17470,Mark Packer,Home Office,Central,Minnesota,Moorhead,Furniture,Chairs,Global Super Steno Chair,479.9,5,0.0,81.583,0.17,Bajo,Media,0,2014,11,4,2093,United States,56560,FUR-CH-10004289,0,0.03333333333333333,Bajo
CA-2015-123092,2015-12-03,2015-12-07,4,Standard Class,JG-15115,Jack Garza,Consumer,South,North Carolina,Jacksonville,Furniture,Furnishings,"Seth Thomas 16"" Steel Case Clock",77.952,3,0.2,12.6672,0.1625,Medio,Media,0,2015,12,4,8986,United States,28540,FUR-FU-10000222,0,0.03333333333333333,Bajo
CA-2015-149342,2015-04-20,2015-04-25,5,Standard Class,TS-21160,Theresa Swint,Corporate,South,Georgia,Columbus,Furniture,Furnishings,"GE 48"" Fluorescent Tube, Cool White Energy Saver, 34 Watts, 30/Box",595.38,6,0.0,297.69,0.5,Bajo,Alta,0,2015,4,2,2292,United States,31907,FUR-FU-10002937,0,0.03333333333333333,Bajo
US-2014-106334,2014-12-27,2015-01-02,6,Standard Class,JF-15490,Jeremy Farry,Consumer,West,California,San Francisco,Furniture,Chairs,Bevis Steel Folding Chairs,230.28,3,0.2,23.028,0.0999999999999999,Medio,Baja,0,2014,12,4,4553,United States,94122,FUR-CH-10004886,0,0.03333333333333333,Bajo
CA-2015-136805,2015-05-23,2015-05-27,4,Second Class,NM-18445,Nathan Mautz,Home Office,Central,Michigan,Detroit,Furniture,Furnishings,Westinghouse Clip-On Gooseneck Lamps,75.33,9,0.0,19.5858,0.26,Bajo,Media,0,2015,5,2,7626,United States,48234,FUR-FU-10003724,0,0.03333333333333333,Bajo
US-2017-112347,2017-12-02,2017-12-06,4,Standard Class,BS-11380,Bill Stewart,Corporate,West,Colorado,Denver,Furniture,Chairs,Hon GuestStacker Chair,906.68,5,0.2,68.001,0.075,Medio,Baja,0,2017,12,4,7545,United States,80219,FUR-CH-10002335,0,0.03333333333333333,Bajo
CA-2016-138597,2016-12-18,2016-12-21,3,First Class,PN-18775,Parhena Norris,Home Office,Central,Nebraska,Omaha,Furniture,Chairs,Hon Every-Day Series Multi-Task Chairs,563.94,3,0.0,112.788,0.1999999999999999,Bajo,Media,0,2016,12,4,7579,United States,68104,FUR-CH-10004997,0,0.03333333333333333,Bajo
CA-2015-105627,2015-03-08,2015-03-12,4,Standard Class,DK-12895,Dana Kaydos,Consumer,Central,Wisconsin,Kenosha,Furniture,Furnishings,Deflect-o Glass Clear Studded Chair Mats,373.08,6,0.0,82.0776,0.22,Bajo,Media,0,2015,3,1,3999,United States,53142,FUR-FU-10000308,0,0.03333333333333333,Bajo
CA-2016-157245,2016-05-19,2016-05-24,5,Standard Class,LE-16810,Laurel Elliston,Consumer,South,Virginia,Arlington,Furniture,Chairs,Hon 4070 Series Pagoda Round Back Stacking Chairs,641.96,2,0.0,179.7488,0.2799999999999999,Bajo,Media,0,2016,5,2,770,United States,22204,FUR-CH-10003746,0,0.03333333333333333,Bajo
CA-2014-167199,2014-01-06,2014-01-10,4,Standard Class,ME-17320,Maria Etezadi,Home Office,South,Kentucky,Henderson,Furniture,Chairs,Global Deluxe High-Back Manager's Chair,2573.82,9,0.0,746.4078,0.29,Bajo,Media,0,2014,1,1,7475,United States,42420,FUR-CH-10004063,0,0.03333333333333333,Bajo
CA-2014-145576,2014-09-14,2014-09-18,4,Second Class,CA-12775,Cynthia Arntzen,Consumer,South,Florida,Tampa,Furniture,Furnishings,Advantus Panel Wall Acrylic Frame,13.128,3,0.2,3.7743,0.2875,Medio,Media,0,2014,9,3,563,United States,33614,FUR-FU-10004020,0,0.03333333333333333,Bajo
US-2015-131359,2015-10-30,2015-11-02,3,Second Class,FA-14230,Frank Atkinson,Corporate,West,Colorado,Denver,Furniture,Furnishings,"Eldon Regeneration Recycled Desk Accessories, Black",15.488,4,0.2,3.6784,0.2375,Medio,Media,0,2015,10,4,3694,United States,80219,FUR-FU-10003026,0,0.03333333333333333,Bajo
CA-2015-167010,2015-04-05,2015-04-10,5,Standard Class,VT-21700,Valerie Takahito,Home Office,East,Pennsylvania,Philadelphia,Furniture,Furnishings,"DAX Charcoal/Nickel-Tone Document Frame, 5 x 7",7.584,1,0.2,2.37,0.3125,Medio,Alta,0,2015,4,2,3910,United States,19143,FUR-FU-10001037,0,0.03333333333333333,Bajo
CA-2015-128083,2015-03-12,2015-03-17,5,Standard Class,EB-13750,Edward Becker,Corporate,South,Florida,Plantation,Furniture,Furnishings,Acrylic Self-Standing Desk Frames,6.408,3,0.2,1.4418,0.2249999999999999,Medio,Media,0,2015,3,1,3660,United States,33317,FUR-FU-10001731,0,0.03333333333333333,Bajo
CA-2015-128083,2015-03-12,2015-03-17,5,Standard Class,EB-13750,Edward Becker,Corporate,South,Florida,Plantation,Furniture,Furnishings,"Eldon Expressions Desk Accessory, Wood Pencil Holder, Oak",30.88,4,0.2,3.86,0.125,Medio,Baja,0,2015,3,1,3659,United States,33317,FUR-FU-10003194,0,0.03333333333333333,Bajo
CA-2016-104157,2016-07-25,2016-07-29,4,Standard Class,MT-17815,Meg Tillman,Consumer,South,Mississippi,Jackson,Furniture,Tables,"Office Impressions End Table, 20-1/2""H x 24""W x 20""D",2430.08,8,0.0,388.8128,0.16,Bajo,Media,0,2016,7,3,3581,United States,39212,FUR-TA-10004915,0,0.03333333333333333,Bajo
CA-2014-133228,2014-04-04,2014-04-09,5,Standard Class,MS-17710,Maurice Satty,Consumer,Central,Michigan,Detroit,Furniture,Furnishings,Advantus Panel Wall Acrylic Frame,5.47,1,0.0,2.3521,0.43,Bajo,Alta,0,2014,4,2,3955,United States,48205,FUR-FU-10004020,0,0.03333333333333333,Bajo
CA-2015-107937,2015-05-03,2015-05-08,5,Standard Class,JB-16045,Julia Barnett,Home Office,West,California,Chula Vista,Furniture,Furnishings,"Rubbermaid ClusterMat Chairmats, Mat Size- 66"" x 60"", Lip 20"" x 11"" -90 Degree Angle",665.88,6,0.0,106.5408,0.16,Bajo,Media,0,2015,5,2,3778,United States,91911,FUR-FU-10002298,0,0.03333333333333333,Bajo
CA-2017-102925,2017-11-05,2017-11-10,5,Second Class,CD-12280,Christina DeMoss,Consumer,East,New York,New York City,Furniture,Chairs,Harbour Creations 67200 Series Stacking Chairs,128.124,2,0.1,24.2012,0.1888888888888888,Bajo,Media,0,2017,11,4,9473,United States,10024,FUR-CH-10004875,0,0.03333333333333333,Bajo
US-2014-144078,2014-11-25,2014-11-29,4,Standard Class,RB-19435,Richard Bierner,Consumer,West,California,Los Angeles,Furniture,Chairs,Hon GuestStacker Chair,725.344,4,0.2,54.4008,0.0749999999999999,Medio,Baja,0,2014,11,4,7622,United States,90004,FUR-CH-10002335,0,0.03333333333333333,Bajo
US-2017-118941,2017-08-12,2017-08-12,0,Same Day,BB-11545,Brenda Bowman,Corporate,East,Maryland,Columbia,Furniture,Chairs,Hon 4700 Series Mobuis Mid-Back Task Chairs with Adjustable Arms,1779.9,5,0.0,373.779,0.21,Bajo,Media,0,2017,8,3,7766,United States,21044,FUR-CH-10002331,0,0.03333333333333333,Bajo
CA-2015-135685,2015-11-16,2015-11-18,2,Second Class,MP-18175,Mike Pelletier,Home Office,Central,Wisconsin,Milwaukee,Furniture,Furnishings,"Advantus Employee of the Month Certificate Frame, 11 x 13-1/2",185.58,6,0.0,76.0878,0.41,Bajo,Alta,0,2015,11,4,2812,United States,53209,FUR-FU-10001185,0,0.03333333333333333,Bajo
US-2016-168095,2016-07-15,2016-07-20,5,Standard Class,MC-17425,Mark Cousins,Corporate,West,Oregon,Portland,Furniture,Chairs,Bevis Steel Folding Chairs,230.28,3,0.2,23.028,0.0999999999999999,Medio,Baja,0,2016,7,3,7932,United States,97206,FUR-CH-10004886,0,0.03333333333333333,Bajo
CA-2015-154291,2015-07-25,2015-07-29,4,Standard Class,YS-21880,Yana Sorensen,Corporate,South,Alabama,Montgomery,Furniture,Tables,"Bevis Round Conference Table Top, X-Base",358.58,2,0.0,39.4438,0.11,Bajo,Baja,0,2015,7,3,6825,United States,36116,FUR-TA-10002041,0,0.03333333333333333,Bajo
CA-2016-113831,2016-05-30,2016-06-03,4,Standard Class,AH-10690,Anna Hberlin,Corporate,South,Virginia,Springfield,Furniture,Tables,Hon Rectangular Conference Tables,2275.5,10,0.0,386.835,0.1699999999999999,Bajo,Media,0,2016,5,2,5301,United States,22153,FUR-TA-10002645,0,0.03333333333333333,Bajo
CA-2014-133592,2014-12-31,2015-01-07,7,Standard Class,KM-16375,Katherine Murray,Home Office,East,Rhode Island,Providence,Furniture,Chairs,"Global Fabric Manager's Chair, Dark Gray",605.88,6,0.0,151.47,0.25,Bajo,Media,0,2014,12,4,7682,United States,2908,FUR-CH-10004218,0,0.03333333333333333,Bajo
CA-2017-155880,2017-03-25,2017-03-31,6,Standard Class,JD-16150,Justin Deggeller,Corporate,Central,Wisconsin,Milwaukee,Furniture,Chairs,"Global High-Back Leather Tilter, Burgundy",368.97,3,0.0,40.5867,0.1099999999999999,Bajo,Baja,0,2017,3,1,2943,United States,53209,FUR-CH-10002880,0,0.03333333333333333,Bajo
CA-2017-143434,2017-11-18,2017-11-24,6,Standard Class,ME-17320,Maria Etezadi,Home Office,Central,Michigan,Saginaw,Furniture,Furnishings,"C-Line Magnetic Cubicle Keepers, Clear Polypropylene",19.76,4,0.0,8.2992,0.42,Bajo,Alta,0,2017,11,4,2930,United States,48601,FUR-FU-10002597,0,0.03333333333333333,Bajo
CA-2016-156300,2016-12-29,2017-01-02,4,Standard Class,TB-21595,Troy Blackwell,Consumer,Central,Wisconsin,Milwaukee,Furniture,Chairs,"Global Leather & Oak Executive Chair, Burgundy",754.45,5,0.0,60.356,0.08,Bajo,Baja,0,2016,12,4,2415,United States,53209,FUR-CH-10001714,0,0.03333333333333333,Bajo
CA-2016-128972,2016-11-13,2016-11-17,4,Standard Class,TS-21430,Tom Stivers,Corporate,Central,Oklahoma,Oklahoma City,Furniture,Furnishings,"Master Giant Foot Doorstop, Safety Yellow",30.36,4,0.0,13.0548,0.43,Bajo,Alta,0,2016,11,4,5138,United States,73120,FUR-FU-10003096,0,0.03,Bajo
CA-2016-120530,2016-04-07,2016-04-12,5,Standard Class,Dl-13600,Dorris liebe,Corporate,East,New York,New York City,Furniture,Chairs,"Hon Deluxe Fabric Upholstered Stacking Chairs, Rounded Back",658.746,3,0.1,146.388,0.2222222222222222,Bajo,Media,0,2016,4,2,4735,United States,10035,FUR-CH-10000454,0,0.03,Bajo
CA-2015-126186,2015-09-11,2015-09-12,1,First Class,GB-14530,George Bell,Corporate,West,Colorado,Aurora,Furniture,Furnishings,Deflect-O Glasstique Clear Desk Accessories,24.64,4,0.2,4.004,0.1624999999999999,Medio,Media,0,2015,9,3,8550,United States,80013,FUR-FU-10000073,0,0.03,Bajo
CA-2014-116932,2014-07-21,2014-07-25,4,Standard Class,ME-18010,Michelle Ellison,Corporate,West,California,San Francisco,Furniture,Chairs,Global Troy Executive Leather Low-Back Tilter,801.568,2,0.2,50.098,0.0625,Medio,Baja,0,2014,7,3,1872,United States,94122,FUR-CH-10001215,0,0.03,Bajo
CA-2017-144638,2017-03-10,2017-03-14,4,Standard Class,MH-18115,Mick Hernandez,Home Office,East,Pennsylvania,Chester,Furniture,Furnishings,Howard Miller Distant Time Traveler Alarm Clock,43.872,2,0.2,11.5164,0.2625,Medio,Media,0,2017,3,1,1257,United States,19013,FUR-FU-10003535,0,0.03,Bajo
CA-2014-109491,2014-02-20,2014-02-26,6,Standard Class,LC-16930,Linda Cazamias,Corporate,Central,Indiana,Richmond,Furniture,Furnishings,"Master Caster Door Stop, Brown",20.32,4,0.0,6.9088,0.34,Bajo,Alta,0,2014,2,1,4522,United States,47374,FUR-FU-10000221,0,0.03,Bajo
CA-2015-146087,2015-07-06,2015-07-11,5,Standard Class,PP-18955,Paul Prost,Home Office,East,Massachusetts,Holyoke,Furniture,Bookcases,Bush Mission Pointe Library,301.96,2,0.0,60.392,0.2,Bajo,Media,0,2015,7,3,2416,United States,1040,FUR-BO-10002824,0,0.03,Bajo
US-2016-147711,2016-09-03,2016-09-08,5,Second Class,HF-14995,Herbert Flentye,Consumer,East,Maryland,Baltimore,Furniture,Bookcases,"Sauder Camden County Collection Libraries, Planked Cherry Finish",344.94,3,0.0,31.0446,0.09,Bajo,Baja,0,2016,9,3,6779,United States,21215,FUR-BO-10003159,0,0.03,Bajo
CA-2016-149111,2016-04-17,2016-04-21,4,Second Class,BF-11170,Ben Ferrer,Home Office,South,North Carolina,Raleigh,Furniture,Furnishings,"GE General Purpose, Extra Long Life, Showcase & Floodlight Incandescent Bulbs",18.624,8,0.2,6.2856,0.3375,Medio,Alta,0,2016,4,2,2645,United States,27604,FUR-FU-10000206,0,0.03,Bajo
US-2014-125521,2014-03-14,2014-03-19,5,Standard Class,CK-12325,Christine Kargatis,Home Office,South,Virginia,Chesapeake,Furniture,Chairs,Global Commerce Series High-Back Swivel/Tilt Chairs,1139.92,4,0.0,284.98,0.25,Bajo,Media,0,2014,3,1,2841,United States,23320,FUR-CH-10003379,0,0.03,Bajo
CA-2016-154767,2016-06-28,2016-06-30,2,Second Class,BP-11155,Becky Pak,Consumer,East,New Jersey,Paterson,Furniture,Chairs,"Global Armless Task Chair, Royal Blue",121.96,2,0.0,20.7332,0.17,Bajo,Media,0,2016,6,2,6751,United States,7501,FUR-CH-10003535,0,0.03,Bajo
CA-2015-120677,2015-05-31,2015-06-04,4,Standard Class,BD-11320,Bill Donatelli,Consumer,Central,Minnesota,Minneapolis,Furniture,Chairs,Hon Pagoda Stacking Chairs,2567.84,8,0.0,770.352,0.3,Bajo,Media,0,2015,5,2,6885,United States,55407,FUR-CH-10002320,0,0.03,Bajo
CA-2017-122308,2017-03-24,2017-03-28,4,Standard Class,MV-17485,Mark Van Huff,Consumer,East,New York,New York City,Furniture,Chairs,"Global Airflow Leather Mesh Back Chair, Black",271.764,2,0.1,60.392,0.2222222222222222,Bajo,Media,0,2017,3,1,8972,United States,10011,FUR-CH-10000665,0,0.03,Bajo
CA-2016-134789,2016-04-08,2016-04-15,7,Standard Class,CK-12325,Christine Kargatis,Home Office,South,Arkansas,Hot Springs,Furniture,Furnishings,Eldon Radial Chair Mat for Low to Medium Pile Carpets,159.92,4,0.0,31.984,0.2,Bajo,Media,0,2016,4,2,6719,United States,71901,FUR-FU-10003268,0,0.03,Bajo
CA-2016-154662,2016-06-09,2016-06-16,7,Standard Class,BF-11215,Benjamin Farhat,Home Office,Central,Minnesota,Minneapolis,Furniture,Tables,"Bush Cubix Conference Tables, Fully Assembled",692.94,3,0.0,173.235,0.25,Bajo,Media,0,2016,6,2,6047,United States,55407,FUR-TA-10001771,0,0.03,Bajo
US-2016-155768,2016-12-01,2016-12-01,0,Same Day,LB-16795,Laurel Beltran,Home Office,West,California,Oxnard,Furniture,Furnishings,Tenex Chairmats For Use With Carpeted Floors,31.96,2,0.0,1.598,0.05,Bajo,Baja,0,2016,12,4,9171,United States,93030,FUR-FU-10000448,0,0.03,Bajo
US-2016-108637,2016-03-13,2016-03-18,5,Standard Class,AB-10060,Adam Bellavance,Home Office,South,Virginia,Waynesboro,Furniture,Furnishings,"Howard Miller 14-1/2"" Diameter Chrome Round Wall Clock",127.88,2,0.0,40.9216,0.32,Bajo,Alta,0,2016,3,1,2364,United States,22980,FUR-FU-10004864,0,0.03,Bajo
CA-2015-142944,2015-03-06,2015-03-11,5,Standard Class,JL-15850,John Lucas,Consumer,West,California,San Francisco,Furniture,Furnishings,Deflect-o Glass Clear Studded Chair Mats,435.26,7,0.0,95.7572,0.22,Bajo,Media,0,2015,3,1,2273,United States,94122,FUR-FU-10000308,0,0.03,Bajo
CA-2017-157931,2017-09-17,2017-09-22,5,Second Class,MO-17800,Meg O'Connel,Home Office,South,Georgia,Roswell,Furniture,Chairs,Global Ergonomic Managers Chair,723.92,4,0.0,188.2192,0.26,Bajo,Media,0,2017,9,3,2304,United States,30076,FUR-CH-10000785,0,0.03,Bajo
CA-2016-114727,2016-07-18,2016-07-24,6,Standard Class,LS-16945,Linda Southworth,Corporate,West,Colorado,Denver,Furniture,Chairs,Hon 4700 Series Mobuis Mid-Back Task Chairs with Adjustable Arms,854.352,3,0.2,10.6794,0.0124999999999999,Medio,Baja,0,2016,7,3,1203,United States,80219,FUR-CH-10002331,0,0.03,Bajo
CA-2017-109085,2017-02-17,2017-02-20,3,First Class,CK-12325,Christine Kargatis,Home Office,East,Ohio,Troy,Furniture,Furnishings,Flat Face Poster Frame,30.144,2,0.2,8.2896,0.275,Medio,Media,0,2017,2,1,9347,United States,45373,FUR-FU-10004973,0,0.03,Bajo
CA-2016-147067,2016-12-18,2016-12-22,4,Standard Class,JD-16150,Justin Deggeller,Corporate,Central,Minnesota,Minneapolis,Furniture,Furnishings,Eldon 200 Class Desk Accessories,18.84,3,0.0,6.0288,0.32,Bajo,Alta,0,2016,12,4,641,United States,55407,FUR-FU-10000732,0,0.03,Bajo
CA-2015-153717,2015-12-25,2016-01-01,7,Standard Class,DL-13495,Dionis Lloyd,Corporate,Central,Michigan,Detroit,Furniture,Bookcases,Rush Hierlooms Collection Rich Wood Bookcases,160.98,1,0.0,20.9274,0.13,Bajo,Baja,0,2015,12,4,4111,United States,48227,FUR-BO-10004360,0,0.03,Bajo
CA-2015-161718,2015-12-04,2015-12-10,6,Standard Class,SO-20335,Sean O'Donnell,Consumer,East,New York,Hempstead,Furniture,Chairs,Office Star - Ergonomically Designed Knee Chair,364.41,5,0.1,8.098,0.0222222222222222,Bajo,Baja,0,2015,12,4,3375,United States,11550,FUR-CH-10002372,0,0.03,Bajo
CA-2016-146682,2016-10-29,2016-10-31,2,First Class,KW-16435,Katrina Willman,Consumer,Central,Michigan,Lansing,Furniture,Furnishings,Electrix 20W Halogen Replacement Bulb for Zoom-In Desk Lamp,67.0,5,0.0,32.16,0.4799999999999999,Bajo,Alta,0,2016,10,4,3168,United States,48911,FUR-FU-10002671,0,0.03,Bajo
CA-2016-122511,2016-03-11,2016-03-11,0,Same Day,BT-11485,Brad Thomas,Home Office,East,Pennsylvania,Philadelphia,Furniture,Furnishings,"DAX Charcoal/Nickel-Tone Document Frame, 5 x 7",30.336,4,0.2,9.48,0.3125,Medio,Alta,0,2016,3,1,9698,United States,19140,FUR-FU-10001037,0,0.03,Bajo
CA-2017-113558,2017-10-21,2017-10-26,5,Standard Class,PH-18790,Patricia Hirasaki,Home Office,South,Florida,Lakeland,Furniture,Furnishings,"Eldon Expressions Desk Accessory, Wood Photo Frame, Mahogany",45.696,3,0.2,5.1408,0.1125,Medio,Baja,0,2017,10,4,528,United States,33801,FUR-FU-10001756,0,0.03,Bajo
CA-2017-141733,2017-05-07,2017-05-11,4,Standard Class,RW-19540,Rick Wilson,Corporate,Central,Michigan,Detroit,Furniture,Chairs,SAFCO Optional Arm Kit for Workspace Cribbage Stacking Chair,26.64,1,0.0,7.4592,0.2799999999999999,Bajo,Media,0,2017,5,2,3829,United States,48234,FUR-CH-10002017,0,0.03,Bajo
CA-2015-110667,2015-04-04,2015-04-08,4,Standard Class,NF-18595,Nicole Fjeld,Home Office,East,New York,New York City,Furniture,Furnishings,Eldon Advantage Foldable Chair Mats for Low Pile Carpets,108.4,2,0.0,22.764,0.21,Bajo,Media,0,2015,4,2,1055,United States,10009,FUR-FU-10004622,0,0.03,Bajo
CA-2016-167682,2016-04-03,2016-04-09,6,Standard Class,ZD-21925,Zuschuss Donatelli,Consumer,Central,Indiana,Richmond,Furniture,Furnishings,"Seth Thomas 13 1/2"" Wall Clock",71.12,4,0.0,22.0472,0.31,Bajo,Alta,0,2016,4,2,5898,United States,47374,FUR-FU-10003799,0,0.03,Bajo
CA-2015-162887,2015-11-07,2015-11-09,2,Second Class,SV-20785,Stewart Visinsky,Consumer,East,Vermont,Burlington,Furniture,Chairs,Safco Contoured Stacking Chairs,715.2,3,0.0,178.8,0.25,Bajo,Media,0,2015,11,4,5275,United States,5408,FUR-CH-10000595,0,0.03,Bajo
CA-2016-123120,2016-09-04,2016-09-08,4,Standard Class,CV-12295,Christina VanderZanden,Consumer,East,New York,New York City,Furniture,Furnishings,"Howard Miller 16"" Diameter Gallery Wall Clock",63.94,1,0.0,24.9366,0.39,Bajo,Alta,0,2016,9,3,5331,United States,10011,FUR-FU-10004748,0,0.03,Bajo
CA-2017-126074,2017-10-02,2017-10-06,4,Standard Class,RF-19735,Roland Fjeld,Consumer,Central,Michigan,Trenton,Furniture,Furnishings,Nu-Dell Leatherette Frames,157.74,11,0.0,56.7864,0.36,Bajo,Alta,0,2017,10,4,751,United States,48183,FUR-FU-10003577,0,0.03,Bajo
US-2017-124821,2017-06-25,2017-06-29,4,Second Class,AM-10705,Anne McFarland,Consumer,West,Washington,Seattle,Furniture,Tables,"Chromcraft Bull-Nose Wood Round Conference Table Top, Wood Base",871.4,4,0.0,148.138,0.17,Bajo,Media,0,2017,6,2,4270,United States,98115,FUR-TA-10000688,0,0.03,Bajo
CA-2017-166184,2017-03-24,2017-03-27,3,First Class,HR-14830,Harold Ryan,Corporate,East,New York,New York City,Furniture,Chairs,Global Deluxe Steno Chair,207.846,3,0.1,2.3094,0.0111111111111111,Bajo,Baja,0,2017,3,1,7800,United States,10035,FUR-CH-10003396,0,0.03,Bajo
US-2016-121013,2016-09-05,2016-09-10,5,Standard Class,MM-17920,Michael Moore,Consumer,South,Virginia,Chesapeake,Furniture,Tables,"Chromcraft Bull-Nose Wood 48"" x 96"" Rectangular Conference Tables",1652.94,3,0.0,314.0586,0.19,Bajo,Media,0,2016,9,3,6877,United States,23320,FUR-TA-10003238,0,0.03,Bajo
CA-2014-103317,2014-07-05,2014-07-08,3,First Class,DM-13525,Don Miller,Corporate,South,Florida,Palm Coast,Furniture,Furnishings,Advantus Panel Wall Certificate Holder - 8.5x11,19.52,2,0.2,5.368,0.275,Medio,Media,0,2014,7,3,5437,United States,32137,FUR-FU-10001591,0,0.03,Bajo
CA-2017-117646,2017-08-21,2017-08-25,4,Standard Class,SC-20845,Sung Chung,Consumer,West,Colorado,Louisville,Furniture,Furnishings,"DAX Charcoal/Nickel-Tone Document Frame, 5 x 7",22.752,3,0.2,7.11,0.3125,Medio,Alta,0,2017,8,3,9902,United States,80027,FUR-FU-10001037,0,0.03,Bajo
CA-2015-116484,2015-11-20,2015-11-26,6,Standard Class,JK-15205,Jamie Kunitz,Consumer,East,Ohio,Marion,Furniture,Furnishings,Ultra Commercial Grade Dual Valve Door Closer,63.824,2,0.2,9.5736,0.15,Medio,Media,0,2015,11,4,6282,United States,43302,FUR-FU-10002874,0,0.03,Bajo
CA-2016-130407,2016-09-02,2016-09-06,4,Standard Class,KD-16270,Karen Daniels,Consumer,East,New York,New York City,Furniture,Furnishings,Telescoping Adjustable Floor Lamp,39.98,2,0.0,9.995,0.25,Bajo,Media,0,2016,9,3,1409,United States,10024,FUR-FU-10001967,0,0.03,Bajo
CA-2017-125745,2017-06-30,2017-07-04,4,Standard Class,DV-13045,Darrin Van Huff,Corporate,South,Tennessee,Memphis,Furniture,Furnishings,Advantus Panel Wall Certificate Holder - 8.5x11,19.52,2,0.2,5.368,0.275,Medio,Media,0,2017,6,2,5618,United States,38109,FUR-FU-10001591,0,0.03,Bajo
CA-2017-133249,2017-07-08,2017-07-11,3,First Class,SZ-20035,Sam Zeldin,Home Office,West,California,Pico Rivera,Furniture,Furnishings,"Deflect-o SuperTray Unbreakable Stackable Tray, Letter, Black",145.9,5,0.0,62.737,0.43,Bajo,Alta,0,2017,7,3,1369,United States,90660,FUR-FU-10001588,0,0.03,Bajo
US-2017-118087,2017-09-09,2017-09-13,4,Standard Class,SP-20620,Stefania Perrino,Corporate,East,Pennsylvania,Philadelphia,Furniture,Furnishings,"Eldon Expressions Punched Metal & Wood Desk Accessories, Pewter & Cherry",17.024,2,0.2,1.7024,0.0999999999999999,Medio,Baja,0,2017,9,3,1218,United States,19134,FUR-FU-10001867,0,0.03,Bajo
CA-2014-121006,2014-11-10,2014-11-16,6,Standard Class,SC-20020,Sam Craven,Consumer,Central,Michigan,Midland,Furniture,Chairs,Hon Every-Day Series Multi-Task Chairs,563.94,3,0.0,112.788,0.1999999999999999,Bajo,Media,0,2014,11,4,5168,United States,48640,FUR-CH-10004997,0,0.03,Bajo
CA-2015-126739,2015-11-01,2015-11-03,2,Second Class,JH-16180,Justin Hirsh,Consumer,East,New York,New York City,Furniture,Chairs,Global Highback Leather Tilter in Burgundy,327.564,4,0.1,21.8376,0.0666666666666666,Bajo,Baja,0,2015,11,4,6551,United States,10035,FUR-CH-10000422,0,0.02666666666666667,Bajo
CA-2014-124688,2014-08-27,2014-08-29,2,First Class,CC-12610,Corey Catlett,Corporate,South,Virginia,Springfield,Furniture,Tables,Bretford CR8500 Series Meeting Room Furniture,1202.94,3,0.0,300.735,0.25,Bajo,Media,0,2014,8,3,3485,United States,22153,FUR-TA-10003569,0,0.02666666666666667,Bajo
CA-2016-114601,2016-08-26,2016-09-02,7,Standard Class,AA-10480,Andrew Allen,Consumer,Central,Michigan,Detroit,Furniture,Tables,Hon 4060 Series Tables,447.84,4,0.0,98.5248,0.22,Bajo,Media,0,2016,8,3,7705,United States,48234,FUR-TA-10004147,0,0.02666666666666667,Bajo
CA-2016-136301,2016-03-13,2016-03-15,2,Second Class,EH-13765,Edward Hooks,Corporate,West,California,San Francisco,Furniture,Furnishings,"Westinghouse Mesh Shade Clip-On Gooseneck Lamp, Black",28.28,2,0.0,7.3528,0.26,Bajo,Media,0,2016,3,1,5884,United States,94109,FUR-FU-10004712,0,0.02666666666666667,Bajo
US-2017-128951,2017-07-15,2017-07-17,2,First Class,RS-19420,Ricardo Sperren,Corporate,South,Virginia,Suffolk,Furniture,Tables,Hon 5100 Series Wood Tables,872.94,3,0.0,157.1292,0.18,Bajo,Media,0,2017,7,3,7691,United States,23434,FUR-TA-10004575,0,0.02666666666666667,Bajo
US-2016-147991,2016-05-05,2016-05-09,4,Standard Class,ZD-21925,Zuschuss Donatelli,Consumer,South,Tennessee,Chattanooga,Furniture,Furnishings,"Eldon Image Series Desk Accessories, Burgundy",16.72,5,0.2,3.344,0.2,Medio,Media,0,2016,5,2,3041,United States,37421,FUR-FU-10004270,0,0.02666666666666667,Bajo
CA-2016-122017,2016-12-29,2017-01-02,4,Standard Class,CD-11920,Carlos Daly,Consumer,Central,Kansas,Wichita,Furniture,Furnishings,"Executive Impressions 10"" Spectator Wall Clock",70.56,6,0.0,23.9904,0.34,Bajo,Alta,0,2016,12,4,5363,United States,67212,FUR-FU-10000672,0,0.02666666666666667,Bajo
CA-2014-151995,2014-10-13,2014-10-15,2,First Class,ZC-21910,Zuschuss Carroll,Consumer,West,Washington,Edmonds,Furniture,Tables,"Bevis Round Bullnose 29"" High Table Top",1298.55,5,0.0,311.652,0.24,Bajo,Media,0,2014,10,4,811,United States,98026,FUR-TA-10002903,0,0.02666666666666667,Bajo
CA-2015-128139,2015-07-03,2015-07-09,6,Standard Class,BD-11725,Bruce Degenhardt,Consumer,South,Kentucky,Richmond,Furniture,Chairs,Novimex High-Tech Fabric Mesh Task Chair,70.98,1,0.0,4.9686,0.07,Bajo,Baja,0,2015,7,3,587,United States,40475,FUR-CH-10003956,0,0.02666666666666667,Bajo
CA-2016-139395,2016-12-12,2016-12-18,6,Standard Class,MG-17650,Matthew Grinstein,Home Office,Central,Michigan,Jackson,Furniture,Furnishings,Westinghouse Clip-On Gooseneck Lamps,33.48,4,0.0,8.7048,0.26,Bajo,Media,0,2016,12,4,4575,United States,49201,FUR-FU-10003724,0,0.02666666666666667,Bajo
CA-2017-103065,2017-10-20,2017-10-20,0,Same Day,PT-19090,Pete Takahito,Consumer,South,Florida,Jacksonville,Furniture,Furnishings,DAX Wood Document Frame.,43.936,4,0.2,6.0412,0.1375,Medio,Baja,0,2017,10,4,8241,United States,32216,FUR-FU-10000175,0,0.02666666666666667,Bajo
CA-2015-109512,2015-03-05,2015-03-05,0,Same Day,LF-17185,Luke Foster,Consumer,East,New York,New York City,Furniture,Chairs,"Global Value Mid-Back Manager's Chair, Gray",383.607,7,0.1,63.9345,0.1666666666666666,Bajo,Media,0,2015,3,1,1882,United States,10011,FUR-CH-10001146,0,0.02666666666666667,Bajo
CA-2016-121370,2016-11-14,2016-11-19,5,Second Class,EB-14110,Eugene Barchas,Consumer,East,Pennsylvania,Philadelphia,Furniture,Furnishings,"DAX Contemporary Wood Frame with Silver Metal Mat, Desktop, 11 x 14 Size",48.576,3,0.2,9.7152,0.1999999999999999,Medio,Media,0,2016,11,4,4814,United States,19134,FUR-FU-10002813,0,0.02666666666666667,Bajo
CA-2016-140018,2016-11-21,2016-11-26,5,Standard Class,CK-12205,Chloris Kastensmidt,Consumer,East,Ohio,Columbus,Furniture,Furnishings,"Computer Room Manger, 14""",77.952,3,0.2,15.5904,0.2,Medio,Media,0,2016,11,4,4826,United States,43229,FUR-FU-10001876,0,0.02666666666666667,Bajo
CA-2014-163447,2014-12-27,2014-12-31,4,Standard Class,TB-21190,Thomas Brumley,Home Office,East,New York,New York City,Furniture,Chairs,"Global Push Button Manager's Chair, Indigo",767.214,14,0.1,161.9674,0.211111111111111,Bajo,Media,0,2014,12,4,6132,United States,10011,FUR-CH-10004477,0,0.02666666666666667,Bajo
CA-2016-136434,2016-12-01,2016-12-07,6,Standard Class,RD-19480,Rick Duston,Consumer,Central,Indiana,Richmond,Furniture,Furnishings,DAX Cubicle Frames - 8x10,17.31,3,0.0,5.193,0.3,Bajo,Media,0,2016,12,4,2055,United States,47374,FUR-FU-10001196,0,0.02666666666666667,Bajo
CA-2017-125451,2017-10-23,2017-10-24,1,First Class,AH-10075,Adam Hart,Corporate,East,Rhode Island,Cranston,Furniture,Furnishings,Deflect-o DuraMat Antistatic Studded Beveled Mat for Medium Pile Carpeting,210.68,2,0.0,50.5632,0.24,Bajo,Media,0,2017,10,4,8448,United States,2920,FUR-FU-10000277,0,0.02666666666666667,Bajo
CA-2016-122581,2016-08-21,2016-08-25,4,Standard Class,JK-15370,Jay Kimmel,Consumer,East,New York,New York City,Furniture,Chairs,"Leather Task Chair, Black",573.174,7,0.1,63.686,0.1111111111111111,Bajo,Baja,0,2016,8,3,9880,United States,10035,FUR-CH-10002961,0,0.02666666666666667,Bajo
CA-2017-121888,2017-09-15,2017-09-17,2,Second Class,CL-11890,Carl Ludwig,Consumer,East,Massachusetts,Everett,Furniture,Bookcases,"Atlantic Metals Mobile 3-Shelf Bookcases, Custom Colors",782.94,3,0.0,203.5644,0.26,Bajo,Media,0,2017,9,3,1540,United States,2149,FUR-BO-10002545,0,0.02666666666666667,Bajo
CA-2017-103968,2017-12-01,2017-12-07,6,Standard Class,ML-17755,Max Ludwig,Home Office,West,California,Stockton,Furniture,Furnishings,"Tenex ""The Solids"" Textured Chair Mats",629.64,9,0.0,107.0388,0.1699999999999999,Bajo,Media,0,2017,12,4,8889,United States,95207,FUR-FU-10003394,0,0.02666666666666667,Bajo
CA-2014-120768,2014-12-19,2014-12-21,2,Second Class,IM-15070,Irene Maddox,Consumer,South,Alabama,Florence,Furniture,Chairs,High-Back Leather Manager's Chair,1819.86,14,0.0,163.7874,0.09,Bajo,Baja,0,2014,12,4,1434,United States,35630,FUR-CH-10000513,0,0.02666666666666667,Bajo
CA-2015-127593,2015-09-21,2015-09-21,0,Same Day,DH-13675,Duane Huffman,Home Office,East,Massachusetts,Quincy,Furniture,Furnishings,"Deflect-o DuraMat Lighweight, Studded, Beveled Mat for Low Pile Carpeting",85.3,2,0.0,14.501,0.17,Bajo,Media,0,2015,9,3,3852,United States,2169,FUR-FU-10004006,0,0.02666666666666667,Bajo
CA-2015-163055,2015-08-09,2015-08-16,7,Standard Class,DS-13180,David Smith,Corporate,Central,Michigan,Detroit,Furniture,Tables,Bevis 36 x 72 Conference Tables,622.45,5,0.0,136.939,0.2199999999999999,Bajo,Media,0,2015,8,3,227,United States,48227,FUR-TA-10003748,0,0.02666666666666667,Bajo
CA-2015-149748,2015-05-31,2015-06-02,2,Second Class,EM-13825,Elizabeth Moffitt,Corporate,East,New Jersey,Paterson,Furniture,Furnishings,Eldon Image Series Black Desk Accessories,8.28,2,0.0,2.9808,0.36,Bajo,Alta,0,2015,5,2,9785,United States,7501,FUR-FU-10001847,0,0.02666666666666667,Bajo
CA-2017-153339,2017-11-03,2017-11-05,2,Second Class,DJ-13510,Don Jones,Corporate,South,Tennessee,Murfreesboro,Furniture,Furnishings,Telescoping Adjustable Floor Lamp,15.992,1,0.2,0.9995,0.0625,Medio,Baja,0,2017,11,4,326,United States,37130,FUR-FU-10001967,0,0.02666666666666667,Bajo
CA-2016-125724,2016-09-22,2016-09-27,5,Standard Class,SM-20950,Suzanne McNair,Corporate,West,Colorado,Broomfield,Furniture,Furnishings,Aluminum Document Frame,68.432,7,0.2,8.554,0.125,Medio,Baja,0,2016,9,3,9554,United States,80020,FUR-FU-10000246,0,0.02666666666666667,Bajo
US-2015-147242,2015-09-10,2015-09-14,4,Standard Class,EH-13765,Edward Hooks,Corporate,East,Massachusetts,Revere,Furniture,Bookcases,O'Sullivan 2-Door Barrister Bookcase in Odessa Pine,361.96,2,0.0,83.2508,0.23,Bajo,Media,0,2015,9,3,3467,United States,2151,FUR-BO-10004695,0,0.02666666666666667,Bajo
CA-2015-121650,2015-12-10,2015-12-16,6,Standard Class,KD-16495,Keith Dawkins,Corporate,Central,Michigan,Jackson,Furniture,Tables,Bretford CR8500 Series Meeting Room Furniture,801.96,2,0.0,200.49,0.25,Bajo,Media,0,2015,12,4,3584,United States,49201,FUR-TA-10003569,0,0.02666666666666667,Bajo
CA-2017-119389,2017-04-17,2017-04-19,2,First Class,BG-11740,Bruce Geld,Consumer,East,Pennsylvania,Philadelphia,Furniture,Furnishings,"Eldon Executive Woodline II Desk Accessories, Mahogany",60.312,3,0.2,5.2773,0.0875,Medio,Baja,0,2017,4,2,3252,United States,19120,FUR-FU-10001473,0,0.02666666666666667,Bajo
CA-2014-110786,2014-12-29,2015-01-02,4,Standard Class,AJ-10795,Anthony Johnson,Corporate,West,California,San Francisco,Furniture,Furnishings,"Executive Impressions 10"" Spectator Wall Clock",70.56,6,0.0,23.9904,0.34,Bajo,Alta,0,2014,12,4,4044,United States,94110,FUR-FU-10000672,0,0.02666666666666667,Bajo
CA-2015-138009,2015-11-29,2015-12-03,4,Standard Class,SF-20965,Sylvia Foulston,Corporate,Central,Michigan,Dearborn,Furniture,Chairs,"Global Manager's Adjustable Task Chair, Storm",301.96,2,0.0,87.5684,0.29,Bajo,Media,0,2015,11,4,623,United States,48126,FUR-CH-10004853,0,0.02666666666666667,Bajo
CA-2015-154823,2015-08-21,2015-08-25,4,Standard Class,KN-16390,Katherine Nockton,Corporate,East,Ohio,Springfield,Furniture,Furnishings,Tenex Chairmats For Use with Hard Floors,25.984,1,0.2,-3.8976,-0.15,Medio,Perdida,1,2015,8,3,7010,United States,45503,FUR-FU-10000193,0,0.02666666666666667,Bajo
CA-2017-119578,2017-12-22,2017-12-27,5,Second Class,JG-15310,Jason Gross,Corporate,East,Rhode Island,Providence,Furniture,Bookcases,"Bush Cubix Collection Bookcases, Fully Assembled",220.98,1,0.0,50.8254,0.23,Bajo,Media,0,2017,12,4,3103,United States,2908,FUR-BO-10003660,0,0.02666666666666667,Bajo
CA-2015-137974,2015-04-16,2015-04-18,2,First Class,LL-16840,Lauren Leatherbury,Consumer,South,Virginia,Waynesboro,Furniture,Furnishings,Tenex Antistatic Computer Chair Mats,1196.86,7,0.0,119.686,0.1,Bajo,Baja,0,2015,4,2,7459,United States,22980,FUR-FU-10001468,0,0.02666666666666667,Bajo
CA-2014-117429,2014-10-07,2014-10-13,6,Standard Class,MR-17545,Mathew Reese,Home Office,East,Pennsylvania,Philadelphia,Furniture,Furnishings,"Seth Thomas 16"" Steel Case Clock",129.92,5,0.2,21.112,0.1625,Medio,Media,0,2014,10,4,724,United States,19140,FUR-FU-10000222,0,0.02666666666666667,Bajo
CA-2016-168046,2016-01-25,2016-01-28,3,Second Class,JD-15895,Jonathan Doherty,Corporate,East,New York,New York City,Furniture,Furnishings,Tenex B1-RE Series Chair Mats for Low Pile Carpets,45.98,1,0.0,7.8166,0.17,Bajo,Media,0,2016,1,1,9360,United States,10024,FUR-FU-10000747,0,0.02666666666666667,Bajo
CA-2016-119935,2016-11-10,2016-11-14,4,Standard Class,KM-16225,Kalyca Meade,Corporate,Central,Missouri,Springfield,Furniture,Furnishings,3M Polarizing Light Filter Sleeves,37.3,2,0.0,17.158,0.4600000000000001,Bajo,Alta,0,2016,11,4,4511,United States,65807,FUR-FU-10001085,0,0.02666666666666667,Bajo
CA-2016-148684,2016-12-25,2016-12-29,4,Standard Class,TS-21655,Trudy Schmidt,Consumer,South,Arkansas,Fayetteville,Furniture,Furnishings,"Howard Miller 13-1/2"" Diameter Rosebrook Wall Clock",343.85,5,0.0,137.54,0.3999999999999999,Bajo,Alta,0,2016,12,4,7892,United States,72701,FUR-FU-10003553,0,0.02666666666666667,Bajo
CA-2015-135685,2015-11-16,2015-11-18,2,Second Class,MP-18175,Mike Pelletier,Home Office,Central,Wisconsin,Milwaukee,Furniture,Tables,"Chromcraft Bull-Nose Wood Round Conference Table Top, Wood Base",653.55,3,0.0,111.1035,0.17,Bajo,Media,0,2015,11,4,2815,United States,53209,FUR-TA-10000688,0,0.02666666666666667,Bajo
CA-2014-136644,2014-06-16,2014-06-22,6,Standard Class,SC-20575,Sonia Cooley,Consumer,Central,Indiana,Mishawaka,Furniture,Chairs,"Global Geo Office Task Chair, Gray",647.84,8,0.0,32.392,0.05,Bajo,Baja,0,2014,6,2,2496,United States,46544,FUR-CH-10000225,0,0.02666666666666667,Bajo
CA-2016-107216,2016-06-14,2016-06-17,3,First Class,PV-18985,Paul Van Hugh,Home Office,West,California,San Francisco,Furniture,Furnishings,"GE General Purpose, Extra Long Life, Showcase & Floodlight Incandescent Bulbs",8.73,3,0.0,4.1031,0.47,Bajo,Alta,0,2016,6,2,1100,United States,94122,FUR-FU-10000206,0,0.02666666666666667,Bajo
CA-2015-150875,2015-11-16,2015-11-20,4,Standard Class,HK-14890,Heather Kirkland,Corporate,West,Idaho,Boise,Furniture,Tables,Bretford CR4500 Series Slim Rectangular Table,696.42,2,0.0,160.1766,0.23,Bajo,Media,0,2015,11,4,4193,United States,83704,FUR-TA-10000577,0,0.023333333333333334,Bajo
CA-2015-135685,2015-11-16,2015-11-18,2,Second Class,MP-18175,Mike Pelletier,Home Office,Central,Wisconsin,Milwaukee,Furniture,Tables,"Lesro Sheffield Collection Coffee Table, End Table, Center Table, Corner Table",214.11,3,0.0,36.3987,0.1699999999999999,Bajo,Media,0,2015,11,4,2813,United States,53209,FUR-TA-10001520,0,0.023333333333333334,Bajo
CA-2015-135538,2015-12-24,2015-12-28,4,Standard Class,HR-14830,Harold Ryan,Corporate,West,Arizona,Gilbert,Furniture,Chairs,SAFCO Arco Folding Chair,883.84,4,0.2,99.432,0.1125,Medio,Baja,0,2015,12,4,2660,United States,85234,FUR-CH-10004287,0,0.023333333333333334,Bajo
CA-2015-140144,2015-06-20,2015-06-25,5,Second Class,SC-20770,Stewart Carmichael,Corporate,West,California,San Francisco,Furniture,Furnishings,"Howard Miller 13"" Diameter Pewter Finish Round Wall Clock",257.64,6,0.0,100.4796,0.39,Bajo,Alta,0,2015,6,2,2744,United States,94122,FUR-FU-10002253,0,0.023333333333333334,Bajo
CA-2014-148586,2014-03-25,2014-04-01,7,Standard Class,AZ-10750,Annie Zypern,Consumer,East,New York,New York City,Furniture,Chairs,"Iceberg Nesting Folding Chair, 19w x 6d x 43h",366.786,7,0.1,65.2064,0.1777777777777777,Bajo,Media,0,2014,3,1,2433,United States,10009,FUR-CH-10002439,0,0.023333333333333334,Bajo
CA-2017-132430,2017-10-09,2017-10-11,2,First Class,CP-12085,Cathy Prescott,Corporate,East,Ohio,Lakewood,Furniture,Furnishings,Nu-Dell Leatherette Frames,45.888,4,0.2,9.1776,0.2,Medio,Media,0,2017,10,4,2712,United States,44107,FUR-FU-10003577,0,0.023333333333333334,Bajo
CA-2016-144939,2016-10-03,2016-10-08,5,Standard Class,EB-13870,Emily Burns,Consumer,East,New York,New York City,Furniture,Chairs,Office Star - Contemporary Task Swivel Chair,599.292,6,0.1,93.2232,0.1555555555555555,Bajo,Media,0,2016,10,4,981,United States,10035,FUR-CH-10003199,0,0.023333333333333334,Bajo
CA-2015-124499,2015-10-09,2015-10-13,4,Standard Class,FM-14380,Fred McMath,Consumer,Central,Michigan,Detroit,Furniture,Chairs,High-Back Leather Manager's Chair,389.97,3,0.0,35.0973,0.0899999999999999,Bajo,Baja,0,2015,10,4,9263,United States,48227,FUR-CH-10000513,0,0.023333333333333334,Bajo
CA-2014-166954,2014-04-25,2014-04-30,5,Standard Class,BT-11305,Beth Thompson,Home Office,West,California,San Gabriel,Furniture,Furnishings,"Tenex Traditional Chairmats for Medium Pile Carpet, Standard Lip, 36"" x 48""",303.25,5,0.0,63.6825,0.21,Bajo,Media,0,2014,4,2,4376,United States,91776,FUR-FU-10003708,0,0.023333333333333334,Bajo
CA-2017-141439,2017-11-26,2017-12-01,5,Standard Class,TT-21460,Tonja Turnell,Home Office,Central,Indiana,Richmond,Furniture,Furnishings,DAX Wood Document Frame,27.46,2,0.0,9.8856,0.36,Bajo,Alta,0,2017,11,4,7134,United States,47374,FUR-FU-10001473,0,0.023333333333333334,Bajo
CA-2017-121258,2017-02-26,2017-03-03,5,Standard Class,DB-13060,Dave Brooks,Consumer,West,California,Costa Mesa,Furniture,Furnishings,Tenex B1-RE Series Chair Mats for Low Pile Carpets,91.96,2,0.0,15.6332,0.17,Bajo,Media,0,2017,2,1,9991,United States,92627,FUR-FU-10000747,0,0.023333333333333334,Bajo
CA-2015-100146,2015-05-14,2015-05-19,5,Standard Class,CB-12535,Claudia Bergmann,Corporate,West,California,Camarillo,Furniture,Chairs,"Global Leather and Oak Executive Chair, Black",722.352,3,0.2,81.2646,0.1125,Medio,Baja,0,2015,5,2,7407,United States,93010,FUR-CH-10004495,0,0.023333333333333334,Bajo
CA-2017-117667,2017-12-04,2017-12-09,5,Standard Class,MS-17980,Michael Stewart,Corporate,East,Pennsylvania,Philadelphia,Furniture,Furnishings,Hand-Finished Solid Wood Document Frame,54.768,2,0.2,6.846,0.125,Medio,Baja,0,2017,12,4,5519,United States,19134,FUR-FU-10004093,0,0.023333333333333334,Bajo
CA-2017-135307,2017-11-26,2017-11-27,1,First Class,LS-17245,Lynn Smith,Consumer,Central,Missouri,Gladstone,Furniture,Furnishings,Executive Impressions Supervisor Wall Clock,126.3,3,0.0,40.416,0.32,Bajo,Alta,0,2017,11,4,511,United States,64118,FUR-FU-10001290,0,0.023333333333333334,Bajo
CA-2014-164742,2014-10-13,2014-10-18,5,Second Class,ML-17395,Marina Lichtenstein,Corporate,East,New Jersey,Lakewood,Furniture,Chairs,"Global High-Back Leather Tilter, Burgundy",245.98,2,0.0,27.0578,0.11,Bajo,Baja,0,2014,10,4,5592,United States,8701,FUR-CH-10002880,0,0.023333333333333334,Bajo
CA-2015-125563,2015-04-11,2015-04-17,6,Standard Class,PR-18880,Patrick Ryan,Consumer,South,Florida,Tampa,Furniture,Furnishings,"Executive Impressions 14"" Two-Color Numerals Wall Clock",54.528,3,0.2,14.3136,0.2625,Medio,Media,0,2015,4,2,7335,United States,33614,FUR-FU-10000087,0,0.023333333333333334,Bajo
CA-2016-155992,2016-10-01,2016-10-02,1,First Class,CC-12220,Chris Cortes,Consumer,Central,Indiana,La Porte,Furniture,Furnishings,Westinghouse Clip-On Gooseneck Lamps,41.85,5,0.0,10.881,0.26,Bajo,Media,0,2016,10,4,1265,United States,46350,FUR-FU-10003724,0,0.023333333333333334,Bajo
CA-2016-169887,2016-10-22,2016-10-22,0,Same Day,MS-17530,MaryBeth Skach,Consumer,West,Washington,Seattle,Furniture,Furnishings,"Linden 12"" Wall Clock With Oak Frame",101.94,3,0.0,30.582,0.3,Bajo,Media,0,2016,10,4,6582,United States,98105,FUR-FU-10003095,0,0.023333333333333334,Bajo
CA-2017-163510,2017-12-25,2017-12-28,3,Second Class,JW-15955,Joni Wasserman,Consumer,South,Kentucky,Louisville,Furniture,Chairs,"Global Value Mid-Back Manager's Chair, Gray",304.45,5,0.0,76.1125,0.25,Bajo,Media,0,2017,12,4,2004,United States,40214,FUR-CH-10001146,0,0.023333333333333334,Bajo
CA-2016-123540,2016-04-02,2016-04-06,4,Second Class,DJ-13420,Denny Joy,Corporate,Central,Wisconsin,Milwaukee,Furniture,Chairs,Global Executive Mid-Back Manager's Chair,1454.9,5,0.0,378.274,0.26,Bajo,Media,0,2016,4,2,8563,United States,53209,FUR-CH-10000847,0,0.023333333333333334,Bajo
CA-2015-166947,2015-06-05,2015-06-10,5,Standard Class,EB-13750,Edward Becker,Corporate,East,New York,Buffalo,Furniture,Chairs,Hon Every-Day Series Multi-Task Chairs,1522.638,9,0.1,169.182,0.1111111111111111,Bajo,Baja,0,2015,6,2,6559,United States,14215,FUR-CH-10004997,0,0.023333333333333334,Bajo
CA-2017-143245,2017-12-01,2017-12-06,5,Standard Class,AD-10180,Alan Dominguez,Home Office,East,Connecticut,Fairfield,Furniture,Chairs,Global Comet Stacking Armless Chair,897.15,3,0.0,251.202,0.28,Bajo,Media,0,2017,12,4,4929,United States,6824,FUR-CH-10000155,0,0.023333333333333334,Bajo
CA-2015-156482,2015-02-06,2015-02-13,7,Standard Class,IL-15100,Ivan Liston,Consumer,East,Delaware,Wilmington,Furniture,Chairs,Office Star - Contemporary Swivel Chair with Padded Adjustable Arms and Flex Back,1268.82,9,0.0,266.4522,0.21,Bajo,Media,0,2015,2,1,4941,United States,19805,FUR-CH-10001708,0,0.023333333333333334,Bajo
CA-2016-155516,2016-10-21,2016-10-21,0,Same Day,MK-17905,Michael Kennedy,Corporate,East,Connecticut,Manchester,Furniture,Bookcases,"Atlantic Metals Mobile 3-Shelf Bookcases, Custom Colors",1043.92,4,0.0,271.4192,0.2599999999999999,Bajo,Media,0,2016,10,4,370,United States,6040,FUR-BO-10002545,0,0.023333333333333334,Bajo
CA-2015-169397,2015-12-24,2015-12-27,3,First Class,JB-15925,Joni Blumstein,Consumer,East,Ohio,Dublin,Furniture,Furnishings,"Executive Impressions 14"" Two-Color Numerals Wall Clock",72.704,4,0.2,19.0848,0.2625,Medio,Media,0,2015,12,4,223,United States,43017,FUR-FU-10000087,0,0.023333333333333334,Bajo
CA-2014-131926,2014-06-01,2014-06-06,5,Second Class,DW-13480,Dianna Wilson,Home Office,Central,Minnesota,Lakeville,Furniture,Chairs,Global Deluxe High-Back Manager's Chair,2001.86,7,0.0,580.5394,0.29,Bajo,Media,0,2014,6,2,245,United States,55044,FUR-CH-10004063,0,0.023333333333333334,Bajo
CA-2016-102134,2016-03-14,2016-03-19,5,Standard Class,SP-20545,Sibella Parks,Corporate,Central,Wisconsin,Green Bay,Furniture,Furnishings,Westinghouse Clip-On Gooseneck Lamps,16.74,2,0.0,4.3524,0.26,Bajo,Media,0,2016,3,1,8934,United States,54302,FUR-FU-10003724,0,0.023333333333333334,Bajo
US-2015-144771,2015-10-02,2015-10-04,2,First Class,CK-12205,Chloris Kastensmidt,Consumer,West,Oregon,Hillsboro,Furniture,Furnishings,9-3/4 Diameter Round Wall Clock,11.032,1,0.2,3.0338,0.2749999999999999,Medio,Media,0,2015,10,4,8743,United States,97123,FUR-FU-10000629,0,0.023333333333333334,Bajo
US-2017-161193,2017-11-20,2017-11-26,6,Standard Class,BT-11680,Brian Thompson,Consumer,East,Ohio,Newark,Furniture,Furnishings,"Floodlight Indoor Halogen Bulbs, 1 Bulb per Pack, 60 Watts",77.6,5,0.2,28.13,0.3625,Medio,Alta,0,2017,11,4,1813,United States,43055,FUR-FU-10001861,0,0.023333333333333334,Bajo
CA-2016-157280,2016-11-05,2016-11-07,2,First Class,LW-17125,Liz Willingham,Consumer,South,Virginia,Virginia Beach,Furniture,Furnishings,"Tenex Chairmat w/ Average Lip, 45"" x 53""",756.8,5,0.0,75.68,0.1,Bajo,Baja,0,2016,11,4,8965,United States,23464,FUR-FU-10003806,0,0.023333333333333334,Bajo
CA-2015-100657,2015-11-02,2015-11-07,5,Standard Class,SW-20245,Scot Wooten,Consumer,East,New York,Troy,Furniture,Chairs,"Global Armless Task Chair, Royal Blue",109.764,2,0.1,8.5372,0.0777777777777777,Bajo,Baja,0,2015,11,4,6006,United States,12180,FUR-CH-10003535,0,0.023333333333333334,Bajo
CA-2016-160108,2016-12-08,2016-12-12,4,Standard Class,AG-10900,Arthur Gainer,Consumer,Central,Wisconsin,Eau Claire,Furniture,Chairs,Hon GuestStacker Chair,680.01,3,0.0,176.8026,0.26,Bajo,Media,0,2016,12,4,9163,United States,54703,FUR-CH-10002335,0,0.023333333333333334,Bajo
US-2015-124219,2015-08-07,2015-08-08,1,First Class,KW-16570,Kelly Williams,Consumer,Central,Missouri,Kirkwood,Furniture,Furnishings,"Tenex V2T-RE Standard Weight Series Chair Mat, 45"" x 53"", Lip 25"" x 12""",212.94,3,0.0,34.0704,0.16,Bajo,Media,0,2015,8,3,5156,United States,63122,FUR-FU-10000305,0,0.023333333333333334,Bajo
CA-2017-155621,2017-11-08,2017-11-13,5,Standard Class,KN-16450,Kean Nguyen,Corporate,East,Maryland,Baltimore,Furniture,Furnishings,Howard Miller Distant Time Traveler Alarm Clock,274.2,10,0.0,112.422,0.41,Bajo,Alta,0,2017,11,4,8432,United States,21215,FUR-FU-10003535,0,0.023333333333333334,Bajo
CA-2014-111192,2014-07-30,2014-08-05,6,Standard Class,TS-21430,Tom Stivers,Corporate,West,Washington,Seattle,Furniture,Bookcases,"Rush Hierlooms Collection 1"" Thick Stackable Bookcases",1367.84,8,0.0,259.8896,0.19,Bajo,Media,0,2014,7,3,5162,United States,98103,FUR-BO-10002916,0,0.023333333333333334,Bajo
CA-2016-115378,2016-11-18,2016-11-23,5,Second Class,AJ-10945,Ashley Jarboe,Consumer,Central,Michigan,Taylor,Furniture,Chairs,Novimex Swivel Fabric Task Chair,301.96,2,0.0,33.2156,0.11,Bajo,Baja,0,2016,11,4,5163,United States,48180,FUR-CH-10000863,0,0.023333333333333334,Bajo
CA-2016-142594,2016-12-01,2016-12-06,5,Second Class,EJ-14155,Eva Jacobs,Consumer,East,Massachusetts,Franklin,Furniture,Furnishings,"Executive Impressions 14""",111.15,5,0.0,48.906,0.4399999999999999,Bajo,Alta,0,2016,12,4,8394,United States,2038,FUR-FU-10002045,0,0.023333333333333334,Bajo
CA-2014-124478,2014-08-08,2014-08-12,4,Standard Class,MA-17560,Matt Abelman,Home Office,Central,Michigan,Trenton,Furniture,Furnishings,Nu-Dell Float Frame 11 x 14 1/2,53.88,6,0.0,22.6296,0.42,Bajo,Alta,0,2014,8,3,5072,United States,48183,FUR-FU-10002088,0,0.023333333333333334,Bajo
CA-2017-145660,2017-12-01,2017-12-03,2,First Class,MG-17650,Matthew Grinstein,Home Office,East,Ohio,Marion,Furniture,Furnishings,Magna Visual Magnetic Picture Hangers,7.712,2,0.2,1.7352,0.225,Medio,Media,0,2017,12,4,6205,United States,43302,FUR-FU-10002885,0,0.023333333333333334,Bajo
CA-2015-158421,2015-09-21,2015-09-26,5,Standard Class,GB-14575,Giulietta Baptist,Consumer,South,South Carolina,Columbia,Furniture,Chairs,Global Comet Stacking Arm Chair,1690.04,4,0.0,422.51,0.25,Bajo,Media,0,2015,9,3,6176,United States,29203,FUR-CH-10000309,0,0.023333333333333334,Bajo
CA-2017-161333,2017-02-02,2017-02-07,5,Standard Class,JL-15835,John Lee,Consumer,West,California,Los Angeles,Furniture,Furnishings,"Howard Miller 11-1/2"" Diameter Grantwood Wall Clock",86.26,2,0.0,29.3284,0.3399999999999999,Bajo,Alta,0,2017,2,1,5145,United States,90045,FUR-FU-10003039,0,0.023333333333333334,Bajo
US-2014-117135,2014-06-21,2014-06-23,2,Second Class,NP-18325,Naresj Patel,Consumer,South,Virginia,Waynesboro,Furniture,Furnishings,Luxo Professional Magnifying Clamp-On Fluorescent Lamps,104.01,1,0.0,14.5614,0.14,Bajo,Baja,0,2014,6,2,690,United States,22980,FUR-FU-10004071,0,0.023333333333333334,Bajo
CA-2016-157588,2016-07-14,2016-07-19,5,Standard Class,AR-10570,Anemone Ratner,Consumer,South,Georgia,Columbus,Furniture,Furnishings,"Howard Miller 13-3/4"" Diameter Brushed Chrome Round Wall Clock",51.75,1,0.0,15.525,0.3,Bajo,Media,0,2016,7,3,6958,United States,31907,FUR-FU-10004848,0,0.023333333333333334,Bajo
CA-2015-109386,2015-11-08,2015-11-13,5,Second Class,RH-19600,Rob Haberlin,Consumer,South,Virginia,Hampton,Furniture,Furnishings,Deflect-o Glass Clear Studded Chair Mats,186.54,3,0.0,41.0388,0.22,Bajo,Media,0,2015,11,4,6993,United States,23666,FUR-FU-10000308,0,0.023333333333333334,Bajo
US-2014-118997,2014-04-08,2014-04-12,4,Standard Class,RA-19885,Ruben Ausman,Corporate,South,Alabama,Decatur,Furniture,Tables,"SAFCO PlanMaster Boards, 60w x 37-1/2d, White Melamine",1215.92,8,0.0,316.1392,0.26,Bajo,Media,0,2014,4,2,5927,United States,35601,FUR-TA-10001086,0,0.023333333333333334,Bajo
CA-2014-109232,2014-01-13,2014-01-16,3,Second Class,ND-18370,Natalie DeCherney,Consumer,South,South Carolina,Mount Pleasant,Furniture,Chairs,Global Highback Leather Tilter in Burgundy,545.94,6,0.0,87.3504,0.1599999999999999,Bajo,Media,0,2014,1,1,2979,United States,29464,FUR-CH-10000422,0,0.023333333333333334,Bajo
CA-2017-129028,2017-04-01,2017-04-03,2,First Class,GB-14530,George Bell,Corporate,South,South Carolina,Florence,Furniture,Furnishings,"Deflect-o DuraMat Lighweight, Studded, Beveled Mat for Low Pile Carpeting",127.95,3,0.0,21.7515,0.1699999999999999,Bajo,Media,0,2017,4,2,6008,United States,29501,FUR-FU-10004006,0,0.023333333333333334,Bajo
CA-2016-105081,2016-12-25,2016-12-30,5,Standard Class,JE-15715,Joe Elijah,Consumer,West,Washington,Seattle,Furniture,Tables,"SAFCO PlanMaster Heigh-Adjustable Drafting Table Base, 43w x 30d x 30-37h, Black",1747.25,5,0.0,629.01,0.36,Bajo,Alta,0,2016,12,4,6632,United States,98115,FUR-TA-10001307,0,0.023333333333333334,Bajo
CA-2015-142734,2015-04-16,2015-04-21,5,Standard Class,DM-13345,Denise Monton,Corporate,East,New York,New York City,Furniture,Chairs,Novimex Turbo Task Chair,127.764,2,0.1,2.8392,0.0222222222222222,Bajo,Baja,0,2015,4,2,7583,United States,10024,FUR-CH-10003968,0,0.023333333333333334,Bajo
CA-2017-136882,2017-05-27,2017-06-03,7,Standard Class,DN-13690,Duane Noonan,Consumer,Central,Oklahoma,Tulsa,Furniture,Furnishings,"Electrix Architect's Clamp-On Swing Arm Lamp, Black",477.3,5,0.0,138.417,0.29,Bajo,Media,0,2017,5,2,9448,United States,74133,FUR-FU-10003664,0,0.023333333333333334,Bajo
US-2017-131849,2017-06-06,2017-06-10,4,Standard Class,GH-14410,Gary Hansen,Home Office,West,California,San Francisco,Furniture,Furnishings,"Eldon 300 Class Desk Accessories, Black",4.95,1,0.0,2.178,0.4399999999999999,Bajo,Alta,0,2017,6,2,3854,United States,94122,FUR-FU-10004164,0,0.023333333333333334,Bajo
CA-2014-131450,2014-08-08,2014-08-15,7,Standard Class,LR-16915,Lena Radford,Consumer,West,California,San Diego,Furniture,Furnishings,Dana Halogen Swing-Arm Architect Lamp,327.76,8,0.0,91.7728,0.28,Bajo,Media,0,2014,8,3,598,United States,92024,FUR-FU-10001979,0,0.023333333333333334,Bajo
CA-2017-107503,2017-01-01,2017-01-06,5,Standard Class,GA-14725,Guy Armstrong,Consumer,East,Ohio,Lorain,Furniture,Furnishings,"Linden 10"" Round Wall Clock, Black",48.896,4,0.2,8.5568,0.175,Medio,Media,0,2017,1,1,849,United States,44052,FUR-FU-10003878,0,0.023333333333333334,Bajo
CA-2017-143686,2017-05-14,2017-05-14,0,Same Day,PJ-19015,Pauline Johnson,Consumer,West,California,Santa Ana,Furniture,Furnishings,"Eldon Stackable Tray, Side-Load, Legal, Smoke",18.28,2,0.0,6.2152,0.3399999999999999,Bajo,Alta,0,2017,5,2,814,United States,92704,FUR-FU-10000794,0,0.023333333333333334,Bajo
CA-2015-157959,2015-02-03,2015-02-04,1,First Class,RW-19540,Rick Wilson,Corporate,West,California,Los Angeles,Furniture,Furnishings,Hand-Finished Solid Wood Document Frame,136.92,4,0.0,41.076,0.3,Bajo,Alta,0,2015,2,1,1909,United States,90008,FUR-FU-10004093,0,0.02,Bajo
US-2015-138121,2015-12-17,2015-12-17,0,Same Day,JL-15835,John Lee,Consumer,Central,Michigan,Detroit,Furniture,Chairs,Harbour Creations 67200 Series Stacking Chairs,142.36,2,0.0,38.4372,0.2699999999999999,Bajo,Media,0,2015,12,4,4697,United States,48205,FUR-CH-10004875,0,0.02,Bajo
CA-2017-106747,2017-07-03,2017-07-04,1,First Class,TS-21505,Tony Sayre,Consumer,East,New Hampshire,Concord,Furniture,Furnishings,Luxo Professional Combination Clamp-On Lamps,102.3,1,0.0,26.598,0.26,Bajo,Media,0,2017,7,3,8577,United States,3301,FUR-FU-10004188,0,0.02,Bajo
CA-2016-124100,2016-03-31,2016-04-06,6,Standard Class,EH-13990,Erica Hackney,Consumer,East,New York,New York City,Furniture,Chairs,"Global Value Steno Chair, Gray",327.996,6,0.1,54.666,0.1666666666666666,Bajo,Media,0,2016,3,1,6128,United States,10009,FUR-CH-10003817,0,0.02,Bajo
US-2017-126179,2017-07-03,2017-07-07,4,Standard Class,CS-12460,Chuck Sachs,Consumer,South,Georgia,Columbus,Furniture,Furnishings,"Westinghouse Floor Lamp with Metal Mesh Shade, Black",23.99,1,0.0,5.5177,0.23,Bajo,Media,0,2017,7,3,1304,United States,31907,FUR-FU-10002554,0,0.02,Bajo
CA-2017-121412,2017-09-23,2017-09-27,4,Standard Class,BG-11695,Brooke Gillingham,Corporate,West,Colorado,Louisville,Furniture,Furnishings,Aluminum Document Frame,29.328,3,0.2,3.666,0.125,Medio,Baja,0,2017,9,3,1269,United States,80027,FUR-FU-10000246,0,0.02,Bajo
US-2017-158512,2017-01-12,2017-01-17,5,Second Class,DA-13450,Dianna Arnett,Home Office,East,District of Columbia,Washington,Furniture,Furnishings,Flat Face Poster Frame,37.68,2,0.0,15.8256,0.42,Bajo,Alta,0,2017,1,1,1847,United States,20016,FUR-FU-10004973,0,0.02,Bajo
CA-2016-157763,2016-07-18,2016-07-23,5,Standard Class,KH-16330,Katharine Harms,Corporate,South,Kentucky,Bowling Green,Furniture,Chairs,Hon Olson Stacker Stools,140.81,1,0.0,39.4268,0.2799999999999999,Bajo,Media,0,2016,7,3,1842,United States,42104,FUR-CH-10000988,0,0.02,Bajo
CA-2016-119074,2016-03-27,2016-03-31,4,Standard Class,DS-13180,David Smith,Corporate,South,Georgia,Columbus,Furniture,Furnishings,"Eldon Expressions Wood and Plastic Desk Accessories, Oak",39.92,4,0.0,11.1776,0.2799999999999999,Bajo,Media,0,2016,3,1,8546,United States,31907,FUR-FU-10003731,0,0.02,Bajo
CA-2016-120005,2016-03-03,2016-03-03,0,Same Day,TS-21160,Theresa Swint,Corporate,West,California,San Francisco,Furniture,Furnishings,"Executive Impressions 10"" Spectator Wall Clock",35.28,3,0.0,11.9952,0.34,Bajo,Alta,0,2016,3,1,4749,United States,94110,FUR-FU-10000672,0,0.02,Bajo
CA-2015-148964,2015-05-26,2015-05-31,5,Standard Class,RD-19900,Ruben Dartt,Consumer,West,Washington,Bellevue,Furniture,Furnishings,"DAX Metal Frame, Desktop, Stepped-Edge",20.24,1,0.0,7.8936,0.39,Bajo,Alta,0,2015,5,2,7295,United States,98006,FUR-FU-10003849,0,0.02,Bajo
US-2014-131275,2014-03-18,2014-03-24,6,Standard Class,SC-20050,Sample Company A,Home Office,West,California,Burbank,Furniture,Furnishings,Eldon Cleatmat Chair Mats for Medium Pile Carpets,111.0,2,0.0,14.43,0.13,Bajo,Baja,0,2014,3,1,7328,United States,91505,FUR-FU-10004597,0,0.02,Bajo
CA-2015-125563,2015-04-11,2015-04-17,6,Standard Class,PR-18880,Patrick Ryan,Consumer,South,Florida,Tampa,Furniture,Furnishings,Executive Impressions Supervisor Wall Clock,67.36,2,0.2,10.104,0.15,Medio,Baja,0,2015,4,2,7334,United States,33614,FUR-FU-10001290,0,0.02,Bajo
CA-2017-127117,2017-04-14,2017-04-19,5,Standard Class,HM-14860,Harry Marie,Corporate,East,New Jersey,Morristown,Furniture,Furnishings,Tensor Computer Mounted Lamp,74.45,5,0.0,20.1015,0.27,Bajo,Media,0,2017,4,2,5646,United States,7960,FUR-FU-10004018,0,0.02,Bajo
CA-2014-127614,2014-02-11,2014-02-15,4,Standard Class,NF-18385,Natalie Fritzler,Consumer,South,Virginia,Chesapeake,Furniture,Tables,Hon 2111 Invitation Series Corner Table,1256.22,6,0.0,75.3732,0.06,Bajo,Baja,0,2014,2,1,5632,United States,23320,FUR-TA-10003715,0,0.02,Bajo
CA-2014-153850,2014-11-24,2014-11-29,5,Standard Class,TH-21100,Thea Hendricks,Consumer,East,Ohio,Toledo,Furniture,Furnishings,"Eldon 200 Class Desk Accessories, Burgundy",35.168,7,0.2,9.6712,0.275,Medio,Media,0,2014,11,4,5016,United States,43615,FUR-FU-10002960,0,0.02,Bajo
CA-2015-120362,2015-09-14,2015-09-19,5,Standard Class,CA-12265,Christina Anderson,Consumer,West,Utah,Provo,Furniture,Tables,"Lesro Round Back Collection Coffee Table, End Table",912.75,5,0.0,118.6575,0.13,Bajo,Baja,0,2015,9,3,1375,United States,84604,FUR-TA-10003008,0,0.02,Bajo
CA-2017-128076,2017-02-02,2017-02-07,5,Standard Class,BO-11350,Bill Overfelt,Corporate,West,California,San Diego,Furniture,Furnishings,Eldon Antistatic Chair Mats for Low to Medium Pile Carpets,210.58,2,0.0,12.6348,0.06,Bajo,Baja,0,2017,2,1,8747,United States,92105,FUR-FU-10000293,0,0.02,Bajo
CA-2015-114069,2015-07-13,2015-07-15,2,Second Class,ND-18370,Natalie DeCherney,Consumer,East,New York,New York City,Furniture,Chairs,Safco Contoured Stacking Chairs,1931.04,9,0.1,321.84,0.1666666666666666,Bajo,Media,0,2015,7,3,1702,United States,10035,FUR-CH-10000595,0,0.02,Bajo
CA-2017-148446,2017-12-10,2017-12-14,4,Second Class,MC-17845,Michael Chen,Consumer,West,Nevada,North Las Vegas,Furniture,Tables,Bretford ÒJust In TimeÓ Height-Adjustable Multi-Task Work Tables,1669.6,4,0.0,116.872,0.07,Bajo,Baja,0,2017,12,4,1517,United States,89031,FUR-TA-10004256,0,0.02,Bajo
CA-2015-137526,2015-01-13,2015-01-17,4,Standard Class,PB-19150,Philip Brown,Consumer,West,California,Los Angeles,Furniture,Furnishings,"Deflect-o EconoMat Nonstudded, No Bevel Mat",464.85,9,0.0,92.97,0.1999999999999999,Bajo,Media,0,2015,1,1,4859,United States,90004,FUR-FU-10004845,0,0.02,Bajo
CA-2015-156482,2015-02-06,2015-02-13,7,Standard Class,IL-15100,Ivan Liston,Consumer,East,Delaware,Wilmington,Furniture,Bookcases,"Hon Metal Bookcases, Putty",283.92,4,0.0,82.3368,0.29,Bajo,Media,0,2015,2,1,4942,United States,19805,FUR-BO-10002598,0,0.02,Bajo
CA-2016-167507,2016-12-22,2016-12-28,6,Standard Class,SA-20830,Sue Ann Reed,Consumer,West,Oregon,Redmond,Furniture,Furnishings,"Seth Thomas 14"" Day/Date Wall Clock",22.784,1,0.2,4.8416,0.2125,Medio,Media,0,2016,12,4,1827,United States,97756,FUR-FU-10002878,0,0.02,Bajo
US-2017-161193,2017-11-20,2017-11-26,6,Standard Class,BT-11680,Brian Thompson,Consumer,East,Ohio,Newark,Furniture,Furnishings,"GE General Purpose, Extra Long Life, Showcase & Floodlight Incandescent Bulbs",4.656,2,0.2,1.5714,0.3375,Medio,Alta,0,2017,11,4,1814,United States,43055,FUR-FU-10000206,0,0.02,Bajo
CA-2015-144253,2015-05-04,2015-05-09,5,Second Class,AS-10225,Alan Schoenberger,Corporate,East,New York,New York City,Furniture,Furnishings,Electrix 20W Halogen Replacement Bulb for Zoom-In Desk Lamp,26.8,2,0.0,12.864,0.48,Bajo,Alta,0,2015,5,2,305,United States,10024,FUR-FU-10002671,0,0.02,Bajo
CA-2015-104241,2015-01-04,2015-01-09,5,Standard Class,AG-10495,Andrew Gjertsen,Corporate,South,Virginia,Alexandria,Furniture,Furnishings,DAX Wood Document Frame,192.22,14,0.0,69.1992,0.36,Bajo,Alta,0,2015,1,1,5647,United States,22304,FUR-FU-10001473,0,0.02,Bajo
CA-2017-145226,2017-12-08,2017-12-10,2,Second Class,DL-13315,Delfina Latchford,Consumer,East,New York,New York City,Furniture,Furnishings,"C-Line Cubicle Keepers Polyproplyene Holder w/Velcro Back, 8-1/2x11, 25/Bx",109.48,2,0.0,33.9388,0.31,Bajo,Alta,0,2017,12,4,1168,United States,10035,FUR-FU-10004952,0,0.02,Bajo
CA-2016-165827,2016-11-04,2016-11-09,5,Standard Class,MF-17665,Maureen Fritzler,Corporate,South,Florida,Miami,Furniture,Furnishings,Ultra Door Pull Handle,50.496,6,0.2,8.2056,0.1625,Medio,Media,0,2016,11,4,6729,United States,33180,FUR-FU-10001889,0,0.02,Bajo
CA-2015-115567,2015-09-13,2015-09-18,5,Standard Class,ZC-21910,Zuschuss Carroll,Consumer,Central,Indiana,Columbus,Furniture,Chairs,Hon Multipurpose Stacking Arm Chairs,1516.2,7,0.0,394.212,0.26,Bajo,Media,0,2015,9,3,5189,United States,47201,FUR-CH-10000015,0,0.02,Bajo
CA-2017-105823,2017-06-22,2017-06-26,4,Standard Class,RB-19465,Rick Bensley,Home Office,Central,Michigan,Detroit,Furniture,Chairs,"Hon Deluxe Fabric Upholstered Stacking Chairs, Rounded Back",487.96,2,0.0,146.388,0.3,Bajo,Alta,0,2017,6,2,9033,United States,48227,FUR-CH-10000454,0,0.02,Bajo
CA-2017-129462,2017-06-16,2017-06-21,5,Second Class,JE-15745,Joel Eaton,Consumer,South,Kentucky,Florence,Furniture,Chairs,"Global Airflow Leather Mesh Back Chair, Black",301.96,2,0.0,90.588,0.3,Bajo,Media,0,2017,6,2,830,United States,41042,FUR-CH-10000665,0,0.02,Bajo
US-2017-136721,2017-04-08,2017-04-12,4,Standard Class,NH-18610,Nicole Hansen,Corporate,Central,Michigan,Oak Park,Furniture,Furnishings,Luxo Professional Combination Clamp-On Lamps,306.9,3,0.0,79.794,0.26,Bajo,Media,0,2017,4,2,5372,United States,48237,FUR-FU-10004188,0,0.02,Bajo
CA-2016-154235,2016-09-24,2016-09-28,4,Standard Class,RD-19900,Ruben Dartt,Consumer,Central,Indiana,Bloomington,Furniture,Furnishings,"Deflect-o DuraMat Lighweight, Studded, Beveled Mat for Low Pile Carpeting",127.95,3,0.0,21.7515,0.1699999999999999,Bajo,Media,0,2016,9,3,5872,United States,47401,FUR-FU-10004006,0,0.02,Bajo
CA-2017-116855,2017-12-17,2017-12-21,4,Standard Class,AI-10855,Arianne Irving,Consumer,South,Virginia,Chesapeake,Furniture,Chairs,Hon Valutask Swivel Chairs,504.9,5,0.0,80.784,0.16,Bajo,Media,0,2017,12,4,3029,United States,23320,FUR-CH-10003846,0,0.02,Bajo
CA-2015-137113,2015-12-01,2015-12-05,4,Second Class,TW-21025,Tamara Willingham,Home Office,West,Washington,Seattle,Furniture,Tables,Bush Advantage Collection Round Conference Table,1913.4,9,0.0,401.814,0.21,Bajo,Media,0,2015,12,4,6882,United States,98105,FUR-TA-10001705,0,0.02,Bajo
CA-2016-120873,2016-10-27,2016-11-01,5,Second Class,BW-11200,Ben Wallace,Consumer,South,Virginia,Hampton,Furniture,Chairs,Global Executive Mid-Back Manager's Chair,290.98,1,0.0,75.6548,0.2599999999999999,Bajo,Media,0,2016,10,4,4515,United States,23666,FUR-CH-10000847,0,0.02,Bajo
US-2015-126214,2015-12-21,2015-12-24,3,Second Class,JS-15880,John Stevenson,Consumer,West,Washington,Seattle,Furniture,Tables,Bevis 36 x 72 Conference Tables,1618.37,13,0.0,356.0414,0.22,Bajo,Media,0,2015,12,4,1014,United States,98103,FUR-TA-10003748,0,0.02,Bajo
CA-2016-162943,2016-07-24,2016-07-26,2,Second Class,DB-12970,Darren Budd,Corporate,East,New York,New York City,Furniture,Chairs,Office Star - Contemporary Swivel Chair with Padded Adjustable Arms and Flex Back,253.764,2,0.1,31.0156,0.1222222222222222,Bajo,Baja,0,2016,7,3,6762,United States,10035,FUR-CH-10001708,0,0.02,Bajo
CA-2017-155880,2017-03-25,2017-03-31,6,Standard Class,JD-16150,Justin Deggeller,Corporate,Central,Wisconsin,Milwaukee,Furniture,Chairs,Global Highback Leather Tilter in Burgundy,90.99,1,0.0,14.5584,0.16,Bajo,Media,0,2017,3,1,2941,United States,53209,FUR-CH-10000422,0,0.02,Bajo
CA-2014-164182,2014-07-14,2014-07-18,4,Standard Class,ST-20530,Shui Tom,Consumer,East,Pennsylvania,Philadelphia,Furniture,Furnishings,Tensor Track Tree Floor Lamp,31.984,2,0.2,1.1994,0.0375,Medio,Baja,0,2014,7,3,6934,United States,19140,FUR-FU-10001057,0,0.02,Bajo
CA-2014-138317,2014-06-21,2014-06-25,4,Standard Class,NW-18400,Natalie Webber,Consumer,East,Pennsylvania,Philadelphia,Furniture,Furnishings,Stacking Trays by OIC,3.984,1,0.2,0.6474,0.1625,Medio,Media,0,2014,6,2,2998,United States,19120,FUR-FU-10000550,0,0.02,Bajo
US-2016-100461,2016-01-08,2016-01-12,4,Standard Class,JO-15145,Jack O'Briant,Corporate,Central,Wisconsin,Franklin,Furniture,Bookcases,"Atlantic Metals Mobile 3-Shelf Bookcases, Custom Colors",1565.88,6,0.0,407.1288,0.26,Bajo,Media,0,2016,1,1,6851,United States,53132,FUR-BO-10002545,0,0.02,Bajo
CA-2017-141439,2017-11-26,2017-12-01,5,Standard Class,TT-21460,Tonja Turnell,Home Office,Central,Indiana,Richmond,Furniture,Chairs,SAFCO Arco Folding Chair,828.6,3,0.0,240.294,0.29,Bajo,Media,0,2017,11,4,7136,United States,47374,FUR-CH-10004287,0,0.02,Bajo
US-2014-150119,2014-04-23,2014-04-27,4,Standard Class,LB-16795,Laurel Beltran,Home Office,East,Ohio,Columbus,Furniture,Furnishings,G.E. Halogen Desk Lamp Bulbs,22.336,4,0.2,7.8176,0.35,Medio,Alta,0,2014,4,2,3409,United States,43229,FUR-FU-10002191,0,0.02,Bajo
US-2014-159926,2014-11-18,2014-11-22,4,Standard Class,CS-11950,Carlos Soltero,Consumer,East,Pennsylvania,Philadelphia,Furniture,Furnishings,"Eldon Executive Woodline II Desk Accessories, Mahogany",60.312,3,0.2,5.2773,0.0875,Medio,Baja,0,2014,11,4,3303,United States,19140,FUR-FU-10001473,0,0.02,Bajo
US-2016-102239,2016-05-05,2016-05-06,1,First Class,LW-16990,Lindsay Williams,Corporate,West,Nevada,Henderson,Furniture,Tables,Global Adaptabilities Conference Tables,1685.88,6,0.0,320.3172,0.19,Bajo,Media,0,2016,5,2,7115,United States,89015,FUR-TA-10003392,0,0.02,Bajo
CA-2017-105809,2017-02-20,2017-02-23,3,First Class,HW-14935,Helen Wasserman,Corporate,West,California,San Diego,Furniture,Furnishings,"Executive Impressions 14"" Contract Wall Clock",22.23,1,0.0,7.3359,0.3299999999999999,Bajo,Alta,0,2017,2,1,801,United States,92105,FUR-FU-10004090,0,0.02,Bajo
CA-2015-161998,2015-05-01,2015-05-05,4,Standard Class,DB-13120,David Bremer,Corporate,South,Florida,Tampa,Furniture,Furnishings,DAX Black Cherry Wood-Tone Poster Frame,63.552,3,0.2,14.2992,0.225,Medio,Media,0,2015,5,2,3992,United States,33614,FUR-FU-10001095,0,0.02,Bajo
CA-2017-130631,2017-12-29,2018-01-02,4,Standard Class,BS-11755,Bruce Stewart,Consumer,West,Washington,Edmonds,Furniture,Furnishings,Hand-Finished Solid Wood Document Frame,68.46,2,0.0,20.538,0.3,Bajo,Alta,0,2017,12,4,5458,United States,98026,FUR-FU-10004093,0,0.02,Bajo
CA-2016-105207,2016-01-03,2016-01-08,5,Standard Class,BO-11350,Bill Overfelt,Corporate,Central,Oklahoma,Broken Arrow,Furniture,Tables,"Hon Practical Foundations 30 x 60 Training Table, Light Gray/Charcoal",1592.85,7,0.0,350.427,0.22,Bajo,Media,0,2016,1,1,9494,United States,74012,FUR-TA-10000617,0,0.02,Bajo
CA-2014-156160,2014-09-22,2014-09-29,7,Standard Class,AS-10090,Adam Shillingsburg,Consumer,East,New York,New York City,Furniture,Chairs,Office Star - Mid Back Dual function Ergonomic High Back Chair with 2-Way Adjustable Arms,579.528,4,0.1,83.7096,0.1444444444444444,Bajo,Baja,0,2014,9,3,9659,United States,10035,FUR-CH-10004983,0,0.02,Bajo
CA-2016-136686,2016-12-12,2016-12-16,4,Standard Class,RF-19840,Roy Franzsisch,Consumer,West,California,Pasadena,Furniture,Furnishings,"Howard Miller 14-1/2"" Diameter Chrome Round Wall Clock",383.64,6,0.0,122.7648,0.32,Bajo,Alta,0,2016,12,4,5577,United States,91104,FUR-FU-10004864,0,0.02,Bajo
CA-2016-109869,2016-04-22,2016-04-29,7,Standard Class,TN-21040,Tanja Norvell,Home Office,West,Arizona,Phoenix,Furniture,Furnishings,Eldon Wave Desk Accessories,23.56,5,0.2,7.068,0.3,Medio,Media,0,2016,4,2,463,United States,85023,FUR-FU-10000023,0,0.02,Bajo
CA-2014-125731,2014-09-10,2014-09-16,6,Standard Class,CL-12565,Clay Ludtke,Consumer,West,Oregon,Gresham,Furniture,Chairs,GuestStacker Chair with Chrome Finish Legs,1487.04,5,0.2,148.704,0.1,Medio,Baja,0,2014,9,3,7526,United States,97030,FUR-CH-10003973,0,0.02,Bajo
CA-2015-111612,2015-11-28,2015-12-02,4,Standard Class,EB-14110,Eugene Barchas,Consumer,East,Ohio,Columbus,Furniture,Furnishings,"Seth Thomas 13 1/2"" Wall Clock",71.12,5,0.2,9.779,0.1374999999999999,Medio,Baja,0,2015,11,4,9555,United States,43229,FUR-FU-10003799,0,0.02,Bajo
CA-2014-116190,2014-07-26,2014-08-01,6,Standard Class,SG-20470,Sheri Gordon,Consumer,South,Georgia,Atlanta,Furniture,Chairs,"Metal Folding Chairs, Beige, 4/Carton",67.88,2,0.0,18.3276,0.27,Bajo,Media,0,2014,7,3,7341,United States,30318,FUR-CH-10000553,0,0.02,Bajo
CA-2014-163412,2014-12-20,2014-12-23,3,Second Class,SM-20950,Suzanne McNair,Corporate,East,New York,New York City,Furniture,Chairs,Harbour Creations 67200 Series Stacking Chairs,192.186,3,0.1,36.3018,0.1888888888888888,Bajo,Media,0,2014,12,4,7339,United States,10035,FUR-CH-10004875,0,0.02,Bajo
CA-2016-136322,2016-10-21,2016-10-26,5,Standard Class,AP-10720,Anne Pryor,Home Office,South,Florida,Fort Lauderdale,Furniture,Furnishings,"Seth Thomas 14"" Day/Date Wall Clock",45.568,2,0.2,9.6832,0.2125,Medio,Media,0,2016,10,4,9806,United States,33311,FUR-FU-10002878,0,0.02,Bajo
US-2016-115441,2016-07-25,2016-07-28,3,Second Class,SH-19975,Sally Hughsby,Corporate,Central,Wisconsin,Milwaukee,Furniture,Chairs,Office Star Flex Back Scooter Chair with Aluminum Finish Frame,403.56,4,0.0,96.8544,0.24,Bajo,Media,0,2016,7,3,9894,United States,53209,FUR-CH-10004626,0,0.016666666666666666,Bajo
CA-2015-122756,2015-12-03,2015-12-07,4,Standard Class,DK-13225,Dean Katz,Corporate,East,Pennsylvania,Philadelphia,Furniture,Furnishings,3M Hangers With Command Adhesive,2.96,1,0.2,0.777,0.2625,Medio,Media,0,2015,12,4,388,United States,19140,FUR-FU-10001935,0,0.016666666666666666,Bajo
CA-2015-121650,2015-12-10,2015-12-16,6,Standard Class,KD-16495,Keith Dawkins,Corporate,Central,Michigan,Jackson,Furniture,Chairs,Global Super Steno Chair,191.96,2,0.0,32.6332,0.17,Bajo,Media,0,2015,12,4,3585,United States,49201,FUR-CH-10004289,0,0.016666666666666666,Bajo
CA-2016-149979,2016-09-23,2016-09-28,5,Second Class,RA-19915,Russell Applegate,Consumer,South,Georgia,Columbus,Furniture,Chairs,Hon Mobius Operator's Chair,368.97,3,0.0,81.1734,0.2199999999999999,Bajo,Media,0,2016,9,3,3747,United States,31907,FUR-CH-10002084,0,0.016666666666666666,Bajo
CA-2015-132626,2015-07-09,2015-07-14,5,Standard Class,BT-11680,Brian Thompson,Consumer,East,Maryland,Clinton,Furniture,Furnishings,Eldon ClusterMat Chair Mat with Cordless Antistatic Protection,181.96,2,0.0,20.0156,0.1099999999999999,Bajo,Baja,0,2015,7,3,3680,United States,20735,FUR-FU-10002918,0,0.016666666666666666,Bajo
CA-2015-108259,2015-11-08,2015-11-15,7,Standard Class,NS-18640,Noel Staavos,Corporate,South,North Carolina,Jacksonville,Furniture,Furnishings,Eldon Wave Desk Accessories,4.712,1,0.2,1.4136,0.3,Medio,Media,0,2015,11,4,8646,United States,28540,FUR-FU-10000023,0,0.016666666666666666,Bajo
CA-2017-143035,2017-10-03,2017-10-05,2,Second Class,CC-12430,Chuck Clark,Home Office,East,New York,New York City,Furniture,Furnishings,Magnifier Swing Arm Lamp,83.92,4,0.0,21.8192,0.2599999999999999,Bajo,Media,0,2017,10,4,6372,United States,10009,FUR-FU-10001934,0,0.016666666666666666,Bajo
CA-2015-103870,2015-12-27,2015-12-31,4,Standard Class,SP-20860,Sung Pak,Corporate,South,Tennessee,Murfreesboro,Furniture,Furnishings,"Executive Impressions 14"" Contract Wall Clock with Quartz Movement",53.352,3,0.2,16.0056,0.3,Medio,Alta,0,2015,12,4,8728,United States,37130,FUR-FU-10002030,0,0.016666666666666666,Bajo
CA-2017-136448,2017-09-16,2017-09-18,2,First Class,AS-10090,Adam Shillingsburg,Consumer,East,Pennsylvania,Philadelphia,Furniture,Furnishings,"Eldon Expressions Punched Metal & Wood Desk Accessories, Black & Cherry",22.512,3,0.2,2.2512,0.0999999999999999,Medio,Baja,0,2017,9,3,3458,United States,19143,FUR-FU-10003832,0,0.016666666666666666,Bajo
CA-2017-151484,2017-04-20,2017-04-23,3,First Class,CV-12805,Cynthia Voltz,Corporate,East,Pennsylvania,Philadelphia,Furniture,Furnishings,"Executive Impressions 12"" Wall Clock",42.408,3,0.2,9.5418,0.225,Medio,Media,0,2017,4,2,6157,United States,19120,FUR-FU-10004671,0,0.016666666666666666,Bajo
CA-2016-114727,2016-07-18,2016-07-24,6,Standard Class,LS-16945,Linda Southworth,Corporate,West,Colorado,Denver,Furniture,Chairs,Hon GuestStacker Chair,544.008,3,0.2,40.8006,0.075,Medio,Baja,0,2016,7,3,1201,United States,80219,FUR-CH-10002335,0,0.016666666666666666,Bajo
CA-2017-141733,2017-05-07,2017-05-11,4,Standard Class,RW-19540,Rick Wilson,Corporate,Central,Michigan,Detroit,Furniture,Chairs,Safco Contoured Stacking Chairs,476.8,2,0.0,119.2,0.25,Bajo,Media,0,2017,5,2,3830,United States,48234,FUR-CH-10000595,0,0.016666666666666666,Bajo
CA-2016-140130,2016-10-31,2016-11-05,5,Standard Class,HW-14935,Helen Wasserman,Corporate,Central,Oklahoma,Tulsa,Furniture,Chairs,Hon Mobius Operator's Chair,368.97,3,0.0,81.1734,0.2199999999999999,Bajo,Media,0,2016,10,4,6420,United States,74133,FUR-CH-10002084,0,0.016666666666666666,Bajo
CA-2016-116911,2016-09-15,2016-09-20,5,Standard Class,JD-16150,Justin Deggeller,Corporate,West,Idaho,Twin Falls,Furniture,Tables,Bretford Rectangular Conference Table Tops,1128.39,3,0.0,259.5297,0.2299999999999999,Bajo,Media,0,2016,9,3,8784,United States,83301,FUR-TA-10003473,0,0.016666666666666666,Bajo
CA-2016-107104,2016-11-26,2016-11-30,4,Standard Class,MS-17365,Maribeth Schnelling,Consumer,West,California,Los Angeles,Furniture,Furnishings,"GE 48"" Fluorescent Tube, Cool White Energy Saver, 34 Watts, 30/Box",595.38,6,0.0,297.69,0.5,Bajo,Alta,0,2016,11,4,9653,United States,90045,FUR-FU-10002937,0,0.016666666666666666,Bajo
CA-2017-119452,2017-03-21,2017-03-27,6,Standard Class,CL-12565,Clay Ludtke,Consumer,Central,Oklahoma,Tulsa,Furniture,Chairs,"Global Leather and Oak Executive Chair, Black",1805.88,6,0.0,523.7052,0.29,Bajo,Media,0,2017,3,1,4429,United States,74133,FUR-CH-10004495,0,0.016666666666666666,Bajo
CA-2015-128860,2015-06-29,2015-07-05,6,Standard Class,SC-20725,Steven Cartwright,Consumer,East,Pennsylvania,Lancaster,Furniture,Furnishings,"Eldon Executive Woodline II Desk Accessories, Mahogany",20.104,1,0.2,1.7591,0.0875,Medio,Baja,0,2015,6,2,2205,United States,17602,FUR-FU-10001473,0,0.016666666666666666,Bajo
CA-2015-137750,2015-06-25,2015-06-30,5,Standard Class,JF-15565,Jill Fjeld,Consumer,West,California,San Francisco,Furniture,Furnishings,Dana Halogen Swing-Arm Architect Lamp,204.85,5,0.0,57.358,0.2799999999999999,Bajo,Media,0,2015,6,2,4045,United States,94110,FUR-FU-10001979,0,0.016666666666666666,Bajo
CA-2017-157854,2017-04-08,2017-04-15,7,Standard Class,DM-13345,Denise Monton,Corporate,South,Georgia,Roswell,Furniture,Furnishings,"Eldon Expressions Punched Metal & Wood Desk Accessories, Black & Cherry",56.28,6,0.0,15.7584,0.2799999999999999,Bajo,Media,0,2017,4,2,2848,United States,30076,FUR-FU-10003832,0,0.016666666666666666,Bajo
CA-2017-157091,2017-06-26,2017-07-01,5,Standard Class,DB-13405,Denny Blanton,Consumer,Central,Indiana,La Porte,Furniture,Furnishings,Eldon Antistatic Chair Mats for Low to Medium Pile Carpets,526.45,5,0.0,31.587,0.06,Bajo,Baja,0,2017,6,2,2232,United States,46350,FUR-FU-10000293,0,0.016666666666666666,Bajo
CA-2014-155796,2014-11-11,2014-11-15,4,Second Class,TS-21430,Tom Stivers,Corporate,East,Pennsylvania,Reading,Furniture,Furnishings,"GE 4 Foot Flourescent Tube, 40 Watt",23.968,2,0.2,7.7896,0.325,Medio,Alta,0,2014,11,4,5955,United States,19601,FUR-FU-10000409,0,0.016666666666666666,Bajo
CA-2014-150329,2014-10-10,2014-10-14,4,Standard Class,SD-20485,Shirley Daniels,Home Office,West,Arizona,Phoenix,Furniture,Furnishings,Westinghouse Clip-On Gooseneck Lamps,46.872,7,0.2,3.5154,0.075,Medio,Baja,0,2014,10,4,6679,United States,85023,FUR-FU-10003724,0,0.016666666666666666,Bajo
CA-2015-121720,2015-06-11,2015-06-12,1,First Class,JE-15610,Jim Epp,Corporate,South,Florida,Lakeland,Furniture,Furnishings,"Seth Thomas 8 1/2"" Cubicle Clock",48.672,3,0.2,7.3008,0.15,Medio,Baja,0,2015,6,2,3121,United States,33801,FUR-FU-10003464,0,0.016666666666666666,Bajo
CA-2015-118871,2015-12-04,2015-12-09,5,Second Class,HM-14860,Harry Marie,Corporate,West,California,Los Angeles,Furniture,Furnishings,"Master Caster Door Stop, Large Brown",36.4,5,0.0,13.832,0.38,Bajo,Alta,0,2015,12,4,4563,United States,90049,FUR-FU-10002111,0,0.016666666666666666,Bajo
CA-2014-138681,2014-12-20,2014-12-22,2,First Class,CT-11995,Carol Triggs,Consumer,West,Arizona,Tucson,Furniture,Furnishings,"Computer Room Manger, 14""",51.968,2,0.2,10.3936,0.1999999999999999,Medio,Media,0,2014,12,4,4690,United States,85705,FUR-FU-10001876,0,0.016666666666666666,Bajo
CA-2015-115938,2015-06-26,2015-06-30,4,Standard Class,SA-20830,Sue Ann Reed,Consumer,South,Virginia,Richmond,Furniture,Chairs,Office Star - Contemporary Task Swivel Chair,332.94,3,0.0,79.9056,0.24,Bajo,Media,0,2015,6,2,792,United States,23223,FUR-CH-10003199,0,0.016666666666666666,Bajo
CA-2014-167486,2014-11-27,2014-12-01,4,Standard Class,JO-15145,Jack O'Briant,Corporate,East,New York,Buffalo,Furniture,Furnishings,Eldon Radial Chair Mat for Low to Medium Pile Carpets,199.9,5,0.0,39.98,0.1999999999999999,Bajo,Media,0,2014,11,4,9428,United States,14215,FUR-FU-10003268,0,0.016666666666666666,Bajo
CA-2016-116547,2016-01-10,2016-01-17,7,Standard Class,KB-16585,Ken Black,Corporate,West,Washington,Seattle,Furniture,Furnishings,24-Hour Round Wall Clock,79.92,4,0.0,34.3656,0.43,Bajo,Alta,0,2016,1,1,4667,United States,98115,FUR-FU-10000076,0,0.016666666666666666,Bajo
CA-2015-109862,2015-10-25,2015-10-30,5,Standard Class,HK-14890,Heather Kirkland,Corporate,East,Delaware,Newark,Furniture,Chairs,"Iceberg Nesting Folding Chair, 19w x 6d x 43h",291.1,5,0.0,75.686,0.26,Bajo,Media,0,2015,10,4,6540,United States,19711,FUR-CH-10002439,0,0.016666666666666666,Bajo
CA-2015-124058,2015-11-20,2015-11-24,4,Standard Class,LC-16885,Lena Creighton,Consumer,West,California,Oakland,Furniture,Chairs,Safco Contoured Stacking Chairs,572.16,3,0.2,35.76,0.0625,Medio,Baja,0,2015,11,4,4060,United States,94601,FUR-CH-10000595,0,0.016666666666666666,Bajo
CA-2016-163174,2016-08-26,2016-08-30,4,Standard Class,XP-21865,Xylona Preis,Consumer,South,Georgia,Athens,Furniture,Furnishings,Deflect-o Glass Clear Studded Chair Mats,186.54,3,0.0,41.0388,0.22,Bajo,Media,0,2016,8,3,8357,United States,30605,FUR-FU-10000308,0,0.016666666666666666,Bajo
CA-2017-167941,2017-11-06,2017-11-09,3,Second Class,JF-15565,Jill Fjeld,Consumer,South,North Carolina,Fayetteville,Furniture,Furnishings,"Executive Impressions 12"" Wall Clock",28.272,2,0.2,6.3612,0.225,Medio,Media,0,2017,11,4,2972,United States,28314,FUR-FU-10004671,0,0.016666666666666666,Bajo
CA-2017-117702,2017-11-28,2017-12-04,6,Standard Class,LS-16975,Lindsay Shagiari,Home Office,East,Maryland,Baltimore,Furniture,Furnishings,Luxo Professional Fluorescent Magnifier Lamp with Clamp-Mount Base,1049.2,5,0.0,272.792,0.2599999999999999,Bajo,Media,0,2017,11,4,4247,United States,21215,FUR-FU-10000576,0,0.016666666666666666,Bajo
CA-2016-128818,2016-05-07,2016-05-11,4,Standard Class,CJ-12010,Caroline Jumper,Consumer,East,New York,New York City,Furniture,Chairs,Hon Mobius Operator's Chair,442.764,4,0.1,59.0352,0.1333333333333333,Bajo,Baja,0,2016,5,2,2182,United States,10009,FUR-CH-10002084,0,0.016666666666666666,Bajo
CA-2017-136350,2017-06-24,2017-06-26,2,Second Class,GA-14515,George Ashbrook,Consumer,East,New York,New York City,Furniture,Furnishings,"Deflect-o RollaMat Studded, Beveled Mat for Medium Pile Carpeting",276.69,3,0.0,49.8042,0.18,Bajo,Media,0,2017,6,2,4050,United States,10011,FUR-FU-10003601,0,0.016666666666666666,Bajo
CA-2017-156958,2017-12-05,2017-12-06,1,First Class,PB-18805,Patrick Bzostek,Home Office,West,Washington,Seattle,Furniture,Furnishings,Eldon Radial Chair Mat for Low to Medium Pile Carpets,199.9,5,0.0,39.98,0.1999999999999999,Bajo,Media,0,2017,12,4,9526,United States,98115,FUR-FU-10003268,0,0.016666666666666666,Bajo
US-2015-126977,2015-09-17,2015-09-23,6,Standard Class,PF-19120,Peter Fuller,Consumer,East,New York,New York City,Furniture,Chairs,Office Star Flex Back Scooter Chair with White Frame,199.764,2,0.1,8.8784,0.0444444444444444,Bajo,Baja,0,2015,9,3,5916,United States,10035,FUR-CH-10001973,0,0.016666666666666666,Bajo
CA-2017-157987,2017-09-02,2017-09-06,4,Standard Class,AC-10615,Ann Chong,Corporate,East,New York,New York City,Furniture,Chairs,Global Commerce Series High-Back Swivel/Tilt Chairs,1282.41,5,0.1,213.735,0.1666666666666666,Bajo,Media,0,2017,9,3,1954,United States,10009,FUR-CH-10003379,0,0.016666666666666666,Bajo
CA-2014-110408,2014-10-18,2014-10-20,2,Second Class,AS-10225,Alan Schoenberger,Corporate,South,Alabama,Montgomery,Furniture,Chairs,"Global Wood Trimmed Manager's Task Chair, Khaki",545.88,6,0.0,70.9644,0.13,Bajo,Baja,0,2014,10,4,1978,United States,36116,FUR-CH-10003774,0,0.016666666666666666,Bajo
CA-2016-126004,2016-12-04,2016-12-05,1,First Class,BM-11140,Becky Martin,Consumer,East,New York,New York City,Furniture,Furnishings,"Eldon Delta Triangular Chair Mat, 52"" x 58"", Clear",113.79,3,0.0,20.4822,0.18,Bajo,Media,0,2016,12,4,1223,United States,10024,FUR-FU-10001602,0,0.016666666666666666,Bajo
CA-2017-147550,2017-12-04,2017-12-05,1,First Class,KE-16420,Katrina Edelman,Corporate,East,Pennsylvania,Philadelphia,Furniture,Furnishings,C-Line Cubicle Keepers Polyproplyene Holder With Velcro Backings,11.352,3,0.2,2.6961,0.2375,Medio,Media,0,2017,12,4,9071,United States,19134,FUR-FU-10001918,0,0.016666666666666666,Bajo
CA-2016-145548,2016-11-11,2016-11-16,5,Standard Class,EB-13750,Edward Becker,Corporate,East,New York,New York City,Furniture,Chairs,"Global Wood Trimmed Manager's Task Chair, Khaki",245.646,3,0.1,8.1882,0.0333333333333333,Bajo,Baja,0,2016,11,4,7033,United States,10011,FUR-CH-10003774,0,0.016666666666666666,Bajo
CA-2015-161718,2015-12-04,2015-12-10,6,Standard Class,SO-20335,Sean O'Donnell,Consumer,East,New York,Hempstead,Furniture,Chairs,"Global Leather Highback Executive Chair with Pneumatic Height Adjustment, Black",361.764,2,0.1,68.3332,0.1888888888888888,Bajo,Media,0,2015,12,4,3377,United States,11550,FUR-CH-10002965,0,0.016666666666666666,Bajo
US-2015-142020,2015-06-04,2015-06-08,4,Second Class,TC-21535,Tracy Collins,Home Office,East,New York,New York City,Furniture,Furnishings,"Executive Impressions 10"" Spectator Wall Clock",35.28,3,0.0,11.9952,0.34,Bajo,Alta,0,2015,6,2,3362,United States,10024,FUR-FU-10000672,0,0.016666666666666666,Bajo
CA-2015-120810,2015-07-23,2015-07-27,4,Standard Class,TH-21550,Tracy Hopkins,Home Office,East,New York,New York City,Furniture,Furnishings,"Howard Miller 13"" Diameter Pewter Finish Round Wall Clock",128.82,3,0.0,50.2398,0.39,Bajo,Alta,0,2015,7,3,3324,United States,10009,FUR-FU-10002253,0,0.016666666666666666,Bajo
CA-2017-103156,2017-11-23,2017-11-24,1,First Class,TD-20995,Tamara Dahlen,Consumer,East,Pennsylvania,Philadelphia,Furniture,Furnishings,OIC Stacking Trays,24.048,9,0.2,7.2144,0.3,Medio,Alta,0,2017,11,4,3381,United States,19120,FUR-FU-10000320,0,0.016666666666666666,Bajo
CA-2015-130659,2015-12-04,2015-12-09,5,Second Class,MS-17365,Maribeth Schnelling,Consumer,East,New York,New York City,Furniture,Chairs,"Global Armless Task Chair, Royal Blue",384.174,7,0.1,29.8802,0.0777777777777777,Bajo,Baja,0,2015,12,4,3384,United States,10035,FUR-CH-10003535,0,0.016666666666666666,Bajo
CA-2015-147788,2015-05-31,2015-06-04,4,Standard Class,TM-21010,Tamara Manning,Consumer,West,Utah,Orem,Furniture,Bookcases,O'Sullivan Living Dimensions 3-Shelf Bookcases,1406.86,7,0.0,140.686,0.1,Bajo,Baja,0,2015,5,2,2559,United States,84057,FUR-BO-10004357,0,0.016666666666666666,Bajo
CA-2015-118843,2015-09-13,2015-09-20,7,Standard Class,JH-15910,Jonathan Howell,Consumer,South,Georgia,Atlanta,Furniture,Furnishings,Eldon Advantage Chair Mats for Low to Medium Pile Carpets,129.93,3,0.0,12.993,0.0999999999999999,Bajo,Baja,0,2015,9,3,6788,United States,30318,FUR-FU-10003975,0,0.016666666666666666,Bajo
CA-2017-121300,2017-09-29,2017-09-29,0,Same Day,MG-17680,Maureen Gastineau,Home Office,East,Ohio,Mentor,Furniture,Furnishings,G.E. Longer-Life Indoor Recessed Floodlight Bulbs,21.248,4,0.2,7.4368,0.35,Medio,Alta,0,2017,9,3,4476,United States,44060,FUR-FU-10004586,0,0.016666666666666666,Bajo
CA-2017-104801,2017-02-13,2017-02-19,6,Standard Class,FH-14350,Fred Harton,Consumer,West,Washington,Seattle,Furniture,Furnishings,"Tenex Contemporary Contur Chairmats for Low and Medium Pile Carpet, Computer, 39"" x 49""",107.53,1,0.0,21.506,0.2,Bajo,Media,0,2017,2,1,2732,United States,98105,FUR-FU-10004017,0,0.016666666666666666,Bajo
CA-2014-144974,2014-09-26,2014-09-30,4,Standard Class,CM-12715,Craig Molinari,Corporate,East,Pennsylvania,Philadelphia,Furniture,Furnishings,DAX Black Cherry Wood-Tone Poster Frame,21.184,1,0.2,4.7664,0.2249999999999999,Medio,Media,0,2014,9,3,8051,United States,19140,FUR-FU-10001095,0,0.016666666666666666,Bajo
US-2016-124163,2016-09-25,2016-09-30,5,Standard Class,SC-20695,Steve Chapman,Corporate,Central,Wisconsin,La Crosse,Furniture,Chairs,"Global Fabric Manager's Chair, Dark Gray",201.96,2,0.0,50.49,0.25,Bajo,Media,0,2016,9,3,5622,United States,54601,FUR-CH-10004218,0,0.016666666666666666,Bajo
US-2014-131870,2014-09-09,2014-09-11,2,First Class,NF-18595,Nicole Fjeld,Home Office,East,Ohio,Lancaster,Furniture,Furnishings,Nu-Dell Executive Frame,60.672,6,0.2,12.8928,0.2125,Medio,Media,0,2014,9,3,8017,United States,43130,FUR-FU-10002501,0,0.016666666666666666,Bajo
US-2016-168410,2016-02-21,2016-02-26,5,Standard Class,BV-11245,Benjamin Venier,Corporate,East,New York,Oceanside,Furniture,Furnishings,9-3/4 Diameter Round Wall Clock,68.95,5,0.0,28.959,0.42,Bajo,Alta,0,2016,2,1,5306,United States,11572,FUR-FU-10000629,0,0.016666666666666666,Bajo
US-2014-148194,2014-05-04,2014-05-07,3,First Class,BS-11365,Bill Shonely,Corporate,West,Washington,Seattle,Furniture,Furnishings,"Eldon Regeneration Recycled Desk Accessories, Smoke",12.18,7,0.0,3.8976,0.32,Bajo,Alta,0,2014,5,2,7999,United States,98105,FUR-FU-10001852,0,0.013333333333333334,Bajo
CA-2016-114860,2016-12-22,2016-12-28,6,Standard Class,DN-13690,Duane Noonan,Consumer,West,California,Moreno Valley,Furniture,Furnishings,Deflect-o DuraMat Antistatic Studded Beveled Mat for Medium Pile Carpeting,842.72,8,0.0,202.2528,0.24,Bajo,Media,0,2016,12,4,9349,United States,92553,FUR-FU-10000277,0,0.013333333333333334,Bajo
CA-2014-115084,2014-10-18,2014-10-22,4,Standard Class,LS-17200,Luke Schmidt,Corporate,South,Arkansas,Texarkana,Furniture,Chairs,Office Star Flex Back Scooter Chair with Aluminum Finish Frame,605.34,6,0.0,145.2816,0.24,Bajo,Media,0,2014,10,4,5234,United States,71854,FUR-CH-10004626,0,0.013333333333333334,Bajo
CA-2017-122035,2017-07-20,2017-07-25,5,Standard Class,EM-13825,Elizabeth Moffitt,Corporate,Central,South Dakota,Sioux Falls,Furniture,Chairs,Novimex Fabric Task Chair,182.94,3,0.0,27.441,0.15,Bajo,Baja,0,2017,7,3,2317,United States,57103,FUR-CH-10003833,0,0.013333333333333334,Bajo
CA-2014-163552,2014-07-11,2014-07-15,4,Standard Class,LA-16780,Laura Armstrong,Corporate,East,New Jersey,Hackensack,Furniture,Chairs,Global Commerce Series High-Back Swivel/Tilt Chairs,854.94,3,0.0,213.735,0.25,Bajo,Media,0,2014,7,3,1031,United States,7601,FUR-CH-10003379,0,0.013333333333333334,Bajo
CA-2016-131737,2016-03-17,2016-03-17,0,Same Day,GZ-14470,Gary Zandusky,Consumer,East,Maryland,Columbia,Furniture,Furnishings,Electrix Halogen Magnifier Lamp,971.5,5,0.0,252.59,0.26,Bajo,Media,0,2016,3,1,4402,United States,21044,FUR-FU-10004306,0,0.013333333333333334,Bajo
CA-2016-123946,2016-09-12,2016-09-17,5,Standard Class,AJ-10795,Anthony Johnson,Corporate,South,Virginia,Springfield,Furniture,Chairs,Hon Olson Stacker Chairs,1059.12,4,0.0,307.1448,0.29,Bajo,Media,0,2016,9,3,6845,United States,22153,FUR-CH-10002073,0,0.013333333333333334,Bajo
CA-2015-116750,2015-07-05,2015-07-10,5,Second Class,BF-10975,Barbara Fisher,Corporate,South,North Carolina,Fayetteville,Furniture,Furnishings,Stackable Trays,4.928,2,0.2,0.7392,0.15,Medio,Baja,0,2015,7,3,2635,United States,28314,FUR-FU-10003829,0,0.013333333333333334,Bajo
CA-2017-128629,2017-07-10,2017-07-14,4,Second Class,BP-11155,Becky Pak,Consumer,South,Georgia,Columbus,Furniture,Furnishings,"Eldon 200 Class Desk Accessories, Smoke",18.84,3,0.0,7.9128,0.42,Bajo,Alta,0,2017,7,3,2927,United States,31907,FUR-FU-10000771,0,0.013333333333333334,Bajo
US-2017-136721,2017-04-08,2017-04-12,4,Standard Class,NH-18610,Nicole Hansen,Corporate,Central,Michigan,Oak Park,Furniture,Furnishings,"3M Polarizing Task Lamp with Clamp Arm, Light Gray",273.96,2,0.0,71.2296,0.26,Bajo,Media,0,2017,4,2,5371,United States,48237,FUR-FU-10004665,0,0.013333333333333334,Bajo
CA-2017-150602,2017-02-09,2017-02-14,5,Second Class,ML-17395,Marina Lichtenstein,Corporate,West,California,Los Angeles,Furniture,Furnishings,"Master Big Foot Doorstop, Beige",21.12,4,0.0,6.5472,0.31,Bajo,Alta,0,2017,2,1,5961,United States,90045,FUR-FU-10003142,0,0.013333333333333334,Bajo
CA-2017-166436,2017-11-24,2017-11-28,4,Standard Class,TS-21370,Todd Sumrall,Corporate,East,New York,New York City,Furniture,Chairs,Global Ergonomic Managers Chair,977.292,6,0.1,173.7408,0.1777777777777777,Bajo,Media,0,2017,11,4,1493,United States,10035,FUR-CH-10000785,0,0.013333333333333334,Bajo
CA-2017-139199,2017-12-09,2017-12-13,4,Standard Class,DK-12835,Damala Kotsonis,Corporate,Central,Michigan,Detroit,Furniture,Chairs,Global Executive Mid-Back Manager's Chair,872.94,3,0.0,226.9644,0.26,Bajo,Media,0,2017,12,4,1469,United States,48234,FUR-CH-10000847,0,0.013333333333333334,Bajo
CA-2017-125472,2017-05-30,2017-05-31,1,First Class,BD-11725,Bruce Degenhardt,Consumer,South,Louisiana,Lafayette,Furniture,Furnishings,Acrylic Self-Standing Desk Frames,8.01,3,0.0,3.0438,0.38,Bajo,Alta,0,2017,5,2,6404,United States,70506,FUR-FU-10001731,0,0.013333333333333334,Bajo
CA-2014-102869,2014-09-09,2014-09-14,5,Second Class,LC-17140,Logan Currie,Consumer,East,Pennsylvania,Philadelphia,Furniture,Furnishings,"Master Caster Door Stop, Large Neon Orange",17.472,3,0.2,5.0232,0.2875,Medio,Media,0,2014,9,3,3599,United States,19140,FUR-FU-10002456,0,0.013333333333333334,Bajo
CA-2016-157511,2016-09-18,2016-09-20,2,First Class,SV-20365,Seth Vernon,Consumer,East,Ohio,Columbus,Furniture,Furnishings,Eldon Pizzaz Desk Accessories,5.352,3,0.2,1.6056,0.3,Medio,Media,0,2016,9,3,3542,United States,43229,FUR-FU-10002107,0,0.013333333333333334,Bajo
CA-2016-137337,2016-03-08,2016-03-12,4,Standard Class,GB-14575,Giulietta Baptist,Consumer,East,New York,New York City,Furniture,Furnishings,Coloredge Poster Frame,113.6,8,0.0,44.304,0.39,Bajo,Alta,0,2016,3,1,7234,United States,10011,FUR-FU-10003347,0,0.013333333333333334,Bajo
CA-2016-105732,2016-09-13,2016-09-18,5,Standard Class,AG-10270,Alejandro Grove,Consumer,Central,Nebraska,Omaha,Furniture,Furnishings,"Electrix Architect's Clamp-On Swing Arm Lamp, Black",1336.44,14,0.0,387.5676,0.29,Bajo,Media,0,2016,9,3,7388,United States,68104,FUR-FU-10003664,0,0.013333333333333334,Bajo
CA-2016-155166,2016-12-26,2017-01-02,7,Standard Class,BB-11545,Brenda Bowman,Corporate,East,New Jersey,Vineland,Furniture,Chairs,Novimex Turbo Task Chair,212.94,3,0.0,25.5528,0.12,Bajo,Baja,0,2016,12,4,5033,United States,8360,FUR-CH-10003968,0,0.013333333333333334,Bajo
US-2015-139675,2015-03-13,2015-03-18,5,Second Class,NF-18595,Nicole Fjeld,Home Office,West,California,Chico,Furniture,Furnishings,Dana Halogen Swing-Arm Architect Lamp,327.76,8,0.0,91.7728,0.28,Bajo,Media,0,2015,3,1,6291,United States,95928,FUR-FU-10001979,0,0.013333333333333334,Bajo
CA-2016-164672,2016-05-08,2016-05-13,5,Second Class,GB-14530,George Bell,Corporate,East,Delaware,Dover,Furniture,Furnishings,"Tenex 46"" x 60"" Computer Anti-Static Chairmat, Rectangular Shaped",211.96,2,0.0,42.392,0.2,Bajo,Media,0,2016,5,2,1602,United States,19901,FUR-FU-10001488,0,0.013333333333333334,Bajo
CA-2016-149461,2016-11-13,2016-11-19,6,Standard Class,AS-10135,Adrian Shami,Home Office,West,Washington,Auburn,Furniture,Furnishings,"Eldon Image Series Desk Accessories, Burgundy",4.18,1,0.0,1.5048,0.36,Bajo,Alta,0,2016,11,4,1802,United States,98002,FUR-FU-10004270,0,0.013333333333333334,Bajo
CA-2014-117345,2014-08-01,2014-08-05,4,Standard Class,BF-10975,Barbara Fisher,Corporate,South,North Carolina,Charlotte,Furniture,Furnishings,9-3/4 Diameter Round Wall Clock,44.128,4,0.2,12.1352,0.2749999999999999,Medio,Media,0,2014,8,3,1839,United States,28205,FUR-FU-10000629,0,0.013333333333333334,Bajo
CA-2016-110254,2016-08-04,2016-08-08,4,Standard Class,ML-17755,Max Ludwig,Home Office,South,Virginia,Suffolk,Furniture,Furnishings,Advantus Panel Wall Certificate Holder - 8.5x11,109.8,9,0.0,46.116,0.42,Bajo,Alta,0,2016,8,3,1766,United States,23434,FUR-FU-10001591,0,0.013333333333333334,Bajo
CA-2014-148614,2014-01-20,2014-01-25,5,Standard Class,MV-17485,Mark Van Huff,Consumer,West,California,Los Angeles,Furniture,Furnishings,"Eldon Expressions Desk Accessory, Wood Pencil Holder, Oak",19.3,2,0.0,5.79,0.3,Bajo,Media,0,2014,1,1,5738,United States,90049,FUR-FU-10003194,0,0.013333333333333334,Bajo
US-2015-138093,2015-12-10,2015-12-16,6,Standard Class,KM-16225,Kalyca Meade,Corporate,East,Maryland,Baltimore,Furniture,Chairs,Global Ergonomic Managers Chair,542.94,3,0.0,141.1644,0.2599999999999999,Bajo,Media,0,2015,12,4,5695,United States,21215,FUR-CH-10000785,0,0.013333333333333334,Bajo
CA-2017-155880,2017-03-25,2017-03-31,6,Standard Class,JD-16150,Justin Deggeller,Corporate,Central,Wisconsin,Milwaukee,Furniture,Chairs,"Lifetime Advantage Folding Chairs, 4/Carton",1526.56,7,0.0,427.4368,0.28,Bajo,Media,0,2017,3,1,2942,United States,53209,FUR-CH-10004675,0,0.013333333333333334,Bajo
CA-2015-104626,2015-09-01,2015-09-08,7,Standard Class,DR-12940,Daniel Raglin,Home Office,East,Massachusetts,Franklin,Furniture,Furnishings,Deflect-o Glass Clear Studded Chair Mats,124.36,2,0.0,27.3592,0.22,Bajo,Media,0,2015,9,3,2818,United States,2038,FUR-FU-10000308,0,0.013333333333333334,Bajo
CA-2016-157336,2016-12-01,2016-12-05,4,Second Class,SJ-20500,Shirley Jackson,Consumer,East,Connecticut,Fairfield,Furniture,Chairs,Hon Every-Day Series Multi-Task Chairs,751.92,4,0.0,150.384,0.1999999999999999,Bajo,Media,0,2016,12,4,4250,United States,6824,FUR-CH-10004997,0,0.013333333333333334,Bajo
CA-2014-110422,2014-01-21,2014-01-23,2,Second Class,TB-21400,Tom Boeckenhauer,Consumer,South,Florida,Miami,Furniture,Furnishings,Ultra Door Pull Handle,25.248,3,0.2,4.1028,0.1625,Medio,Media,0,2014,1,1,9990,United States,33180,FUR-FU-10001889,0,0.013333333333333334,Bajo
CA-2016-119641,2016-09-22,2016-09-26,4,Standard Class,CS-12250,Chris Selesnick,Corporate,Central,Wisconsin,Green Bay,Furniture,Furnishings,"DAX Two-Tone Rosewood/Black Document Frame, Desktop, 5 x 7",18.96,2,0.0,7.584,0.3999999999999999,Bajo,Alta,0,2016,9,3,9721,United States,54302,FUR-FU-10002445,0,0.013333333333333334,Bajo
CA-2014-126683,2014-09-29,2014-10-01,2,Second Class,PP-18955,Paul Prost,Home Office,West,Washington,Seattle,Furniture,Tables,"Bevis Oval Conference Table, Walnut",2348.82,9,0.0,399.2994,0.1699999999999999,Bajo,Media,0,2014,9,3,5627,United States,98115,FUR-TA-10002958,0,0.013333333333333334,Bajo
CA-2017-131492,2017-10-19,2017-10-24,5,Second Class,HH-15010,Hilary Holden,Corporate,West,California,San Francisco,Furniture,Furnishings,"Linden 10"" Round Wall Clock, Black",30.56,2,0.0,10.3904,0.34,Bajo,Alta,0,2017,10,4,3059,United States,94110,FUR-FU-10003878,0,0.013333333333333334,Bajo
CA-2014-133158,2014-08-19,2014-08-21,2,Second Class,DW-13195,David Wiener,Corporate,West,California,Los Angeles,Furniture,Furnishings,"Deflect-o EconoMat Studded, No Bevel Mat for Low Pile Carpeting",289.24,7,0.0,26.0316,0.09,Bajo,Baja,0,2014,8,3,7003,United States,90045,FUR-FU-10000723,0,0.013333333333333334,Bajo
CA-2017-118003,2017-12-04,2017-12-10,6,Standard Class,DO-13645,Doug O'Connell,Consumer,East,New Jersey,Paterson,Furniture,Chairs,Global Low Back Tilter Chair,302.94,3,0.0,18.1764,0.06,Bajo,Baja,0,2017,12,4,8521,United States,7501,FUR-CH-10004860,0,0.013333333333333334,Bajo
CA-2014-145317,2014-03-18,2014-03-23,5,Standard Class,SM-20320,Sean Miller,Home Office,South,Florida,Jacksonville,Furniture,Furnishings,"Executive Impressions 13"" Clairmont Wall Clock",30.768,2,0.2,8.0766,0.2624999999999999,Medio,Media,0,2014,3,1,2701,United States,32216,FUR-FU-10004270,0,0.013333333333333334,Bajo
CA-2017-123134,2017-05-02,2017-05-07,5,Standard Class,DW-13585,Dorothy Wardle,Corporate,East,New Jersey,Westfield,Furniture,Furnishings,Eldon Advantage Chair Mats for Low to Medium Pile Carpets,129.93,3,0.0,12.993,0.0999999999999999,Bajo,Baja,0,2017,5,2,2518,United States,7090,FUR-FU-10003975,0,0.013333333333333334,Bajo
CA-2017-124296,2017-12-24,2017-12-28,4,Standard Class,CS-12355,Christine Sundaresam,Consumer,South,Louisiana,Lafayette,Furniture,Chairs,"Iceberg Nesting Folding Chair, 19w x 6d x 43h",232.88,4,0.0,60.5488,0.26,Bajo,Media,0,2017,12,4,4031,United States,70506,FUR-CH-10002439,0,0.013333333333333334,Bajo
CA-2016-129126,2016-12-14,2016-12-19,5,Standard Class,PK-19075,Pete Kriz,Consumer,East,New York,New York City,Furniture,Furnishings,"GE 48"" Fluorescent Tube, Cool White Energy Saver, 34 Watts, 30/Box",396.92,4,0.0,198.46,0.5,Bajo,Alta,0,2016,12,4,6395,United States,10011,FUR-FU-10002937,0,0.013333333333333334,Bajo
US-2017-133361,2017-05-14,2017-05-17,3,First Class,AJ-10780,Anthony Jacobs,Corporate,East,Maryland,Baltimore,Furniture,Chairs,"Office Star - Contemporary Task Swivel chair with Loop Arms, Charcoal",261.96,2,0.0,23.5764,0.09,Bajo,Baja,0,2017,5,2,6463,United States,21215,FUR-CH-10003298,0,0.013333333333333334,Bajo
CA-2014-107916,2014-08-24,2014-08-26,2,First Class,JP-15460,Jennifer Patt,Corporate,East,New York,Oceanside,Furniture,Furnishings,G.E. Longer-Life Indoor Recessed Floodlight Bulbs,13.28,2,0.0,6.3744,0.48,Bajo,Alta,0,2014,8,3,3133,United States,11572,FUR-FU-10004586,0,0.013333333333333334,Bajo
CA-2016-145905,2016-09-18,2016-09-23,5,Standard Class,AM-10705,Anne McFarland,Consumer,South,Alabama,Auburn,Furniture,Chairs,Office Star - Professional Matrix Back Chair with 2-to-1 Synchro Tilt and Mesh Fabric Seat,350.98,1,0.0,84.2352,0.24,Bajo,Media,0,2016,9,3,2014,United States,36830,FUR-CH-10001854,0,0.013333333333333334,Bajo
CA-2014-168494,2014-12-12,2014-12-14,2,Second Class,NP-18700,Nora Preis,Consumer,West,California,Fresno,Furniture,Tables,Bretford Rectangular Conference Table Tops,3610.848,12,0.2,135.4068,0.0375,Medio,Baja,0,2014,12,4,1247,United States,93727,FUR-TA-10003473,0,0.013333333333333334,Bajo
CA-2014-130092,2014-01-11,2014-01-14,3,First Class,SV-20365,Seth Vernon,Consumer,East,Delaware,Dover,Furniture,Furnishings,"DAX Value U-Channel Document Frames, Easel Back",9.94,2,0.0,3.0814,0.31,Bajo,Alta,0,2014,1,1,717,United States,19901,FUR-FU-10000010,0,0.013333333333333334,Bajo
CA-2015-110814,2015-12-05,2015-12-09,4,Second Class,BD-11635,Brian Derr,Consumer,East,New York,New York City,Furniture,Chairs,"Global Armless Task Chair, Royal Blue",164.646,3,0.1,12.8058,0.0777777777777777,Bajo,Baja,0,2015,12,4,8402,United States,10009,FUR-CH-10003535,0,0.013333333333333334,Bajo
US-2015-103996,2015-03-29,2015-03-31,2,Second Class,RB-19435,Richard Bierner,Consumer,West,California,San Diego,Furniture,Furnishings,G.E. Longer-Life Indoor Recessed Floodlight Bulbs,19.92,3,0.0,9.5616,0.48,Bajo,Alta,0,2015,3,1,4734,United States,92105,FUR-FU-10004586,0,0.013333333333333334,Bajo
US-2014-155544,2014-03-21,2014-03-25,4,Standard Class,GM-14440,Gary McGarr,Consumer,South,Tennessee,Knoxville,Furniture,Furnishings,DAX Wood Document Frame,32.952,3,0.2,6.5904,0.2,Medio,Media,0,2014,3,1,8345,United States,37918,FUR-FU-10001473,0,0.013333333333333334,Bajo
CA-2015-108665,2015-07-06,2015-07-10,4,Standard Class,KM-16225,Kalyca Meade,Corporate,East,New York,New York City,Furniture,Furnishings,"Howard Miller 11-1/2"" Diameter Ridgewood Wall Clock",155.82,3,0.0,63.8862,0.41,Bajo,Alta,0,2015,7,3,1018,United States,10011,FUR-FU-10000965,0,0.013333333333333334,Bajo
US-2017-168613,2017-10-08,2017-10-14,6,Standard Class,GM-14440,Gary McGarr,Consumer,East,New York,New York City,Furniture,Chairs,Office Star - Ergonomically Designed Knee Chair,145.764,2,0.1,3.2392,0.0222222222222222,Bajo,Baja,0,2017,10,4,7171,United States,10009,FUR-CH-10002372,0,0.013333333333333334,Bajo
US-2014-117968,2014-08-05,2014-08-07,2,Second Class,RS-19420,Ricardo Sperren,Corporate,East,Connecticut,Meriden,Furniture,Chairs,Hon GuestStacker Chair,1133.35,5,0.0,294.671,0.26,Bajo,Media,0,2014,8,3,5867,United States,6450,FUR-CH-10002335,0,0.013333333333333334,Bajo
CA-2014-154893,2014-12-21,2014-12-27,6,Standard Class,GM-14440,Gary McGarr,Consumer,West,California,San Diego,Furniture,Chairs,Safco Contoured Stacking Chairs,572.16,3,0.2,35.76,0.0625,Medio,Baja,0,2014,12,4,5640,United States,92024,FUR-CH-10000595,0,0.01,Bajo
CA-2017-144904,2017-09-25,2017-10-01,6,Standard Class,KW-16435,Katrina Willman,Consumer,East,New York,New York City,Furniture,Chairs,Global Ergonomic Managers Chair,488.646,3,0.1,86.8704,0.1777777777777777,Bajo,Media,0,2017,9,3,363,United States,10009,FUR-CH-10000785,0,0.01,Bajo
CA-2017-115994,2017-01-28,2017-01-31,3,Second Class,BT-11305,Beth Thompson,Home Office,West,California,Costa Mesa,Furniture,Furnishings,"DAX Executive Solid Wood Document Frame, Desktop or Hang, Mahogany, 5 x 7",37.74,3,0.0,12.8316,0.3399999999999999,Bajo,Alta,0,2017,1,1,1416,United States,92627,FUR-FU-10003976,0,0.01,Bajo
CA-2014-167927,2014-01-20,2014-01-26,6,Standard Class,XP-21865,Xylona Preis,Consumer,Central,Michigan,Westland,Furniture,Furnishings,Ultra Door Push Plate,14.73,3,0.0,4.8609,0.33,Bajo,Alta,0,2014,1,1,6333,United States,48185,FUR-FU-10002268,0,0.01,Bajo
CA-2017-161956,2017-08-27,2017-08-29,2,Second Class,DR-12880,Dan Reichenbach,Corporate,West,California,Inglewood,Furniture,Furnishings,"GE 48"" Fluorescent Tube, Cool White Energy Saver, 34 Watts, 30/Box",198.46,2,0.0,99.23,0.5,Bajo,Alta,0,2017,8,3,3748,United States,90301,FUR-FU-10002937,0,0.01,Bajo
CA-2017-112956,2017-08-21,2017-08-27,6,Standard Class,TH-21550,Tracy Hopkins,Home Office,East,Maryland,Columbia,Furniture,Furnishings,"Seth Thomas 12"" Clock w/ Goldtone Case",91.92,4,0.0,31.2528,0.34,Bajo,Alta,0,2017,8,3,3606,United States,21044,FUR-FU-10004960,0,0.01,Bajo
CA-2016-137043,2016-12-23,2016-12-25,2,Second Class,LC-17140,Logan Currie,Consumer,South,Virginia,Springfield,Furniture,Furnishings,"Electrix Architect's Clamp-On Swing Arm Lamp, Black",286.38,3,0.0,83.0502,0.29,Bajo,Media,0,2016,12,4,1302,United States,22153,FUR-FU-10003664,0,0.01,Bajo
CA-2016-157259,2016-12-24,2016-12-28,4,Standard Class,JM-15535,Jessica Myrick,Consumer,East,New York,New York City,Furniture,Furnishings,Luxo Adjustable Task Clamp Lamp,799.56,9,0.0,207.8856,0.26,Bajo,Media,0,2016,12,4,6191,United States,10035,FUR-FU-10003192,0,0.01,Bajo
CA-2016-145919,2016-12-18,2016-12-23,5,Standard Class,HG-14965,Henry Goldwyn,Corporate,West,California,Los Angeles,Furniture,Furnishings,"Seth Thomas 12"" Clock w/ Goldtone Case",183.84,8,0.0,62.5056,0.34,Bajo,Alta,0,2016,12,4,1316,United States,90032,FUR-FU-10004960,0,0.01,Bajo
CA-2016-146143,2016-12-14,2016-12-19,5,Standard Class,MC-17845,Michael Chen,Consumer,South,Mississippi,Jackson,Furniture,Furnishings,"Executive Impressions 14""",133.38,6,0.0,58.6872,0.44,Bajo,Alta,0,2016,12,4,3469,United States,39212,FUR-FU-10002045,0,0.01,Bajo
CA-2014-149958,2014-03-15,2014-03-19,4,Standard Class,AS-10240,Alan Shonely,Consumer,South,Florida,Tampa,Furniture,Furnishings,"Eldon Expressions Desk Accessory, Wood Photo Frame, Mahogany",45.696,3,0.2,5.1408,0.1125,Medio,Baja,0,2014,3,1,604,United States,33614,FUR-FU-10001756,0,0.01,Bajo
CA-2017-114552,2017-09-02,2017-09-08,6,Standard Class,Dl-13600,Dorris liebe,Corporate,East,Ohio,Cleveland,Furniture,Furnishings,"Eldon 200 Class Desk Accessories, Burgundy",15.072,3,0.2,4.1448,0.275,Medio,Media,0,2017,9,3,702,United States,44105,FUR-FU-10002960,0,0.01,Bajo
CA-2017-127782,2017-11-02,2017-11-06,4,Standard Class,TH-21115,Thea Hudgings,Corporate,East,Pennsylvania,Philadelphia,Furniture,Furnishings,Eldon Image Series Black Desk Accessories,3.312,1,0.2,0.6624,0.2,Medio,Media,0,2017,11,4,5503,United States,19140,FUR-FU-10001847,0,0.01,Bajo
CA-2015-102582,2015-09-15,2015-09-19,4,Standard Class,NW-18400,Natalie Webber,Consumer,South,Alabama,Mobile,Furniture,Tables,Bretford CR8500 Series Meeting Room Furniture,801.96,2,0.0,200.49,0.25,Bajo,Media,0,2015,9,3,3817,United States,36608,FUR-TA-10003569,0,0.01,Bajo
CA-2017-136651,2017-04-23,2017-04-25,2,Second Class,JF-15355,Jay Fein,Consumer,West,California,Pasadena,Furniture,Furnishings,"DAX Two-Tone Rosewood/Black Document Frame, Desktop, 5 x 7",66.36,7,0.0,26.544,0.4,Bajo,Alta,0,2017,4,2,7241,United States,91104,FUR-FU-10002445,0,0.01,Bajo
CA-2015-125066,2015-12-14,2015-12-18,4,Standard Class,KD-16495,Keith Dawkins,Corporate,South,Mississippi,Jackson,Furniture,Furnishings,Stackable Trays,6.16,2,0.0,1.9712,0.32,Bajo,Alta,0,2015,12,4,5557,United States,39212,FUR-FU-10003829,0,0.01,Bajo
US-2016-108504,2016-02-05,2016-02-05,0,Same Day,PP-18955,Paul Prost,Home Office,South,Georgia,Smyrna,Furniture,Furnishings,"Eldon 200 Class Desk Accessories, Black",18.84,3,0.0,7.1592,0.38,Bajo,Alta,0,2016,2,1,1386,United States,30080,FUR-FU-10004091,0,0.01,Bajo
CA-2017-115602,2017-12-18,2017-12-24,6,Standard Class,DJ-13630,Doug Jacobs,Consumer,East,New York,New York City,Furniture,Chairs,Office Star - Contemporary Swivel Chair with Padded Adjustable Arms and Flex Back,1141.938,9,0.1,139.5702,0.1222222222222222,Bajo,Baja,0,2017,12,4,1250,United States,10009,FUR-CH-10001708,0,0.01,Bajo
CA-2017-141733,2017-05-07,2017-05-11,4,Standard Class,RW-19540,Rick Wilson,Corporate,Central,Michigan,Detroit,Furniture,Chairs,Hon 4070 Series Pagoda Armless Upholstered Stacking Chairs,1458.65,5,0.0,423.0085,0.29,Bajo,Media,0,2017,5,2,3828,United States,48234,FUR-CH-10004086,0,0.01,Bajo
CA-2017-118003,2017-12-04,2017-12-10,6,Standard Class,DO-13645,Doug O'Connell,Consumer,East,New Jersey,Paterson,Furniture,Chairs,"Global Value Steno Chair, Gray",182.22,3,0.0,45.555,0.25,Bajo,Media,0,2017,12,4,8520,United States,7501,FUR-CH-10003817,0,0.01,Bajo
CA-2015-107678,2015-04-21,2015-04-28,7,Standard Class,JK-16090,Juliana Krohn,Consumer,South,Kentucky,Louisville,Furniture,Furnishings,"Tenex ""The Solids"" Textured Chair Mats",209.88,3,0.0,35.6796,0.17,Bajo,Media,0,2015,4,2,6615,United States,40214,FUR-FU-10003394,0,0.01,Bajo
CA-2016-123806,2016-11-24,2016-11-27,3,Second Class,LA-16780,Laura Armstrong,Corporate,East,Maryland,Baltimore,Furniture,Furnishings,"Howard Miller 11-1/2"" Diameter Ridgewood Wall Clock",207.76,4,0.0,85.1816,0.41,Bajo,Alta,0,2016,11,4,4272,United States,21215,FUR-FU-10000965,0,0.01,Bajo
US-2017-116652,2017-09-15,2017-09-19,4,Standard Class,RD-19480,Rick Duston,Consumer,West,California,San Francisco,Furniture,Furnishings,"Tenex 46"" x 60"" Computer Anti-Static Chairmat, Rectangular Shaped",529.9,5,0.0,105.98,0.2,Bajo,Media,0,2017,9,3,6517,United States,94122,FUR-FU-10001488,0,0.01,Bajo
CA-2017-100111,2017-09-20,2017-09-26,6,Standard Class,SV-20365,Seth Vernon,Consumer,East,New York,New York City,Furniture,Chairs,Hon Valutask Swivel Chairs,272.646,3,0.1,18.1764,0.0666666666666666,Bajo,Baja,0,2017,9,3,6091,United States,10035,FUR-CH-10003846,0,0.01,Bajo
CA-2016-124016,2016-09-23,2016-09-26,3,Second Class,JS-15940,Joni Sundaresam,Home Office,East,Ohio,Lancaster,Furniture,Furnishings,"Eldon 400 Class Desk Accessories, Black Carbon",28.0,4,0.2,7.7,0.275,Medio,Media,0,2016,9,3,6054,United States,43130,FUR-FU-10004963,0,0.01,Bajo
CA-2017-118857,2017-04-15,2017-04-18,3,First Class,AH-10075,Adam Hart,Corporate,West,Nevada,Henderson,Furniture,Furnishings,"Howard Miller 12"" Round Wall Clock",196.45,5,0.0,70.722,0.36,Bajo,Alta,0,2017,4,2,1867,United States,89015,FUR-FU-10004460,0,0.01,Bajo
CA-2014-107818,2014-09-08,2014-09-14,6,Standard Class,MC-17275,Marc Crier,Consumer,West,Washington,Pasco,Furniture,Chairs,"Hon Deluxe Fabric Upholstered Stacking Chairs, Rounded Back",975.92,5,0.2,121.99,0.125,Medio,Baja,0,2014,9,3,4851,United States,99301,FUR-CH-10000454,0,0.01,Bajo
CA-2016-158841,2016-02-02,2016-02-04,2,Second Class,SE-20110,Sanjit Engle,Consumer,South,Virginia,Arlington,Furniture,Furnishings,Acrylic Self-Standing Desk Frames,18.69,7,0.0,7.1022,0.3799999999999999,Bajo,Alta,0,2016,2,1,8491,United States,22204,FUR-FU-10001731,0,0.01,Bajo
CA-2014-169460,2014-04-19,2014-04-21,2,Second Class,NF-18595,Nicole Fjeld,Home Office,West,California,San Jose,Furniture,Furnishings,"Executive Impressions 13"" Chairman Wall Clock",76.14,3,0.0,26.649,0.35,Bajo,Alta,0,2014,4,2,4570,United States,95123,FUR-FU-10004017,0,0.01,Bajo
CA-2015-141740,2015-11-01,2015-11-05,4,Standard Class,JF-15490,Jeremy Farry,Consumer,East,New York,New York City,Furniture,Chairs,Hon Comfortask Task/Swivel Chairs,205.164,2,0.1,13.6776,0.0666666666666666,Bajo,Baja,0,2015,11,4,7006,United States,10009,FUR-CH-10001545,0,0.01,Bajo
CA-2017-169978,2017-12-24,2017-12-28,4,Standard Class,HG-15025,Hunter Glantz,Consumer,East,New York,Oceanside,Furniture,Chairs,DMI Arturo Collection Mission-style Design Wood Chair,271.764,2,0.1,48.3136,0.1777777777777777,Bajo,Media,0,2017,12,4,3315,United States,11572,FUR-CH-10002602,0,0.01,Bajo
CA-2014-146969,2014-09-29,2014-10-03,4,Standard Class,AP-10915,Arthur Prichep,Consumer,West,California,Los Angeles,Furniture,Furnishings,Luxo Professional Combination Clamp-On Lamps,204.6,2,0.0,53.196,0.26,Bajo,Media,0,2014,9,3,1142,United States,90045,FUR-FU-10004188,0,0.01,Bajo
CA-2017-100111,2017-09-20,2017-09-26,6,Standard Class,SV-20365,Seth Vernon,Consumer,East,New York,New York City,Furniture,Chairs,Hon 4070 Series Pagoda Armless Upholstered Stacking Chairs,2888.127,11,0.1,609.7157,0.2111111111111111,Bajo,Media,0,2017,9,3,6100,United States,10035,FUR-CH-10004086,0,0.01,Bajo
CA-2017-104731,2017-07-21,2017-07-27,6,Standard Class,AM-10705,Anne McFarland,Consumer,South,Virginia,Salem,Furniture,Furnishings,Regeneration Desk Collection,8.8,5,0.0,3.872,0.4399999999999999,Bajo,Alta,0,2017,7,3,6586,United States,24153,FUR-FU-10003274,0,0.01,Bajo
CA-2016-116596,2016-10-27,2016-10-31,4,Standard Class,BW-11200,Ben Wallace,Consumer,East,New York,New York City,Furniture,Chairs,"Metal Folding Chairs, Beige, 4/Carton",427.644,14,0.1,80.7772,0.1888888888888888,Bajo,Media,0,2016,10,4,9533,United States,10011,FUR-CH-10000553,0,0.01,Bajo
CA-2016-115917,2016-05-20,2016-05-25,5,Standard Class,RB-19465,Rick Bensley,Home Office,West,California,Vallejo,Furniture,Furnishings,Luxo Professional Fluorescent Magnifier Lamp with Clamp-Mount Base,1049.2,5,0.0,272.792,0.2599999999999999,Bajo,Media,0,2016,5,2,639,United States,94591,FUR-FU-10000576,0,0.01,Bajo
CA-2017-116946,2017-12-19,2017-12-23,4,Standard Class,TS-21505,Tony Sayre,Consumer,West,Colorado,Parker,Furniture,Furnishings,OIC Stacking Trays,13.36,5,0.2,4.008,0.3,Medio,Media,0,2017,12,4,5472,United States,80134,FUR-FU-10000320,0,0.01,Bajo
CA-2017-142391,2017-09-24,2017-09-24,0,Same Day,PB-19150,Philip Brown,Consumer,West,Washington,Seattle,Furniture,Furnishings,12-1/2 Diameter Round Wall Clock,199.8,10,0.0,71.928,0.36,Bajo,Alta,0,2017,9,3,8485,United States,98115,FUR-FU-10002759,0,0.01,Bajo
CA-2017-112844,2017-11-13,2017-11-16,3,Second Class,SP-20620,Stefania Perrino,Corporate,East,New York,Buffalo,Furniture,Furnishings,"Deflect-o EconoMat Nonstudded, No Bevel Mat",154.95,3,0.0,30.99,0.2,Bajo,Media,0,2017,11,4,7759,United States,14215,FUR-FU-10004845,0,0.01,Bajo
CA-2017-162789,2017-09-22,2017-09-24,2,Second Class,LC-17140,Logan Currie,Consumer,East,New York,New York City,Furniture,Furnishings,Eldon 500 Class Desk Accessories,12.07,1,0.0,3.9831,0.3299999999999999,Bajo,Alta,0,2017,9,3,9409,United States,10035,FUR-FU-10004864,0,0.01,Bajo
CA-2014-149020,2014-01-10,2014-01-15,5,Standard Class,AJ-10780,Anthony Jacobs,Corporate,South,Virginia,Springfield,Furniture,Furnishings,"Howard Miller 11-1/2"" Diameter Ridgewood Wall Clock",51.94,1,0.0,21.2954,0.41,Bajo,Alta,0,2014,1,1,867,United States,22153,FUR-FU-10000965,0,0.01,Bajo
CA-2017-101014,2017-08-29,2017-09-04,6,Standard Class,RW-19540,Rick Wilson,Corporate,West,California,Los Angeles,Furniture,Furnishings,Electrix Fluorescent Magnifier Lamps & Weighted Base,148.02,3,0.0,41.4456,0.2799999999999999,Bajo,Media,0,2017,8,3,8116,United States,90049,FUR-FU-10003374,0,0.01,Bajo
CA-2016-165848,2016-06-04,2016-06-04,0,Same Day,EN-13780,Edward Nazzal,Consumer,East,New York,New York City,Furniture,Furnishings,"Linden 10"" Round Wall Clock, Black",61.12,4,0.0,20.7808,0.34,Bajo,Alta,0,2016,6,2,2605,United States,10035,FUR-FU-10003878,0,0.01,Bajo
CA-2017-123967,2017-11-01,2017-11-03,2,Second Class,SF-20200,Sarah Foster,Consumer,West,Washington,Bellingham,Furniture,Tables,Hon 94000 Series Round Tables,2665.62,9,0.0,239.9058,0.09,Bajo,Baja,0,2017,11,4,2568,United States,98226,FUR-TA-10003954,0,0.01,Bajo
CA-2017-140053,2017-07-03,2017-07-10,7,Standard Class,CA-12265,Christina Anderson,Consumer,West,New Mexico,Farmington,Furniture,Furnishings,"Tenex Traditional Chairmats for Medium Pile Carpet, Standard Lip, 36"" x 48""",545.85,9,0.0,114.6285,0.21,Bajo,Media,0,2017,7,3,2437,United States,87401,FUR-FU-10003708,0,0.01,Bajo
CA-2017-118017,2017-12-03,2017-12-06,3,Second Class,LC-16870,Lena Cacioppo,Consumer,West,Colorado,Thornton,Furniture,Furnishings,DAX Two-Tone Silver Metal Document Frame,16.192,1,0.2,4.6552,0.2875,Medio,Media,0,2017,12,4,7888,United States,80229,FUR-FU-10004053,0,0.01,Bajo
CA-2017-143063,2017-08-10,2017-08-15,5,Standard Class,IL-15100,Ivan Liston,Consumer,Central,Indiana,Columbus,Furniture,Furnishings,"Tenex Traditional Chairmats for Medium Pile Carpet, Standard Lip, 36"" x 48""",121.3,2,0.0,25.473,0.21,Bajo,Media,0,2017,8,3,2189,United States,47201,FUR-FU-10003708,0,0.01,Bajo
CA-2014-109897,2014-08-12,2014-08-16,4,Standard Class,BW-11200,Ben Wallace,Consumer,West,California,San Francisco,Furniture,Furnishings,"Seth Thomas 14"" Day/Date Wall Clock",85.44,3,0.0,31.6128,0.37,Bajo,Alta,0,2014,8,3,8245,United States,94122,FUR-FU-10002878,0,0.01,Bajo
CA-2016-118052,2016-05-06,2016-05-10,4,Standard Class,BE-11455,Brad Eason,Home Office,East,Ohio,Lorain,Furniture,Furnishings,DAX Solid Wood Frames,54.712,7,0.2,11.6263,0.2125,Medio,Media,0,2016,5,2,2382,United States,44052,FUR-FU-10004848,0,0.01,Bajo
CA-2017-111591,2017-03-21,2017-03-25,4,Standard Class,PS-18970,Paul Stevenson,Home Office,West,Washington,Seattle,Furniture,Furnishings,"Eldon Expressions Wood Desk Accessories, Oak",22.14,3,0.0,6.4206,0.29,Bajo,Media,0,2017,3,1,9364,United States,98105,FUR-FU-10002364,0,0.01,Bajo
CA-2015-114811,2015-11-08,2015-11-08,0,Same Day,KD-16495,Keith Dawkins,Corporate,East,New York,New York City,Furniture,Furnishings,Nu-Dell EZ-Mount Plastic Wall Frames,11.82,3,0.0,4.728,0.3999999999999999,Bajo,Alta,0,2015,11,4,8204,United States,10024,FUR-FU-10002240,0,0.01,Bajo
CA-2014-126403,2014-09-09,2014-09-12,3,Second Class,RR-19525,Rick Reed,Corporate,East,Massachusetts,Lowell,Furniture,Chairs,Global Italian Leather Office Chair,785.88,6,0.0,212.1876,0.27,Bajo,Media,0,2014,9,3,2672,United States,1852,FUR-CH-10003761,0,0.01,Bajo
CA-2017-112515,2017-09-17,2017-09-21,4,Second Class,AS-10225,Alan Schoenberger,Corporate,West,Utah,Provo,Furniture,Bookcases,"Global Adaptabilites Bookcase, Cherry/Storm Gray Finish",1292.94,3,0.0,77.5764,0.06,Bajo,Baja,0,2017,9,3,2655,United States,84604,FUR-BO-10003404,0,0.01,Bajo
CA-2017-108441,2017-06-12,2017-06-18,6,Standard Class,SB-20170,Sarah Bern,Consumer,East,New York,New York City,Furniture,Chairs,Safco Contoured Stacking Chairs,858.24,4,0.1,143.04,0.1666666666666666,Bajo,Media,0,2017,6,2,2641,United States,10035,FUR-CH-10000595,0,0.01,Bajo
CA-2015-121188,2015-08-28,2015-09-04,7,Standard Class,CB-12025,Cassandra Brandow,Consumer,West,California,Los Angeles,Furniture,Furnishings,Eldon Wave Desk Accessories,4.16,2,0.0,1.7472,0.42,Bajo,Alta,0,2015,8,3,8060,United States,90049,FUR-FU-10003981,0,0.01,Bajo
CA-2016-146171,2016-03-11,2016-03-15,4,Standard Class,JP-16135,Julie Prescott,Home Office,South,Georgia,Columbus,Furniture,Furnishings,"Executive Impressions 13"" Clairmont Wall Clock",76.92,4,0.0,31.5372,0.41,Bajo,Alta,0,2016,3,1,2759,United States,31907,FUR-FU-10004270,0,0.01,Bajo
CA-2016-136371,2016-03-19,2016-03-21,2,Second Class,SV-20935,Susan Vittorini,Consumer,East,New York,Oceanside,Furniture,Furnishings,"Master Caster Door Stop, Brown",20.32,4,0.0,6.9088,0.34,Bajo,Alta,0,2016,3,1,2854,United States,11572,FUR-FU-10000221,0,0.01,Bajo
CA-2014-161032,2014-11-18,2014-11-23,5,Standard Class,MK-17905,Michael Kennedy,Corporate,Central,Wisconsin,Franklin,Furniture,Chairs,Office Star - Mesh Screen back chair with Vinyl seat,392.94,3,0.0,43.2234,0.11,Bajo,Baja,0,2014,11,4,9285,United States,53132,FUR-CH-10001482,0,0.01,Bajo
CA-2017-118437,2017-06-17,2017-06-21,4,Second Class,PF-19165,Philip Fox,Consumer,West,Washington,Olympia,Furniture,Furnishings,"Howard Miller 13-3/4"" Diameter Brushed Chrome Round Wall Clock",155.25,3,0.0,46.575,0.3,Bajo,Alta,0,2017,6,2,1012,United States,98502,FUR-FU-10004848,0,0.01,Bajo
CA-2015-112571,2015-09-22,2015-09-22,0,Same Day,DL-12925,Daniel Lacy,Consumer,West,California,Oceanside,Furniture,Furnishings,Luxo Professional Combination Clamp-On Lamps,204.6,2,0.0,53.196,0.26,Bajo,Media,0,2015,9,3,960,United States,92054,FUR-FU-10004188,0,0.01,Bajo
CA-2015-106320,2015-09-25,2015-09-30,5,Standard Class,EB-13870,Emily Burns,Consumer,West,Utah,Orem,Furniture,Tables,Bretford CR4500 Series Slim Rectangular Table,1044.63,3,0.0,240.2649,0.2299999999999999,Bajo,Media,0,2015,9,3,25,United States,84057,FUR-TA-10000577,0,0.01,Bajo
CA-2014-115812,2014-06-09,2014-06-14,5,Standard Class,BH-11710,Brosina Hoffman,Consumer,West,California,Los Angeles,Furniture,Furnishings,"Eldon Expressions Wood and Plastic Desk Accessories, Cherry Wood",48.86,7,0.0,14.1694,0.29,Bajo,Media,0,2014,6,2,6,United States,90032,FUR-FU-10001487,0,0.01,Bajo
CA-2017-168193,2017-03-06,2017-03-11,5,Second Class,RM-19750,Roland Murray,Consumer,East,New York,New York City,Furniture,Furnishings,"Westinghouse Floor Lamp with Metal Mesh Shade, Black",71.97,3,0.0,16.5531,0.23,Bajo,Media,0,2017,3,1,3736,United States,10011,FUR-FU-10002554,0,0.01,Bajo
US-2015-160857,2015-05-08,2015-05-15,7,Standard Class,NW-18400,Natalie Webber,Consumer,East,New York,New York City,Furniture,Chairs,"Situations Contoured Folding Chairs, 4/Set",127.764,2,0.1,21.294,0.1666666666666666,Bajo,Media,0,2015,5,2,5710,United States,10024,FUR-CH-10002647,0,0.01,Bajo
CA-2016-149965,2016-06-20,2016-06-25,5,Standard Class,BS-11365,Bill Shonely,Corporate,Central,Oklahoma,Oklahoma City,Furniture,Furnishings,"Executive Impressions 13"" Clairmont Wall Clock",57.69,3,0.0,23.6529,0.41,Bajo,Alta,0,2016,6,2,7288,United States,73120,FUR-FU-10004270,0,0.01,Bajo
CA-2017-166198,2017-04-21,2017-04-24,3,First Class,JW-15955,Joni Wasserman,Consumer,West,Washington,Seattle,Furniture,Furnishings,Eldon Advantage Foldable Chair Mats for Low Pile Carpets,162.6,3,0.0,34.146,0.21,Bajo,Media,0,2017,4,2,3714,United States,98103,FUR-FU-10004622,0,0.01,Bajo
CA-2016-103730,2016-06-12,2016-06-15,3,First Class,SC-20725,Steven Cartwright,Consumer,East,Delaware,Wilmington,Furniture,Furnishings,Artistic Insta-Plaque,47.04,3,0.0,18.3456,0.39,Bajo,Alta,0,2016,6,2,120,United States,19805,FUR-FU-10002157,0,0.01,Bajo
CA-2016-142902,2016-09-12,2016-09-14,2,Second Class,BP-11185,Ben Peterman,Corporate,West,Colorado,Arvada,Furniture,Furnishings,C-Line Cubicle Keepers Polyproplyene Holder With Velcro Backings,15.136,4,0.2,3.5948,0.2375,Medio,Media,0,2016,9,3,310,United States,80004,FUR-FU-10001918,0,0.01,Bajo
CA-2016-152156,2016-11-08,2016-11-11,3,Second Class,CG-12520,Claire Gute,Consumer,South,Kentucky,Henderson,Furniture,Chairs,"Hon Deluxe Fabric Upholstered Stacking Chairs, Rounded Back",731.94,3,0.0,219.582,0.3,Bajo,Media,0,2016,11,4,2,United States,42420,FUR-CH-10000454,0,0.01,Bajo
US-2015-129007,2015-09-13,2015-09-15,2,First Class,KD-16615,Ken Dana,Corporate,West,California,Anaheim,Furniture,Furnishings,Eldon Econocleat Chair Mats for Low Pile Carpets,207.35,5,0.0,24.882,0.12,Bajo,Baja,0,2015,9,3,9909,United States,92804,FUR-FU-10002379,0,0.01,Bajo
US-2015-129007,2015-09-13,2015-09-15,2,First Class,KD-16615,Ken Dana,Corporate,West,California,Anaheim,Furniture,Furnishings,Flat Face Poster Frame,131.88,7,0.0,55.3896,0.42,Bajo,Alta,0,2015,9,3,9906,United States,92804,FUR-FU-10004973,0,0.006666666666666667,Bajo
CA-2016-108875,2016-09-24,2016-10-01,7,Standard Class,CL-12700,Craig Leslie,Home Office,West,Colorado,Aurora,Furniture,Furnishings,Electrix 20W Halogen Replacement Bulb for Zoom-In Desk Lamp,21.44,2,0.2,7.504,0.35,Medio,Alta,0,2016,9,3,5662,United States,80013,FUR-FU-10002671,0,0.006666666666666667,Bajo
CA-2017-143574,2017-06-29,2017-07-02,3,First Class,DR-12880,Dan Reichenbach,Corporate,East,Connecticut,Milford,Furniture,Furnishings,"DAX Executive Solid Wood Document Frame, Desktop or Hang, Mahogany, 5 x 7",25.16,2,0.0,8.5544,0.3399999999999999,Bajo,Alta,0,2017,6,2,5735,United States,6460,FUR-FU-10003976,0,0.006666666666666667,Bajo
CA-2016-134516,2016-09-20,2016-09-25,5,Standard Class,FM-14215,Filia McAdams,Corporate,South,North Carolina,Greensboro,Furniture,Furnishings,Dana Swing-Arm Lamps,17.088,2,0.2,1.068,0.0625,Medio,Baja,0,2016,9,3,5606,United States,27405,FUR-FU-10001546,0,0.006666666666666667,Bajo
US-2015-160857,2015-05-08,2015-05-15,7,Standard Class,NW-18400,Natalie Webber,Consumer,East,New York,New York City,Furniture,Furnishings,DAX Black Cherry Wood-Tone Poster Frame,79.44,3,0.0,30.1872,0.38,Bajo,Alta,0,2015,5,2,5708,United States,10024,FUR-FU-10001095,0,0.006666666666666667,Bajo
US-2017-133081,2017-03-11,2017-03-15,4,Standard Class,PV-18985,Paul Van Hugh,Home Office,East,Massachusetts,Cambridge,Furniture,Furnishings,"Executive Impressions 16-1/2"" Circular Wall Clock",26.72,1,0.0,11.7568,0.44,Bajo,Alta,0,2017,3,1,8044,United States,2138,FUR-FU-10001379,0,0.006666666666666667,Bajo
CA-2014-126760,2014-07-26,2014-08-02,7,Standard Class,KM-16720,Kunst Miller,Consumer,West,Nevada,North Las Vegas,Furniture,Furnishings,Tensor Computer Mounted Lamp,134.01,9,0.0,36.1827,0.27,Bajo,Media,0,2014,7,3,3840,United States,89031,FUR-FU-10004018,0,0.006666666666666667,Bajo
CA-2016-113656,2016-01-23,2016-01-29,6,Standard Class,CB-12415,Christy Brittain,Consumer,West,California,Los Angeles,Furniture,Furnishings,"DAX Cubicle Frames, 8-1/2 x 11",59.99,7,0.0,21.5964,0.36,Bajo,Alta,0,2016,1,1,7294,United States,90036,FUR-FU-10000719,0,0.006666666666666667,Bajo
CA-2017-100097,2017-11-26,2017-11-29,3,Second Class,MN-17935,Michael Nguyen,Consumer,East,New York,New York City,Furniture,Furnishings,"DataProducts Ampli Magnifier Task Lamp, Black,",135.3,5,0.0,37.884,0.2799999999999999,Bajo,Media,0,2017,11,4,7321,United States,10009,FUR-FU-10003623,0,0.006666666666666667,Bajo
CA-2014-144414,2014-06-17,2014-06-21,4,Standard Class,GH-14425,Gary Hwang,Consumer,West,Washington,Seattle,Furniture,Furnishings,Eldon Wave Desk Accessories,6.24,3,0.0,2.6208,0.42,Bajo,Alta,0,2014,6,2,6816,United States,98105,FUR-FU-10003981,0,0.006666666666666667,Bajo
CA-2015-136196,2015-11-28,2015-12-04,6,Standard Class,TP-21415,Tom Prescott,Consumer,East,New York,Freeport,Furniture,Furnishings,"Tenex Contemporary Contur Chairmats for Low and Medium Pile Carpet, Computer, 39"" x 49""",322.59,3,0.0,64.518,0.2,Bajo,Media,0,2015,11,4,4147,United States,11520,FUR-FU-10004017,0,0.006666666666666667,Bajo
CA-2017-137428,2017-12-16,2017-12-21,5,Second Class,AY-10555,Andy Yotov,Corporate,West,California,Oceanside,Furniture,Furnishings,"DAX Two-Tone Rosewood/Black Document Frame, Desktop, 5 x 7",18.96,2,0.0,7.584,0.3999999999999999,Bajo,Alta,0,2017,12,4,2966,United States,92054,FUR-FU-10002445,0,0.006666666666666667,Bajo
CA-2016-130799,2016-11-11,2016-11-16,5,Second Class,BK-11260,Berenike Kampe,Consumer,West,California,San Francisco,Furniture,Furnishings,"Eldon Regeneration Recycled Desk Accessories, Smoke",6.96,4,0.0,2.2272,0.32,Bajo,Alta,0,2016,11,4,2884,United States,94110,FUR-FU-10001852,0,0.006666666666666667,Bajo
US-2017-162558,2017-10-02,2017-10-05,3,First Class,Dp-13240,Dean percer,Home Office,South,Tennessee,Knoxville,Furniture,Furnishings,Eldon 500 Class Desk Accessories,9.656,1,0.2,1.5691,0.1624999999999999,Medio,Media,0,2017,10,4,5318,United States,37918,FUR-FU-10004864,0,0.006666666666666667,Bajo
CA-2014-166744,2014-09-20,2014-09-24,4,Standard Class,DN-13690,Duane Noonan,Consumer,East,Maryland,Columbia,Furniture,Furnishings,"C-Line Cubicle Keepers Polyproplyene Holder w/Velcro Back, 8-1/2x11, 25/Bx",164.22,3,0.0,50.9082,0.31,Bajo,Alta,0,2014,9,3,5237,United States,21044,FUR-FU-10004952,0,0.006666666666666667,Bajo
US-2014-155502,2014-01-26,2014-01-31,5,Standard Class,SD-20485,Shirley Daniels,Home Office,South,Virginia,Alexandria,Furniture,Furnishings,"GE General Use Halogen Bulbs, 100 Watts, 1 Bulb per Pack",62.82,3,0.0,30.7818,0.49,Bajo,Alta,0,2014,1,1,2579,United States,22304,FUR-FU-10004587,0,0.006666666666666667,Bajo
CA-2014-158540,2014-11-24,2014-11-26,2,First Class,VG-21790,Vivek Gonzalez,Consumer,West,California,San Diego,Furniture,Furnishings,"Eldon Delta Triangular Chair Mat, 52"" x 58"", Clear",151.72,4,0.0,27.3096,0.18,Bajo,Media,0,2014,11,4,1011,United States,92037,FUR-FU-10001602,0,0.006666666666666667,Bajo
CA-2015-162537,2015-10-28,2015-11-03,6,Standard Class,RD-19585,Rob Dowd,Consumer,South,Kentucky,Henderson,Furniture,Furnishings,C-Line Cubicle Keepers Polyproplyene Holder With Velcro Backings,33.11,7,0.0,12.9129,0.39,Bajo,Alta,0,2015,10,4,1000,United States,42420,FUR-FU-10001918,0,0.006666666666666667,Bajo
CA-2015-121965,2015-06-19,2015-06-23,4,Standard Class,LH-17155,Logan Haushalter,Consumer,West,California,Los Angeles,Furniture,Furnishings,Eldon 200 Class Desk Accessories,12.56,2,0.0,4.0192,0.3199999999999999,Bajo,Alta,0,2015,6,2,4449,United States,90032,FUR-FU-10000732,0,0.006666666666666667,Bajo
US-2016-147711,2016-09-03,2016-09-08,5,Second Class,HF-14995,Herbert Flentye,Consumer,East,Maryland,Baltimore,Furniture,Furnishings,"Eldon Expressions Wood Desk Accessories, Oak",14.76,2,0.0,4.2804,0.29,Bajo,Media,0,2016,9,3,6780,United States,21215,FUR-FU-10002364,0,0.006666666666666667,Bajo
CA-2014-162278,2014-10-26,2014-10-30,4,Second Class,AH-10585,Angele Hood,Consumer,West,Washington,Seattle,Furniture,Furnishings,Tenex Chairmats For Use With Carpeted Floors,63.92,4,0.0,3.196,0.05,Bajo,Baja,0,2014,10,4,4305,United States,98105,FUR-FU-10000448,0,0.006666666666666667,Bajo
CA-2017-131807,2017-10-05,2017-10-10,5,Standard Class,GG-14650,Greg Guthrie,Corporate,West,California,Chico,Furniture,Furnishings,DAX Clear Channel Poster Frame,72.9,5,0.0,26.973,0.3699999999999999,Bajo,Alta,0,2017,10,4,7959,United States,95928,FUR-FU-10004666,0,0.006666666666666667,Bajo
CA-2015-139850,2015-06-12,2015-06-17,5,Standard Class,GB-14575,Giulietta Baptist,Consumer,East,Pennsylvania,Philadelphia,Furniture,Furnishings,"DataProducts Ampli Magnifier Task Lamp, Black,",43.296,2,0.2,4.3296,0.1,Medio,Baja,0,2015,6,2,2981,United States,19134,FUR-FU-10003623,0,0.006666666666666667,Bajo
CA-2016-128818,2016-05-07,2016-05-11,4,Standard Class,CJ-12010,Caroline Jumper,Consumer,East,New York,New York City,Furniture,Furnishings,Staple-based wall hangings,63.68,8,0.0,28.0192,0.44,Bajo,Alta,0,2016,5,2,2185,United States,10009,FUR-FU-10001940,0,0.006666666666666667,Bajo
CA-2014-157721,2014-09-02,2014-09-05,3,First Class,JM-16195,Justin MacKendrick,Consumer,East,New York,Watertown,Furniture,Furnishings,"Tenex Carpeted, Granite-Look or Clear Contemporary Contour Shape Chair Mats",70.71,1,0.0,4.9497,0.07,Bajo,Baja,0,2014,9,3,2926,United States,13601,FUR-FU-10002116,0,0.006666666666666667,Bajo
CA-2016-131205,2016-09-04,2016-09-08,4,Standard Class,AA-10645,Anna Andreadi,Consumer,South,Kentucky,Georgetown,Furniture,Furnishings,Coloredge Poster Frame,42.6,3,0.0,16.614,0.39,Bajo,Alta,0,2016,9,3,6037,United States,40324,FUR-FU-10003347,0,0.006666666666666667,Bajo
CA-2016-134334,2016-02-14,2016-02-15,1,First Class,DK-13090,Dave Kipp,Consumer,East,Maryland,Clinton,Furniture,Furnishings,Regeneration Desk Collection,10.56,6,0.0,4.6464,0.4399999999999999,Bajo,Alta,0,2016,2,1,7814,United States,20735,FUR-FU-10003274,0,0.006666666666666667,Bajo
CA-2014-143637,2014-03-24,2014-03-29,5,Second Class,MS-17710,Maurice Satty,Consumer,West,California,Fresno,Furniture,Furnishings,"DAX Contemporary Wood Frame with Silver Metal Mat, Desktop, 11 x 14 Size",40.48,2,0.0,14.5728,0.36,Bajo,Alta,0,2014,3,1,7802,United States,93727,FUR-FU-10002813,0,0.006666666666666667,Bajo
CA-2017-127929,2017-12-23,2017-12-27,4,Standard Class,FM-14215,Filia McAdams,Corporate,East,Connecticut,Middletown,Furniture,Furnishings,"Tenex Traditional Chairmats for Medium Pile Carpet, Standard Lip, 36"" x 48""",181.95,3,0.0,38.2095,0.21,Bajo,Media,0,2017,12,4,2295,United States,6457,FUR-FU-10003708,0,0.006666666666666667,Bajo
CA-2015-135510,2015-09-05,2015-09-12,7,Standard Class,TW-21025,Tamara Willingham,Home Office,South,Virginia,Charlottesville,Furniture,Furnishings,Tensor Brushed Steel Torchiere Floor Lamp,67.96,4,0.0,12.2328,0.18,Bajo,Media,0,2015,9,3,6674,United States,22901,FUR-FU-10000820,0,0.006666666666666667,Bajo
CA-2016-138079,2016-01-22,2016-01-28,6,Standard Class,AJ-10795,Anthony Johnson,Corporate,West,Washington,Seattle,Furniture,Furnishings,"Contract Clock, 14"", Brown",109.9,5,0.0,37.366,0.3399999999999999,Bajo,Alta,0,2016,1,1,2694,United States,98115,FUR-FU-10001475,0,0.006666666666666667,Bajo
CA-2016-120355,2016-09-18,2016-09-25,7,Standard Class,MM-17260,Magdelene Morse,Consumer,East,New York,New Rochelle,Furniture,Chairs,Global Leather Executive Chair,631.782,2,0.1,140.396,0.2222222222222221,Bajo,Media,0,2016,9,3,4347,United States,10801,FUR-CH-10001394,0,0.006666666666666667,Bajo
CA-2017-129805,2017-12-28,2018-01-02,5,Standard Class,HM-14860,Harry Marie,Corporate,West,Washington,Seattle,Furniture,Furnishings,3M Hangers With Command Adhesive,7.4,2,0.0,3.034,0.41,Bajo,Alta,0,2017,12,4,2432,United States,98103,FUR-FU-10001935,0,0.006666666666666667,Bajo
CA-2017-137876,2017-04-30,2017-05-05,5,Standard Class,DJ-13510,Don Jones,Corporate,West,California,San Francisco,Furniture,Furnishings,"Seth Thomas 16"" Steel Case Clock",64.96,2,0.0,21.4368,0.33,Bajo,Alta,0,2017,4,2,5314,United States,94110,FUR-FU-10000222,0,0.006666666666666667,Bajo
CA-2014-143917,2014-07-25,2014-07-27,2,Second Class,KL-16645,Ken Lonsdale,Consumer,West,California,San Francisco,Furniture,Furnishings,Staple-based wall hangings,77.92,8,0.0,34.2848,0.4399999999999999,Bajo,Alta,0,2014,7,3,2507,United States,94122,FUR-FU-10004351,0,0.006666666666666667,Bajo
CA-2016-123274,2016-02-19,2016-02-24,5,Standard Class,GT-14710,Greg Tran,Consumer,East,New York,New York City,Furniture,Furnishings,"Executive Impressions 14"" Contract Wall Clock",44.46,2,0.0,14.6718,0.3299999999999999,Bajo,Alta,0,2016,2,1,854,United States,10035,FUR-FU-10004090,0,0.006666666666666667,Bajo
CA-2017-108791,2017-07-27,2017-07-31,4,Standard Class,TM-21490,Tony Molinari,Consumer,East,New York,Yonkers,Furniture,Furnishings,Tensor Computer Mounted Lamp,14.89,1,0.0,4.0203,0.2699999999999999,Bajo,Media,0,2017,7,3,5297,United States,10701,FUR-FU-10004018,0,0.006666666666666667,Bajo
CA-2014-116190,2014-07-26,2014-08-01,6,Standard Class,SG-20470,Sheri Gordon,Consumer,South,Georgia,Atlanta,Furniture,Furnishings,"DAX Cubicle Frames, 8-1/2 x 11",25.71,3,0.0,9.2556,0.36,Bajo,Alta,0,2014,7,3,7343,United States,30318,FUR-FU-10000719,0,0.006666666666666667,Bajo
CA-2015-100146,2015-05-14,2015-05-19,5,Standard Class,CB-12535,Claudia Bergmann,Corporate,West,California,Camarillo,Furniture,Furnishings,Dana Halogen Swing-Arm Architect Lamp,122.91,3,0.0,34.4148,0.28,Bajo,Media,0,2015,5,2,7405,United States,93010,FUR-FU-10001979,0,0.006666666666666667,Bajo
CA-2017-101805,2017-12-01,2017-12-06,5,Standard Class,SH-19975,Sally Hughsby,Corporate,West,Washington,Seattle,Furniture,Furnishings,Eldon Wave Desk Accessories,70.68,12,0.0,31.0992,0.4399999999999999,Bajo,Alta,0,2017,12,4,8871,United States,98105,FUR-FU-10000023,0,0.006666666666666667,Bajo
CA-2016-145709,2016-10-04,2016-10-08,4,Standard Class,AH-10690,Anna Hberlin,Corporate,South,Florida,Coral Gables,Furniture,Furnishings,Magna Visual Magnetic Picture Hangers,11.568,3,0.2,2.6028,0.2249999999999999,Medio,Media,0,2016,10,4,8923,United States,33134,FUR-FU-10002885,0,0.006666666666666667,Bajo
CA-2017-143567,2017-11-02,2017-11-05,3,Second Class,TB-21175,Thomas Boland,Corporate,South,Kentucky,Henderson,Furniture,Chairs,"Hon Deluxe Fabric Upholstered Stacking Chairs, Rounded Back",975.92,4,0.0,292.776,0.3,Bajo,Alta,0,2017,11,4,4881,United States,42420,FUR-CH-10000454,0,0.006666666666666667,Bajo
CA-2016-110975,2016-12-25,2016-12-30,5,Standard Class,DB-12970,Darren Budd,Corporate,East,New York,New York City,Furniture,Chairs,Hon 4070 Series Pagoda Round Back Stacking Chairs,866.646,3,0.1,173.3292,0.1999999999999999,Bajo,Media,0,2016,12,4,7397,United States,10024,FUR-CH-10003746,0,0.006666666666666667,Bajo
CA-2015-151680,2015-11-19,2015-11-21,2,Second Class,TC-21475,Tony Chapman,Home Office,West,Washington,Seattle,Furniture,Furnishings,"Tenex V2T-RE Standard Weight Series Chair Mat, 45"" x 53"", Lip 25"" x 12""",141.96,2,0.0,22.7136,0.1599999999999999,Bajo,Media,0,2015,11,4,3698,United States,98115,FUR-FU-10000305,0,0.006666666666666667,Bajo
CA-2017-119809,2017-08-18,2017-08-25,7,Standard Class,YS-21880,Yana Sorensen,Corporate,West,Washington,Seattle,Furniture,Furnishings,"Contract Clock, 14"", Brown",65.94,3,0.0,22.4196,0.34,Bajo,Alta,0,2017,8,3,6212,United States,98103,FUR-FU-10001475,0,0.006666666666666667,Bajo
CA-2015-120439,2015-06-14,2015-06-18,4,Standard Class,AD-10180,Alan Dominguez,Home Office,East,Pennsylvania,Philadelphia,Furniture,Furnishings,"Eldon Expressions Punched Metal & Wood Desk Accessories, Pewter & Cherry",51.072,6,0.2,5.1072,0.0999999999999999,Medio,Baja,0,2015,6,2,1327,United States,19120,FUR-FU-10001867,0,0.006666666666666667,Bajo
US-2016-153815,2016-11-06,2016-11-09,3,First Class,KL-16555,Kelly Lampkin,Corporate,South,Florida,Jacksonville,Furniture,Furnishings,"Executive Impressions 14"" Contract Wall Clock",35.568,2,0.2,5.7798,0.1625,Medio,Media,0,2016,11,4,4973,United States,32216,FUR-FU-10004090,0,0.006666666666666667,Bajo
CA-2014-160262,2014-06-09,2014-06-13,4,Second Class,TS-21205,Thomas Seio,Corporate,West,Nevada,North Las Vegas,Furniture,Furnishings,"Executive Impressions 13-1/2"" Indoor/Outdoor Wall Clock",37.4,2,0.0,14.212,0.38,Bajo,Alta,0,2014,6,2,4957,United States,89031,FUR-FU-10002685,0,0.006666666666666667,Bajo
CA-2015-151624,2015-09-08,2015-09-14,6,Standard Class,VW-21775,Victoria Wilson,Corporate,South,Alabama,Montgomery,Furniture,Furnishings,Acrylic Self-Standing Desk Frames,21.36,8,0.0,8.1168,0.38,Bajo,Alta,0,2015,9,3,6255,United States,36116,FUR-FU-10001731,0,0.006666666666666667,Bajo
CA-2016-113082,2016-09-12,2016-09-16,4,Standard Class,MC-17590,Matt Collister,Corporate,East,New York,Utica,Furniture,Furnishings,"DAX Contemporary Wood Frame with Silver Metal Mat, Desktop, 11 x 14 Size",40.48,2,0.0,14.5728,0.36,Bajo,Alta,0,2016,9,3,8807,United States,13501,FUR-FU-10002813,0,0.006666666666666667,Bajo
CA-2016-157280,2016-11-05,2016-11-07,2,First Class,LW-17125,Liz Willingham,Consumer,South,Virginia,Virginia Beach,Furniture,Furnishings,"3M Polarizing Task Lamp with Clamp Arm, Light Gray",273.96,2,0.0,71.2296,0.26,Bajo,Media,0,2016,11,4,8963,United States,23464,FUR-FU-10004665,0,0.006666666666666667,Bajo
CA-2017-100524,2017-03-31,2017-04-02,2,Second Class,CM-12115,Chad McGuire,Consumer,East,New York,New York City,Furniture,Furnishings,Tensor Computer Mounted Lamp,29.78,2,0.0,8.0406,0.2699999999999999,Bajo,Media,0,2017,3,1,1338,United States,10011,FUR-FU-10004018,0,0.006666666666666667,Bajo
CA-2015-145324,2015-11-15,2015-11-19,4,Standard Class,DH-13675,Duane Huffman,Home Office,South,Virginia,Harrisonburg,Furniture,Furnishings,12-1/2 Diameter Round Wall Clock,39.96,2,0.0,14.3856,0.36,Bajo,Alta,0,2015,11,4,8832,United States,22801,FUR-FU-10002759,0,0.006666666666666667,Bajo
CA-2015-122973,2015-07-18,2015-07-20,2,Second Class,PJ-19015,Pauline Johnson,Consumer,East,New York,New York City,Furniture,Furnishings,"Eldon Expressions Wood Desk Accessories, Oak",7.38,1,0.0,2.1402,0.29,Bajo,Media,0,2015,7,3,9805,United States,10024,FUR-FU-10002364,0,0.006666666666666667,Bajo
US-2015-123960,2015-06-11,2015-06-16,5,Standard Class,BD-11605,Brian Dahlen,Consumer,South,Louisiana,Monroe,Furniture,Furnishings,DAX Clear Channel Poster Frame,29.16,2,0.0,10.7892,0.37,Bajo,Alta,0,2015,6,2,3039,United States,71203,FUR-FU-10004666,0,0.006666666666666667,Bajo
CA-2015-120103,2015-12-24,2015-12-29,5,Standard Class,MS-17365,Maribeth Schnelling,Consumer,West,Arizona,Phoenix,Furniture,Furnishings,Magna Visual Magnetic Picture Hangers,7.712,2,0.2,1.7352,0.225,Medio,Media,0,2015,12,4,2082,United States,85023,FUR-FU-10002885,0,0.006666666666666667,Bajo
CA-2015-141768,2015-05-25,2015-05-27,2,Second Class,NP-18685,Nora Pelletier,Home Office,West,California,San Francisco,Furniture,Furnishings,Ultra Door Push Plate,14.73,3,0.0,4.8609,0.33,Bajo,Alta,0,2015,5,2,1937,United States,94109,FUR-FU-10002268,0,0.006666666666666667,Bajo
US-2017-148054,2017-10-06,2017-10-11,5,Standard Class,NZ-18565,Nick Zandusky,Home Office,West,Idaho,Meridian,Furniture,Furnishings,36X48 HARDFLOOR CHAIRMAT,41.96,2,0.0,2.9372,0.0699999999999999,Bajo,Baja,0,2017,10,4,3051,United States,83642,FUR-FU-10003247,0,0.006666666666666667,Bajo
US-2015-136749,2015-12-25,2015-12-27,2,Second Class,LH-16900,Lena Hernandez,Consumer,South,Georgia,Columbus,Furniture,Furnishings,Tenex B1-RE Series Chair Mats for Low Pile Carpets,275.88,6,0.0,46.8996,0.17,Bajo,Media,0,2015,12,4,7155,United States,31907,FUR-FU-10000747,0,0.006666666666666667,Bajo
CA-2014-122217,2014-11-24,2014-11-29,5,Standard Class,HP-14815,Harold Pawlan,Home Office,South,Virginia,Virginia Beach,Furniture,Furnishings,"Executive Impressions 14""",111.15,5,0.0,48.906,0.4399999999999999,Bajo,Alta,0,2014,11,4,7143,United States,23464,FUR-FU-10002045,0,0.006666666666666667,Bajo
CA-2017-100111,2017-09-20,2017-09-26,6,Standard Class,SV-20365,Seth Vernon,Consumer,East,New York,New York City,Furniture,Chairs,Global Troy Executive Leather Low-Back Tilter,2254.41,5,0.1,375.735,0.1666666666666666,Bajo,Media,0,2017,9,3,6102,United States,10035,FUR-CH-10001215,0,0.006666666666666667,Bajo
CA-2017-103443,2017-12-17,2017-12-23,6,Standard Class,AT-10735,Annie Thurman,Consumer,East,New York,New York City,Furniture,Furnishings,Deflect-o Glass Clear Studded Chair Mats,124.36,2,0.0,27.3592,0.22,Bajo,Media,0,2017,12,4,7042,United States,10009,FUR-FU-10000308,0,0.006666666666666667,Bajo
US-2016-100839,2016-10-13,2016-10-17,4,Standard Class,NC-18625,Noah Childs,Corporate,West,Colorado,Aurora,Furniture,Furnishings,"Executive Impressions 8-1/2"" Career Panel/Partition Cubicle Clock",24.96,3,0.2,4.368,0.175,Medio,Media,0,2016,10,4,1865,United States,80013,FUR-FU-10001617,0,0.006666666666666667,Bajo
CA-2014-100706,2014-12-16,2014-12-18,2,Second Class,LE-16810,Laurel Elliston,Consumer,South,Virginia,Springfield,Furniture,Furnishings,Ultra Door Push Plate,29.46,6,0.0,9.7218,0.33,Bajo,Alta,0,2014,12,4,9021,United States,22153,FUR-FU-10002268,0,0.006666666666666667,Bajo
CA-2016-163804,2016-12-02,2016-12-08,6,Standard Class,DB-13270,Deborah Brumfield,Home Office,East,Rhode Island,Providence,Furniture,Furnishings,Eldon 500 Class Desk Accessories,72.42,6,0.0,23.8986,0.3299999999999999,Bajo,Alta,0,2016,12,4,6470,United States,2908,FUR-FU-10004864,0,0.006666666666666667,Bajo
US-2015-138121,2015-12-17,2015-12-17,0,Same Day,JL-15835,John Lee,Consumer,Central,Michigan,Detroit,Furniture,Chairs,Hon Valutask Swivel Chairs,302.94,3,0.0,48.4704,0.16,Bajo,Media,0,2015,12,4,4696,United States,48205,FUR-CH-10003846,0,0.006666666666666667,Bajo
CA-2016-141887,2016-01-11,2016-01-15,4,Standard Class,MP-17470,Mark Packer,Home Office,East,Ohio,Columbus,Furniture,Furnishings,Ultra Door Push Plate,54.992,14,0.2,8.9362,0.1625,Medio,Media,0,2016,1,1,8522,United States,43229,FUR-FU-10002268,0,0.006666666666666667,Bajo
CA-2014-158372,2014-11-10,2014-11-16,6,Standard Class,RD-19900,Ruben Dartt,Consumer,West,California,San Diego,Furniture,Furnishings,"Eldon Expressions Punched Metal & Wood Desk Accessories, Pewter & Cherry",53.2,5,0.0,14.896,0.28,Bajo,Media,0,2014,11,4,3207,United States,92037,FUR-FU-10001867,0,0.006666666666666667,Bajo
CA-2017-131625,2017-09-01,2017-09-05,4,Second Class,BN-11515,Bradley Nguyen,Consumer,East,New York,New York City,Furniture,Furnishings,"Seth Thomas 12"" Clock w/ Goldtone Case",114.9,5,0.0,39.066,0.34,Bajo,Alta,0,2017,9,3,3231,United States,10009,FUR-FU-10004960,0,0.006666666666666667,Bajo
CA-2016-158694,2016-11-10,2016-11-13,3,Second Class,AI-10855,Arianne Irving,Consumer,West,California,Los Angeles,Furniture,Furnishings,"Howard Miller 11-1/2"" Diameter Ridgewood Wall Clock",467.46,9,0.0,191.6586,0.41,Bajo,Alta,0,2016,11,4,5044,United States,90036,FUR-FU-10000965,0,0.006666666666666667,Bajo
CA-2015-136798,2015-05-08,2015-05-12,4,Standard Class,DL-12925,Daniel Lacy,Consumer,Central,Minnesota,Minneapolis,Furniture,Furnishings,"Deflect-o EconoMat Studded, No Bevel Mat for Low Pile Carpeting",123.96,3,0.0,11.1564,0.09,Bajo,Baja,0,2015,5,2,5064,United States,55407,FUR-FU-10000723,0,0.006666666666666667,Bajo
CA-2017-146626,2017-12-29,2018-01-05,7,Standard Class,BP-11185,Ben Peterman,Corporate,West,California,Anaheim,Furniture,Furnishings,Nu-Dell Executive Frame,101.12,8,0.0,37.4144,0.37,Bajo,Alta,0,2017,12,4,5132,United States,92804,FUR-FU-10002501,0,0.006666666666666667,Bajo
CA-2017-151281,2017-04-27,2017-05-02,5,Standard Class,HM-14980,Henry MacAllister,Consumer,West,Washington,Seattle,Furniture,Furnishings,Luxo Economy Swing Arm Lamp,139.58,7,0.0,39.0824,0.2799999999999999,Bajo,Media,0,2017,4,2,8638,United States,98105,FUR-FU-10000397,0,0.006666666666666667,Bajo
CA-2014-106264,2014-12-26,2014-12-30,4,Standard Class,CK-12595,Clytie Kelty,Consumer,West,California,San Diego,Furniture,Furnishings,"Eldon Regeneration Recycled Desk Accessories, Smoke",3.48,2,0.0,1.1136,0.32,Bajo,Alta,0,2014,12,4,3294,United States,92024,FUR-FU-10001852,0,0.006666666666666667,Bajo
CA-2017-163020,2017-09-15,2017-09-19,4,Standard Class,MO-17800,Meg O'Connel,Home Office,East,New York,New York City,Furniture,Furnishings,"Master Caster Door Stop, Brown",35.56,7,0.0,12.0904,0.34,Bajo,Alta,0,2017,9,3,627,United States,10009,FUR-FU-10000221,0,0.006666666666666667,Bajo
US-2017-158526,2017-12-29,2018-01-01,3,Second Class,KH-16360,Katherine Hughes,Consumer,South,Kentucky,Louisville,Furniture,Chairs,DMI Arturo Collection Mission-style Design Wood Chair,1207.84,8,0.0,314.0384,0.26,Bajo,Media,0,2017,12,4,7633,United States,40214,FUR-CH-10002602,0,0.006666666666666667,Bajo
CA-2016-120250,2016-09-19,2016-09-22,3,First Class,AP-10720,Anne Pryor,Home Office,East,Pennsylvania,Philadelphia,Furniture,Furnishings,Nu-Dell Oak Frame,25.632,3,0.2,3.8448,0.15,Medio,Baja,0,2016,9,3,4582,United States,19140,FUR-FU-10003424,0,0.006666666666666667,Bajo
CA-2014-101462,2014-04-20,2014-04-25,5,Standard Class,BP-11230,Benjamin Patterson,Consumer,West,California,Los Angeles,Furniture,Furnishings,"GE 4 Foot Flourescent Tube, 40 Watt",59.92,4,0.0,27.5632,0.4599999999999999,Bajo,Alta,0,2014,4,2,6850,United States,90045,FUR-FU-10000409,0,0.006666666666666667,Bajo
CA-2017-140480,2017-07-08,2017-07-12,4,Standard Class,HE-14800,Harold Engle,Corporate,East,Delaware,Newark,Furniture,Furnishings,36X48 HARDFLOOR CHAIRMAT,83.92,4,0.0,5.8744,0.0699999999999999,Bajo,Baja,0,2017,7,3,8405,United States,19711,FUR-FU-10003247,0,0.006666666666666667,Bajo
CA-2017-164756,2017-09-18,2017-09-22,4,Standard Class,SS-20140,Saphhira Shifley,Corporate,South,Georgia,Columbus,Furniture,Furnishings,"Master Caster Door Stop, Gray",20.32,4,0.0,6.9088,0.34,Bajo,Alta,0,2017,9,3,6894,United States,31907,FUR-FU-10002963,0,0.006666666666666667,Bajo
CA-2014-122588,2014-11-25,2014-11-27,2,Second Class,AR-10540,Andy Reiter,Consumer,East,Rhode Island,Woonsocket,Furniture,Furnishings,DAX Black Cherry Wood-Tone Poster Frame,52.96,2,0.0,20.1248,0.38,Bajo,Alta,0,2014,11,4,3990,United States,2895,FUR-FU-10001095,0,0.006666666666666667,Bajo
CA-2016-158435,2016-05-17,2016-05-18,1,First Class,AG-10900,Arthur Gainer,Consumer,East,Connecticut,Waterbury,Furniture,Furnishings,Eldon Advantage Chair Mats for Low to Medium Pile Carpets,173.24,4,0.0,17.324,0.1,Bajo,Baja,0,2016,5,2,4707,United States,6708,FUR-FU-10003975,0,0.006666666666666667,Bajo
CA-2014-151967,2014-10-22,2014-10-26,4,Standard Class,NB-18580,Nicole Brennan,Corporate,South,Louisiana,Bossier City,Furniture,Furnishings,Tenex Chairmats For Use with Hard Floors,129.92,4,0.0,10.3936,0.08,Bajo,Baja,0,2014,10,4,7665,United States,71111,FUR-FU-10000193,0,0.006666666666666667,Bajo
CA-2015-134859,2015-10-04,2015-10-09,5,Standard Class,JK-16120,Julie Kriz,Home Office,East,Pennsylvania,Philadelphia,Furniture,Furnishings,"DataProducts Ampli Magnifier Task Lamp, Black,",64.944,3,0.2,6.4944,0.0999999999999999,Medio,Baja,0,2015,10,4,2128,United States,19134,FUR-FU-10003623,0,0.006666666666666667,Bajo
CA-2016-163776,2016-07-19,2016-07-25,6,Standard Class,JS-16030,Joy Smith,Consumer,South,Mississippi,Hattiesburg,Furniture,Furnishings,"Advantus Employee of the Month Certificate Frame, 11 x 13-1/2",185.58,6,0.0,76.0878,0.41,Bajo,Alta,0,2016,7,3,5985,United States,39401,FUR-FU-10001185,0,0.006666666666666667,Bajo
CA-2015-155334,2015-07-30,2015-07-31,1,First Class,HA-14920,Helen Andreada,Consumer,West,California,San Francisco,Furniture,Furnishings,Regeneration Desk Collection,5.28,3,0.0,2.3232,0.4399999999999999,Bajo,Alta,0,2015,7,3,273,United States,94109,FUR-FU-10003274,0,0.006666666666666667,Bajo
CA-2016-158155,2016-05-02,2016-05-06,4,Standard Class,EH-13765,Edward Hooks,Corporate,East,New York,New York City,Furniture,Furnishings,"Howard Miller 13"" Diameter Pewter Finish Round Wall Clock",214.7,5,0.0,83.733,0.39,Bajo,Alta,0,2016,5,2,9854,United States,10009,FUR-FU-10002253,0,0.006666666666666667,Bajo
CA-2016-127985,2016-04-01,2016-04-05,4,Second Class,DB-12910,Daniel Byrd,Home Office,South,Georgia,Columbus,Furniture,Furnishings,Regeneration Desk Collection,7.04,4,0.0,3.0976,0.44,Bajo,Alta,0,2016,4,2,5643,United States,31907,FUR-FU-10003274,0,0.006666666666666667,Bajo
CA-2016-165995,2016-08-30,2016-09-06,7,Standard Class,BG-11740,Bruce Geld,Consumer,West,California,Los Angeles,Furniture,Furnishings,"Executive Impressions 10"" Spectator Wall Clock",47.04,4,0.0,15.9936,0.34,Bajo,Alta,0,2016,8,3,6337,United States,90008,FUR-FU-10000672,0,0.006666666666666667,Bajo
CA-2016-130638,2016-05-16,2016-05-19,3,Second Class,SC-20095,Sanjit Chand,Consumer,West,California,Los Angeles,Furniture,Furnishings,"Tenex Carpeted, Granite-Look or Clear Contemporary Contour Shape Chair Mats",282.84,4,0.0,19.7988,0.07,Bajo,Baja,0,2016,5,2,9610,United States,90045,FUR-FU-10002116,0,0.006666666666666667,Bajo
US-2017-147886,2017-03-28,2017-03-31,3,First Class,DH-13075,Dave Hallsten,Corporate,West,California,Fairfield,Furniture,Furnishings,Stackable Trays,21.56,7,0.0,6.8992,0.32,Bajo,Alta,0,2017,3,1,5746,United States,94533,FUR-FU-10003829,0,0.006666666666666667,Bajo
CA-2015-144722,2015-03-16,2015-03-23,7,Standard Class,MF-18250,Monica Federle,Corporate,West,California,Los Angeles,Furniture,Furnishings,"Howard Miller 11-1/2"" Diameter Brentwood Wall Clock",43.13,1,0.0,18.1146,0.42,Bajo,Alta,0,2015,3,1,4795,United States,90036,FUR-FU-10001215,0,0.006666666666666667,Bajo
CA-2015-104346,2015-12-11,2015-12-16,5,Standard Class,IM-15070,Irene Maddox,Consumer,West,Colorado,Colorado Springs,Furniture,Furnishings,"Master Caster Door Stop, Large Neon Orange",52.416,9,0.2,15.0696,0.2875,Medio,Media,0,2015,12,4,4789,United States,80906,FUR-FU-10002456,0,0.006666666666666667,Bajo
CA-2017-126634,2017-03-30,2017-04-01,2,Second Class,AB-10165,Alan Barnes,Consumer,West,California,Lakewood,Furniture,Furnishings,Flat Face Poster Frame,94.2,5,0.0,39.564,0.42,Bajo,Alta,0,2017,3,1,8665,United States,90712,FUR-FU-10004973,0,0.006666666666666667,Bajo
CA-2014-122882,2014-09-07,2014-09-13,6,Standard Class,SB-20290,Sean Braxton,Corporate,East,Pennsylvania,Philadelphia,Furniture,Furnishings,DAX Natural Wood-Tone Poster Frame,42.368,2,0.2,8.4736,0.1999999999999999,Medio,Media,0,2014,9,3,1681,United States,19134,FUR-FU-10000758,0,0.006666666666666667,Bajo
CA-2016-160745,2016-12-11,2016-12-16,5,Second Class,AR-10825,Anthony Rawles,Corporate,West,Washington,Vancouver,Furniture,Furnishings,3M Hangers With Command Adhesive,14.8,4,0.0,6.068,0.41,Bajo,Alta,0,2016,12,4,649,United States,98661,FUR-FU-10001935,0,0.006666666666666667,Bajo
CA-2016-163755,2016-11-04,2016-11-08,4,Second Class,AS-10285,Alejandro Savely,Corporate,West,Washington,Seattle,Furniture,Furnishings,"Tenex ""The Solids"" Textured Chair Mats",209.88,3,0.0,35.6796,0.17,Bajo,Media,0,2016,11,4,703,United States,98103,FUR-FU-10003394,0,0.006666666666666667,Bajo
CA-2015-108672,2015-09-10,2015-09-16,6,Standard Class,FA-14230,Frank Atkinson,Corporate,West,California,Los Angeles,Furniture,Furnishings,"Seth Thomas 13 1/2"" Wall Clock",106.68,6,0.0,33.0708,0.3099999999999999,Bajo,Alta,0,2015,9,3,7491,United States,90032,FUR-FU-10003799,0,0.006666666666666667,Bajo
CA-2014-124023,2014-04-07,2014-04-10,3,First Class,PJ-19015,Pauline Johnson,Consumer,South,Alabama,Mobile,Furniture,Furnishings,"Stacking Tray, Side-Loading, Legal, Smoke",8.96,2,0.0,2.7776,0.31,Bajo,Alta,0,2014,4,2,3482,United States,36608,FUR-FU-10004415,0,0.006666666666666667,Bajo
CA-2014-103989,2014-03-19,2014-03-21,2,First Class,MC-17605,Matt Connell,Corporate,South,Florida,Lakeland,Furniture,Furnishings,Eldon Wave Desk Accessories,4.992,3,0.2,1.3728,0.275,Medio,Media,0,2014,3,1,6165,United States,33801,FUR-FU-10003981,0,0.006666666666666667,Bajo
CA-2014-103989,2014-03-19,2014-03-21,2,First Class,MC-17605,Matt Connell,Corporate,South,Florida,Lakeland,Furniture,Furnishings,Document Clip Frames,20.016,3,0.2,5.5044,0.275,Medio,Media,0,2014,3,1,6166,United States,33801,FUR-FU-10002508,0,0.006666666666666667,Bajo
CA-2017-169327,2017-09-02,2017-09-04,2,Second Class,MH-17290,Marc Harrigan,Home Office,West,California,Los Angeles,Furniture,Furnishings,Luxo Professional Combination Clamp-On Lamps,511.5,5,0.0,132.99,0.26,Bajo,Media,0,2017,9,3,9848,United States,90008,FUR-FU-10004188,0,0.006666666666666667,Bajo
CA-2014-104472,2014-06-02,2014-06-07,5,Standard Class,CK-12325,Christine Kargatis,Home Office,West,Utah,Orem,Furniture,Furnishings,Aluminum Document Frame,73.32,6,0.0,21.996,0.3,Bajo,Media,0,2014,6,2,720,United States,84057,FUR-FU-10000246,0,0.0033333333333333335,Bajo
CA-2016-153598,2016-12-03,2016-12-06,3,First Class,NM-18520,Neoma Murray,Consumer,West,California,Los Angeles,Furniture,Furnishings,3M Polarizing Light Filter Sleeves,111.9,6,0.0,51.474,0.4599999999999999,Bajo,Alta,0,2016,12,4,5427,United States,90045,FUR-FU-10001085,0,0.0033333333333333335,Bajo
CA-2014-163552,2014-07-11,2014-07-15,4,Standard Class,LA-16780,Laura Armstrong,Corporate,East,New Jersey,Hackensack,Furniture,Furnishings,9-3/4 Diameter Round Wall Clock,124.11,9,0.0,52.1262,0.42,Bajo,Alta,0,2014,7,3,1032,United States,7601,FUR-FU-10000629,0,0.0033333333333333335,Bajo
CA-2014-102652,2014-04-06,2014-04-12,6,Standard Class,AY-10555,Andy Yotov,Corporate,West,California,Los Angeles,Furniture,Furnishings,Tenex B1-RE Series Chair Mats for Low Pile Carpets,91.96,2,0.0,15.6332,0.17,Bajo,Media,0,2014,4,2,6016,United States,90049,FUR-FU-10000747,0,0.0033333333333333335,Bajo
CA-2017-107244,2017-09-07,2017-09-11,4,Standard Class,AG-10390,Allen Goldenen,Consumer,West,California,Los Angeles,Furniture,Furnishings,"C-Line Magnetic Cubicle Keepers, Clear Polypropylene",19.76,4,0.0,8.2992,0.42,Bajo,Alta,0,2017,9,3,6005,United States,90004,FUR-FU-10002597,0,0.0033333333333333335,Bajo
CA-2017-124436,2017-03-19,2017-03-22,3,Second Class,SA-20830,Sue Ann Reed,Consumer,West,California,Fresno,Furniture,Furnishings,"Advantus Employee of the Month Certificate Frame, 11 x 13-1/2",30.93,1,0.0,12.6813,0.41,Bajo,Alta,0,2017,3,1,5232,United States,93727,FUR-FU-10001185,0,0.0033333333333333335,Bajo
CA-2014-102652,2014-04-06,2014-04-12,6,Standard Class,AY-10555,Andy Yotov,Corporate,West,California,Los Angeles,Furniture,Furnishings,C-Line Cubicle Keepers Polyproplyene Holder With Velcro Backings,33.11,7,0.0,12.9129,0.39,Bajo,Alta,0,2014,4,2,6017,United States,90049,FUR-FU-10001918,0,0.0033333333333333335,Bajo
US-2015-158911,2015-07-05,2015-07-11,6,Standard Class,RS-19765,Roland Schwarz,Corporate,South,North Carolina,Charlotte,Furniture,Furnishings,Stackable Trays,4.928,2,0.2,0.7392,0.15,Medio,Baja,0,2015,7,3,8298,United States,28205,FUR-FU-10003829,0,0.0033333333333333335,Bajo
CA-2014-107454,2014-11-02,2014-11-06,4,Standard Class,RD-19720,Roger Demir,Consumer,East,New York,New York City,Furniture,Furnishings,Tensor Computer Mounted Lamp,89.34,6,0.0,24.1218,0.27,Bajo,Media,0,2014,11,4,4525,United States,10024,FUR-FU-10004018,0,0.0033333333333333335,Bajo
CA-2017-118017,2017-12-03,2017-12-06,3,Second Class,LC-16870,Lena Cacioppo,Consumer,West,Colorado,Thornton,Furniture,Furnishings,"Eldon Image Series Desk Accessories, Burgundy",16.72,5,0.2,3.344,0.2,Medio,Media,0,2017,12,4,7887,United States,80229,FUR-FU-10004270,0,0.0033333333333333335,Bajo
CA-2015-138002,2015-09-06,2015-09-12,6,Standard Class,BT-11305,Beth Thompson,Home Office,West,Washington,Seattle,Furniture,Furnishings,"Howard Miller 16"" Diameter Gallery Wall Clock",191.82,3,0.0,74.8098,0.39,Bajo,Alta,0,2015,9,3,2204,United States,98103,FUR-FU-10004748,0,0.0033333333333333335,Bajo
CA-2017-118017,2017-12-03,2017-12-06,3,Second Class,LC-16870,Lena Cacioppo,Consumer,West,Colorado,Thornton,Furniture,Furnishings,Staple-based wall hangings,23.376,3,0.2,7.0128,0.3,Medio,Media,0,2017,12,4,7886,United States,80229,FUR-FU-10004351,0,0.0033333333333333335,Bajo
CA-2015-123568,2015-11-08,2015-11-14,6,Standard Class,SC-20095,Sanjit Chand,Consumer,West,Utah,West Jordan,Furniture,Furnishings,"Executive Impressions 14"" Contract Wall Clock",66.69,3,0.0,22.0077,0.33,Bajo,Alta,0,2015,11,4,3022,United States,84084,FUR-FU-10004090,0,0.0033333333333333335,Bajo
CA-2016-124772,2016-12-05,2016-12-06,1,First Class,JG-15160,James Galang,Consumer,South,Kentucky,Murray,Furniture,Furnishings,"Howard Miller 16"" Diameter Gallery Wall Clock",191.82,3,0.0,74.8098,0.39,Bajo,Alta,0,2016,12,4,3009,United States,42071,FUR-FU-10004748,0,0.0033333333333333335,Bajo
CA-2017-143329,2017-11-03,2017-11-08,5,Standard Class,DL-13330,Denise Leinenbach,Consumer,West,New Mexico,Las Cruces,Furniture,Furnishings,9-3/4 Diameter Round Wall Clock,41.37,3,0.0,17.3754,0.42,Bajo,Alta,0,2017,11,4,2803,United States,88001,FUR-FU-10000629,0,0.0033333333333333335,Bajo
CA-2017-124205,2017-09-15,2017-09-19,4,Standard Class,TC-21145,Theresa Coyne,Corporate,East,New Jersey,Lakewood,Furniture,Furnishings,"DAX Two-Tone Rosewood/Black Document Frame, Desktop, 5 x 7",47.4,5,0.0,18.96,0.4,Bajo,Alta,0,2017,9,3,6756,United States,8701,FUR-FU-10002445,0,0.0033333333333333335,Bajo
CA-2016-162348,2016-11-10,2016-11-15,5,Standard Class,BF-11170,Ben Ferrer,Home Office,West,California,Sacramento,Furniture,Furnishings,"Eldon Expressions Wood and Plastic Desk Accessories, Oak",9.98,1,0.0,2.7944,0.2799999999999999,Bajo,Media,0,2016,11,4,6792,United States,95823,FUR-FU-10003731,0,0.0033333333333333335,Bajo
CA-2016-100510,2016-05-12,2016-05-17,5,Standard Class,HM-14860,Harry Marie,Corporate,East,New York,New York City,Furniture,Furnishings,OIC Stacking Trays,10.02,3,0.0,4.4088,0.44,Bajo,Alta,0,2016,5,2,9272,United States,10024,FUR-FU-10000320,0,0.0033333333333333335,Bajo
CA-2014-125759,2014-02-08,2014-02-09,1,First Class,NM-18445,Nathan Mautz,Home Office,West,Nevada,North Las Vegas,Furniture,Furnishings,"Master Caster Door Stop, Large Brown",14.56,2,0.0,5.5328,0.38,Bajo,Alta,0,2014,2,1,9267,United States,89031,FUR-FU-10002111,0,0.0033333333333333335,Bajo
CA-2017-140088,2017-05-28,2017-05-30,2,Second Class,PO-18865,Patrick O'Donnell,Consumer,South,South Carolina,Columbia,Furniture,Chairs,Novimex Swivel Fabric Task Chair,301.96,2,0.0,33.2156,0.11,Bajo,Baja,0,2017,5,2,86,United States,29203,FUR-CH-10000863,0,0.0033333333333333335,Bajo
CA-2016-169824,2016-12-12,2016-12-17,5,Standard Class,NS-18640,Noel Staavos,Corporate,East,New York,New York City,Furniture,Furnishings,Eldon 500 Class Desk Accessories,60.35,5,0.0,19.9155,0.33,Bajo,Alta,0,2016,12,4,9939,United States,10009,FUR-FU-10004864,0,0.0033333333333333335,Bajo
CA-2016-146374,2016-12-05,2016-12-10,5,Second Class,HE-14800,Harold Engle,Corporate,East,Delaware,Newark,Furniture,Furnishings,Electrix 20W Halogen Replacement Bulb for Zoom-In Desk Lamp,13.4,1,0.0,6.432,0.48,Bajo,Alta,0,2016,12,4,9965,United States,19711,FUR-FU-10002671,0,0.0033333333333333335,Bajo
CA-2017-122770,2017-12-13,2017-12-18,5,Standard Class,EP-13915,Emily Phan,Consumer,West,California,San Francisco,Furniture,Furnishings,"Eldon Executive Woodline II Desk Accessories, Mahogany",201.04,8,0.0,54.2808,0.27,Bajo,Media,0,2017,12,4,9684,United States,94122,FUR-FU-10001473,0,0.0033333333333333335,Bajo
CA-2016-151155,2016-12-20,2016-12-24,4,Standard Class,AB-10255,Alejandro Ballentine,Home Office,South,Mississippi,Jackson,Furniture,Furnishings,C-Line Cubicle Keepers Polyproplyene Holder With Velcro Backings,18.92,4,0.0,7.3788,0.3899999999999999,Bajo,Alta,0,2016,12,4,3721,United States,39212,FUR-FU-10001918,0,0.0033333333333333335,Bajo
CA-2014-126683,2014-09-29,2014-10-01,2,Second Class,PP-18955,Paul Prost,Home Office,West,Washington,Seattle,Furniture,Furnishings,Longer-Life Soft White Bulbs,6.16,2,0.0,2.9568,0.48,Bajo,Alta,0,2014,9,3,5626,United States,98115,FUR-FU-10001706,0,0.0033333333333333335,Bajo
CA-2017-155705,2017-08-21,2017-08-23,2,Second Class,NF-18385,Natalie Fritzler,Consumer,South,Mississippi,Jackson,Furniture,Chairs,Hon Multipurpose Stacking Arm Chairs,866.4,4,0.0,225.264,0.26,Bajo,Media,0,2017,8,3,425,United States,39212,FUR-CH-10000015,0,0.0033333333333333335,Bajo
CA-2014-116673,2014-12-15,2014-12-19,4,Second Class,JO-15280,Jas O'Carroll,Consumer,West,California,San Diego,Furniture,Furnishings,Stackable Trays,6.16,2,0.0,1.9712,0.32,Bajo,Alta,0,2014,12,4,5584,United States,92037,FUR-FU-10003829,0,0.0033333333333333335,Bajo
CA-2014-149244,2014-11-04,2014-11-08,4,Standard Class,MS-17530,MaryBeth Skach,Consumer,West,California,San Diego,Furniture,Furnishings,"Executive Impressions 12"" Wall Clock",35.34,2,0.0,13.4292,0.3799999999999999,Bajo,Alta,0,2014,11,4,2743,United States,92037,FUR-FU-10004671,0,0.0033333333333333335,Bajo
CA-2015-132465,2015-09-11,2015-09-15,4,Second Class,DM-13525,Don Miller,Corporate,East,New York,New York City,Furniture,Furnishings,Deflect-o DuraMat Antistatic Studded Beveled Mat for Medium Pile Carpeting,210.68,2,0.0,50.5632,0.24,Bajo,Media,0,2015,9,3,8026,United States,10035,FUR-FU-10000277,0,0.0033333333333333335,Bajo
CA-2014-113383,2014-09-10,2014-09-13,3,First Class,SF-20065,Sandra Flanagan,Consumer,East,New Jersey,Clifton,Furniture,Furnishings,"Dana Fluorescent Magnifying Lamp, White, 36""",254.9,5,0.0,76.47,0.3,Bajo,Media,0,2014,9,3,7983,United States,7011,FUR-FU-10001986,0,0.0033333333333333335,Bajo
CA-2016-136371,2016-03-19,2016-03-21,2,Second Class,SV-20935,Susan Vittorini,Consumer,East,New York,Oceanside,Furniture,Furnishings,"GE 4 Foot Flourescent Tube, 40 Watt",14.98,1,0.0,6.8908,0.4599999999999999,Bajo,Alta,0,2016,3,1,2853,United States,11572,FUR-FU-10000409,0,0.0033333333333333335,Bajo
CA-2015-154795,2015-12-20,2015-12-24,4,Standard Class,GZ-14470,Gary Zandusky,Consumer,West,Arizona,Bullhead City,Furniture,Furnishings,Nu-Dell Float Frame 11 x 14 1/2,14.368,2,0.2,3.9512,0.275,Medio,Media,0,2015,12,4,4337,United States,86442,FUR-FU-10002088,0,0.0033333333333333335,Bajo
US-2017-155866,2017-11-17,2017-11-21,4,Standard Class,CC-12370,Christopher Conant,Consumer,East,New York,New York City,Furniture,Furnishings,"Howard Miller 13"" Diameter Goldtone Round Wall Clock",187.76,4,0.0,76.9816,0.41,Bajo,Alta,0,2017,11,4,8192,United States,10011,FUR-FU-10004091,0,0.0033333333333333335,Bajo
CA-2015-102778,2015-11-21,2015-11-24,3,First Class,JH-15820,John Huston,Consumer,South,North Carolina,Monroe,Furniture,Furnishings,"Executive Impressions 14"" Two-Color Numerals Wall Clock",18.176,1,0.2,4.7712,0.2625,Medio,Media,0,2015,11,4,9286,United States,28110,FUR-FU-10000087,0,0.0033333333333333335,Bajo
US-2017-108343,2017-07-20,2017-07-25,5,Standard Class,AR-10825,Anthony Rawles,Corporate,East,New York,New York City,Furniture,Furnishings,Tenex B1-RE Series Chair Mats for Low Pile Carpets,183.92,4,0.0,31.2664,0.17,Bajo,Media,0,2017,7,3,9321,United States,10009,FUR-FU-10000747,0,0.0033333333333333335,Bajo
US-2015-160563,2015-10-20,2015-10-24,4,Standard Class,NS-18640,Noel Staavos,Corporate,West,California,San Francisco,Furniture,Furnishings,Acrylic Self-Standing Desk Frames,16.02,6,0.0,6.0876,0.38,Bajo,Alta,0,2015,10,4,8069,United States,94109,FUR-FU-10001731,0,0.0033333333333333335,Bajo
US-2017-130687,2017-09-07,2017-09-10,3,First Class,PF-19225,Phillip Flathmann,Consumer,West,Washington,Edmonds,Furniture,Furnishings,DAX Two-Tone Silver Metal Document Frame,80.96,4,0.0,34.8128,0.43,Bajo,Alta,0,2017,9,3,9327,United States,98026,FUR-FU-10004053,0,0.0033333333333333335,Bajo
CA-2016-168893,2016-11-03,2016-11-08,5,Second Class,AP-10915,Arthur Prichep,Consumer,South,Kentucky,Henderson,Furniture,Furnishings,Magna Visual Magnetic Picture Hangers,24.1,5,0.0,9.158,0.3799999999999999,Bajo,Alta,0,2016,11,4,4433,United States,42420,FUR-FU-10002885,0,0.0033333333333333335,Bajo
CA-2017-133046,2017-07-27,2017-08-01,5,Second Class,DK-13375,Dennis Kane,Consumer,West,Washington,Seattle,Furniture,Furnishings,Staple-based wall hangings,23.88,3,0.0,10.5072,0.44,Bajo,Alta,0,2017,7,3,8094,United States,98115,FUR-FU-10001940,0,0.0033333333333333335,Bajo
US-2017-136189,2017-12-07,2017-12-11,4,Standard Class,DC-13285,Debra Catini,Consumer,South,Virginia,Richmond,Furniture,Furnishings,DAX Wood Document Frame.,82.38,6,0.0,25.5378,0.31,Bajo,Alta,0,2017,12,4,4319,United States,23223,FUR-FU-10000175,0,0.0033333333333333335,Bajo
CA-2017-139913,2017-10-23,2017-10-29,6,Standard Class,JC-16105,Julie Creighton,Corporate,East,New York,Rochester,Furniture,Furnishings,"Eldon 200 Class Desk Accessories, Smoke",69.08,11,0.0,29.0136,0.42,Bajo,Alta,0,2017,10,4,2895,United States,14609,FUR-FU-10000771,0,0.0033333333333333335,Bajo
CA-2017-131695,2017-06-30,2017-07-06,6,Standard Class,RA-19285,Ralph Arnett,Consumer,East,New York,New York City,Furniture,Furnishings,"Executive Impressions 14""",22.23,1,0.0,9.7812,0.44,Bajo,Alta,0,2017,6,2,2588,United States,10024,FUR-FU-10002045,0,0.0033333333333333335,Bajo
CA-2017-125913,2017-01-16,2017-01-16,0,Same Day,JO-15145,Jack O'Briant,Corporate,West,California,Los Angeles,Furniture,Furnishings,"Eldon Expressions Wood and Plastic Desk Accessories, Cherry Wood",27.92,4,0.0,8.0968,0.29,Bajo,Media,0,2017,1,1,5272,United States,90008,FUR-FU-10001487,0,0.0033333333333333335,Bajo
CA-2017-144484,2017-09-11,2017-09-11,0,Same Day,CB-12025,Cassandra Brandow,Consumer,West,California,San Francisco,Furniture,Furnishings,"6"" Cubicle Wall Clock, Black",32.36,4,0.0,11.6496,0.36,Bajo,Alta,0,2017,9,3,5270,United States,94110,FUR-FU-10000260,0,0.0033333333333333335,Bajo
CA-2015-121797,2015-01-30,2015-02-06,7,Standard Class,CC-12145,Charles Crestani,Consumer,West,California,Los Angeles,Furniture,Furnishings,"Computer Room Manger, 14""",227.36,7,0.0,81.8496,0.3599999999999999,Bajo,Alta,0,2015,1,1,2709,United States,90049,FUR-FU-10001876,0,0.0033333333333333335,Bajo
CA-2017-142643,2017-10-15,2017-10-20,5,Standard Class,DL-13495,Dionis Lloyd,Corporate,West,California,Thousand Oaks,Furniture,Furnishings,"Executive Impressions 14"" Two-Color Numerals Wall Clock",22.72,1,0.0,9.3152,0.41,Bajo,Alta,0,2017,10,4,6837,United States,91360,FUR-FU-10000087,0,0.0033333333333333335,Bajo
US-2017-162558,2017-10-02,2017-10-05,3,First Class,Dp-13240,Dean percer,Home Office,South,Tennessee,Knoxville,Furniture,Furnishings,"Eldon Expressions Wood Desk Accessories, Oak",11.808,2,0.2,1.3284,0.1125,Medio,Baja,0,2017,10,4,5317,United States,37918,FUR-FU-10002364,0,0.0033333333333333335,Bajo
CA-2015-127824,2015-10-18,2015-10-22,4,Standard Class,JC-15775,John Castell,Consumer,West,Washington,Seattle,Furniture,Furnishings,Eldon 100 Class Desk Accessories,10.11,3,0.0,3.2352,0.32,Bajo,Alta,0,2015,10,4,9417,United States,98115,FUR-FU-10002505,0,0.0033333333333333335,Bajo
CA-2016-154711,2016-11-22,2016-11-26,4,Standard Class,TB-21355,Todd Boyes,Corporate,East,New York,New York City,Furniture,Furnishings,Luxo Economy Swing Arm Lamp,39.88,2,0.0,11.1664,0.2799999999999999,Bajo,Media,0,2016,11,4,1288,United States,10009,FUR-FU-10000397,0,0.0033333333333333335,Bajo
CA-2017-154123,2017-11-20,2017-11-25,5,Standard Class,SC-20050,Sample Company A,Home Office,South,Kentucky,Henderson,Furniture,Furnishings,9-3/4 Diameter Round Wall Clock,27.58,2,0.0,11.5836,0.42,Bajo,Alta,0,2017,11,4,4841,United States,42420,FUR-FU-10000629,0,0.0033333333333333335,Bajo
US-2016-116442,2016-12-15,2016-12-22,7,Standard Class,BP-11230,Benjamin Patterson,Consumer,West,California,Los Angeles,Furniture,Furnishings,"Eldon Expressions Wood Desk Accessories, Oak",14.76,2,0.0,4.2804,0.29,Bajo,Media,0,2016,12,4,6378,United States,90004,FUR-FU-10002364,0,0.0033333333333333335,Bajo
CA-2017-161200,2017-08-06,2017-08-10,4,Second Class,SV-20365,Seth Vernon,Consumer,South,Louisiana,Lafayette,Furniture,Furnishings,Longer-Life Soft White Bulbs,15.4,5,0.0,7.392,0.48,Bajo,Alta,0,2017,8,3,1934,United States,70506,FUR-FU-10001706,0,0.0033333333333333335,Bajo
CA-2015-126725,2015-11-17,2015-11-21,4,Standard Class,BS-11665,Brian Stugart,Consumer,West,California,San Diego,Furniture,Furnishings,Advantus Panel Wall Certificate Holder - 8.5x11,36.6,3,0.0,15.372,0.42,Bajo,Alta,0,2015,11,4,5848,United States,92105,FUR-FU-10001591,0,0.0033333333333333335,Bajo
US-2014-147627,2014-01-20,2014-01-26,6,Standard Class,HL-15040,Hunter Lopez,Consumer,South,Arkansas,Jonesboro,Furniture,Furnishings,"Eldon Expressions Desk Accessory, Wood Pencil Holder, Oak",38.6,4,0.0,11.58,0.3,Bajo,Media,0,2014,1,1,1124,United States,72401,FUR-FU-10003194,0,0.0033333333333333335,Bajo
CA-2015-149097,2015-10-20,2015-10-24,4,Standard Class,SV-20785,Stewart Visinsky,Consumer,West,California,Los Angeles,Furniture,Furnishings,Nu-Dell Oak Frame,74.76,7,0.0,23.9232,0.32,Bajo,Alta,0,2015,10,4,9058,United States,90045,FUR-FU-10003424,0,0.0033333333333333335,Bajo
US-2017-107888,2017-11-16,2017-11-19,3,First Class,CC-12220,Chris Cortes,Consumer,West,Washington,Seattle,Furniture,Furnishings,"Tenex ""The Solids"" Textured Chair Mats",139.92,2,0.0,23.7864,0.17,Bajo,Media,0,2017,11,4,6542,United States,98103,FUR-FU-10003394,0,0.0033333333333333335,Bajo
CA-2017-168396,2017-08-03,2017-08-08,5,Second Class,BD-11725,Bruce Degenhardt,Consumer,West,California,San Francisco,Furniture,Furnishings,"Deflect-o EconoMat Studded, No Bevel Mat for Low Pile Carpeting",123.96,3,0.0,11.1564,0.09,Bajo,Baja,0,2017,8,3,4633,United States,94122,FUR-FU-10000723,0,0.0033333333333333335,Bajo
US-2017-109610,2017-11-25,2017-11-30,5,Second Class,BS-11590,Brendan Sweed,Corporate,South,Kentucky,Louisville,Furniture,Chairs,Office Star - Professional Matrix Back Chair with 2-to-1 Synchro Tilt and Mesh Fabric Seat,701.96,2,0.0,168.4704,0.24,Bajo,Media,0,2017,11,4,9463,United States,40214,FUR-CH-10001854,0,0.0033333333333333335,Bajo
CA-2014-164721,2014-11-25,2014-11-27,2,Second Class,LW-16825,Laurel Workman,Corporate,West,California,Brentwood,Furniture,Furnishings,Staple-based wall hangings,23.88,3,0.0,10.5072,0.44,Bajo,Alta,0,2014,11,4,1985,United States,94513,FUR-FU-10001940,0,0.0033333333333333335,Bajo
US-2015-115238,2015-04-30,2015-05-04,4,Standard Class,JW-15220,Jane Waco,Corporate,East,Massachusetts,Lawrence,Furniture,Furnishings,"DAX Two-Tone Rosewood/Black Document Frame, Desktop, 5 x 7",9.48,1,0.0,3.792,0.3999999999999999,Bajo,Alta,0,2015,4,2,8348,United States,1841,FUR-FU-10002445,0,0.0033333333333333335,Bajo
US-2014-114188,2014-05-20,2014-05-22,2,Second Class,RF-19345,Randy Ferguson,Corporate,East,New Hampshire,Dover,Furniture,Furnishings,24-Hour Round Wall Clock,139.86,7,0.0,60.1398,0.4299999999999999,Bajo,Alta,0,2014,5,2,2132,United States,3820,FUR-FU-10000076,0,0.0033333333333333335,Bajo
CA-2017-156776,2017-08-07,2017-08-11,4,Standard Class,JL-15505,Jeremy Lonsdale,Consumer,West,California,Westminster,Furniture,Furnishings,"Howard Miller 13-3/4"" Diameter Brushed Chrome Round Wall Clock",51.75,1,0.0,15.525,0.3,Bajo,Media,0,2017,8,3,9185,United States,92683,FUR-FU-10004848,0,0.0033333333333333335,Bajo
CA-2015-114300,2015-10-13,2015-10-17,4,Standard Class,AF-10885,Art Foster,Consumer,South,Kentucky,Louisville,Furniture,Chairs,Global Deluxe Office Fabric Chairs,287.94,3,0.0,77.7438,0.2699999999999999,Bajo,Media,0,2015,10,4,848,United States,40214,FUR-CH-10001891,0,0.0033333333333333335,Bajo
US-2017-135503,2017-12-10,2017-12-15,5,Standard Class,JE-16165,Justin Ellison,Corporate,South,South Carolina,North Charleston,Furniture,Furnishings,"Eldon Expressions Wood Desk Accessories, Oak",14.76,2,0.0,4.2804,0.29,Bajo,Media,0,2017,12,4,6909,United States,29406,FUR-FU-10002364,0,0.0033333333333333335,Bajo
CA-2016-163937,2016-01-10,2016-01-13,3,Second Class,JB-16000,Joy Bell-,Consumer,West,Washington,Longview,Furniture,Furnishings,"DAX Value U-Channel Document Frames, Easel Back",24.85,5,0.0,7.7035,0.31,Bajo,Alta,0,2016,1,1,6970,United States,98632,FUR-FU-10000010,0,0.0033333333333333335,Bajo
CA-2015-130974,2015-11-27,2015-11-29,2,Second Class,MA-17560,Matt Abelman,Home Office,East,Massachusetts,Everett,Furniture,Furnishings,"Tensor ""Hersey Kiss"" Styled Floor Lamp",38.97,3,0.0,4.6764,0.12,Bajo,Baja,0,2015,11,4,7673,United States,2149,FUR-FU-10002506,0,0.0033333333333333335,Bajo
CA-2014-136399,2014-12-16,2014-12-17,1,First Class,CC-12100,Chad Cunningham,Home Office,West,California,Los Angeles,Furniture,Furnishings,"Executive Impressions 14"" Contract Wall Clock",44.46,2,0.0,14.6718,0.3299999999999999,Bajo,Alta,0,2014,12,4,3129,United States,90049,FUR-FU-10004090,0,0.0033333333333333335,Bajo
CA-2014-130449,2014-09-06,2014-09-09,3,First Class,VP-21760,Victoria Pisteka,Corporate,West,California,San Francisco,Furniture,Furnishings,"Eldon Expressions Wood and Plastic Desk Accessories, Cherry Wood",41.88,6,0.0,12.1452,0.29,Bajo,Media,0,2014,9,3,6623,United States,94109,FUR-FU-10001487,0,0.0033333333333333335,Bajo
CA-2017-150091,2017-10-12,2017-10-16,4,Standard Class,NP-18670,Nora Paige,Consumer,East,New Jersey,Lakewood,Furniture,Furnishings,DAX Two-Tone Silver Metal Document Frame,40.48,2,0.0,17.4064,0.43,Bajo,Alta,0,2017,10,4,8424,United States,8701,FUR-FU-10004053,0,0.0033333333333333335,Bajo
CA-2015-142237,2015-07-11,2015-07-13,2,First Class,CK-12595,Clytie Kelty,Consumer,East,Pennsylvania,Philadelphia,Furniture,Furnishings,"Master Big Foot Doorstop, Beige",25.344,6,0.2,3.4848,0.1374999999999999,Medio,Baja,0,2015,7,3,2054,United States,19134,FUR-FU-10003142,0,0.0033333333333333335,Bajo
CA-2014-131051,2014-12-01,2014-12-05,4,Standard Class,TR-21325,Toby Ritter,Consumer,West,California,San Francisco,Furniture,Furnishings,"Floodlight Indoor Halogen Bulbs, 1 Bulb per Pack, 60 Watts",58.2,3,0.0,28.518,0.49,Bajo,Alta,0,2014,12,4,2076,United States,94122,FUR-FU-10001861,0,0.0033333333333333335,Bajo
US-2017-163790,2017-11-02,2017-11-04,2,Second Class,NL-18310,Nancy Lomonaco,Home Office,West,California,Danville,Furniture,Furnishings,Document Clip Frames,25.02,3,0.0,10.5084,0.42,Bajo,Alta,0,2017,11,4,4589,United States,94526,FUR-FU-10002508,0,0.0033333333333333335,Bajo
CA-2014-141607,2014-12-12,2014-12-17,5,Standard Class,WB-21850,William Brown,Consumer,West,California,Concord,Furniture,Furnishings,Eldon Advantage Chair Mats for Low to Medium Pile Carpets,43.31,1,0.0,4.331,0.1,Bajo,Baja,0,2014,12,4,2149,United States,94521,FUR-FU-10003975,0,0.0033333333333333335,Bajo
CA-2017-140480,2017-07-08,2017-07-12,4,Standard Class,HE-14800,Harold Engle,Corporate,East,Delaware,Newark,Furniture,Furnishings,Tensor Track Tree Floor Lamp,39.98,2,0.0,9.1954,0.23,Bajo,Media,0,2017,7,3,8407,United States,19711,FUR-FU-10001057,0,0.0033333333333333335,Bajo
US-2017-158526,2017-12-29,2018-01-01,3,Second Class,KH-16360,Katherine Hughes,Consumer,South,Kentucky,Louisville,Furniture,Chairs,Harbour Creations Steel Folding Chair,258.75,3,0.0,77.625,0.3,Bajo,Media,0,2017,12,4,7637,United States,40214,FUR-CH-10001270,0,0.0033333333333333335,Bajo
US-2017-158526,2017-12-29,2018-01-01,3,Second Class,KH-16360,Katherine Hughes,Consumer,South,Kentucky,Louisville,Furniture,Chairs,"Global Leather and Oak Executive Chair, Black",300.98,1,0.0,87.2842,0.29,Bajo,Media,0,2017,12,4,7636,United States,40214,FUR-CH-10004495,0,0.0033333333333333335,Bajo
US-2015-163279,2015-03-22,2015-03-26,4,Standard Class,JD-16150,Justin Deggeller,Corporate,West,California,San Diego,Furniture,Furnishings,Tenex B1-RE Series Chair Mats for Low Pile Carpets,91.96,2,0.0,15.6332,0.17,Bajo,Media,0,2015,3,1,5812,United States,92037,FUR-FU-10000747,0,0.0033333333333333335,Bajo
CA-2015-168004,2015-10-04,2015-10-09,5,Second Class,DJ-13420,Denny Joy,Corporate,South,Georgia,Warner Robins,Furniture,Chairs,Office Star - Mesh Screen back chair with Vinyl seat,392.94,3,0.0,43.2234,0.11,Bajo,Baja,0,2015,10,4,636,United States,31088,FUR-CH-10001482,0,0.0033333333333333335,Bajo
CA-2017-102925,2017-11-05,2017-11-10,5,Second Class,CD-12280,Christina DeMoss,Consumer,East,New York,New York City,Furniture,Furnishings,"Career Cubicle Clock, 8 1/4"", Black",101.4,5,0.0,38.532,0.3799999999999999,Bajo,Alta,0,2017,11,4,9474,United States,10024,FUR-FU-10004245,0,0.0033333333333333335,Bajo
CA-2014-154095,2014-12-02,2014-12-07,5,Standard Class,ON-18715,Odella Nelson,Corporate,East,Maryland,Clinton,Furniture,Furnishings,"DAX Metal Frame, Desktop, Stepped-Edge",60.72,3,0.0,23.6808,0.39,Bajo,Alta,0,2014,12,4,6600,United States,20735,FUR-FU-10003849,0,0.0033333333333333335,Bajo
CA-2014-142769,2014-09-13,2014-09-13,0,Same Day,RP-19390,Resi Plking,Consumer,West,Washington,Seattle,Furniture,Furnishings,C-Line Cubicle Keepers Polyproplyene Holder With Velcro Backings,14.19,3,0.0,5.5341,0.3899999999999999,Bajo,Alta,0,2014,9,3,8652,United States,98103,FUR-FU-10001918,0,0.0033333333333333335,Bajo
CA-2016-126158,2016-07-25,2016-07-31,6,Standard Class,SC-20095,Sanjit Chand,Consumer,West,California,Costa Mesa,Furniture,Furnishings,"Howard Miller 14-1/2"" Diameter Chrome Round Wall Clock",255.76,4,0.0,81.8432,0.32,Bajo,Alta,0,2016,7,3,498,United States,92627,FUR-FU-10004864,0,0.0033333333333333335,Bajo
US-2017-147886,2017-03-28,2017-03-31,3,First Class,DH-13075,Dave Hallsten,Corporate,West,California,Fairfield,Furniture,Furnishings,DAX Black Cherry Wood-Tone Poster Frame,26.48,1,0.0,10.0624,0.38,Bajo,Alta,0,2017,3,1,5741,United States,94533,FUR-FU-10001095,0,0.0033333333333333335,Bajo
CA-2015-149517,2015-09-19,2015-09-23,4,Standard Class,FC-14245,Frank Carlisle,Home Office,West,California,Sacramento,Furniture,Furnishings,"Seth Thomas 8 1/2"" Cubicle Clock",60.84,3,0.0,19.4688,0.32,Bajo,Alta,0,2015,9,3,9599,United States,95823,FUR-FU-10003464,0,0.0033333333333333335,Bajo
CA-2014-156160,2014-09-22,2014-09-29,7,Standard Class,AS-10090,Adam Shillingsburg,Consumer,East,New York,New York City,Furniture,Furnishings,"Computer Room Manger, 14""",97.44,3,0.0,35.0784,0.36,Bajo,Alta,0,2014,9,3,9656,United States,10035,FUR-FU-10001876,0,0.0033333333333333335,Bajo
CA-2014-112837,2014-09-11,2014-09-16,5,Standard Class,LW-17125,Liz Willingham,Consumer,West,California,Oxnard,Furniture,Furnishings,"Deflect-o DuraMat Lighweight, Studded, Beveled Mat for Low Pile Carpeting",127.95,3,0.0,21.7515,0.1699999999999999,Bajo,Media,0,2014,9,3,6312,United States,93030,FUR-FU-10004006,0,0.0033333333333333335,Bajo
CA-2016-110009,2016-09-08,2016-09-13,5,Standard Class,TR-21325,Toby Ritter,Consumer,West,Washington,Seattle,Furniture,Furnishings,"Howard Miller 11-1/2"" Diameter Grantwood Wall Clock",43.13,1,0.0,14.6642,0.3399999999999999,Bajo,Alta,0,2016,9,3,7401,United States,98103,FUR-FU-10003039,0,0.0033333333333333335,Bajo
US-2017-116897,2017-05-27,2017-05-29,2,First Class,JG-15160,James Galang,Consumer,West,Idaho,Pocatello,Furniture,Furnishings,"Eldon 400 Class Desk Accessories, Black Carbon",35.0,4,0.0,14.7,0.42,Bajo,Alta,0,2017,5,2,6436,United States,83201,FUR-FU-10004963,0,0.0033333333333333335,Bajo
CA-2015-104346,2015-12-11,2015-12-16,5,Standard Class,IM-15070,Irene Maddox,Consumer,West,Colorado,Colorado Springs,Furniture,Furnishings,DAX Wood Document Frame,54.92,5,0.2,10.984,0.1999999999999999,Medio,Media,0,2015,12,4,4790,United States,80906,FUR-FU-10001473,0,0.0033333333333333335,Bajo
CA-2017-117947,2017-08-18,2017-08-23,5,Second Class,NG-18355,Nat Gilpin,Corporate,East,New York,New York City,Furniture,Furnishings,"Seth Thomas 14"" Putty-Colored Wall Clock",88.02,3,0.0,27.2862,0.31,Bajo,Alta,0,2017,8,3,621,United States,10011,FUR-FU-10000521,0,0.0033333333333333335,Bajo
CA-2017-117947,2017-08-18,2017-08-23,5,Second Class,NG-18355,Nat Gilpin,Corporate,East,New York,New York City,Furniture,Furnishings,"DAX Value U-Channel Document Frames, Easel Back",9.94,2,0.0,3.0814,0.31,Bajo,Alta,0,2017,8,3,618,United States,10011,FUR-FU-10000010,0,0.0033333333333333335,Bajo
CA-2015-134894,2015-12-07,2015-12-11,4,Standard Class,DK-12985,Darren Koutras,Consumer,South,Kentucky,Henderson,Furniture,Chairs,"Situations Contoured Folding Chairs, 4/Set",283.92,4,0.0,70.98,0.25,Bajo,Media,0,2015,12,4,540,United States,42420,FUR-CH-10002647,0,0.0033333333333333335,Bajo
CA-2017-117947,2017-08-18,2017-08-23,5,Second Class,NG-18355,Nat Gilpin,Corporate,East,New York,New York City,Furniture,Furnishings,"DAX Metal Frame, Desktop, Stepped-Edge",40.48,2,0.0,15.7872,0.39,Bajo,Alta,0,2017,8,3,617,United States,10011,FUR-FU-10003849,0,0.0033333333333333335,Bajo
CA-2015-142454,2015-08-15,2015-08-19,4,Standard Class,RE-19450,Richard Eichhorn,Consumer,West,California,Oakland,Furniture,Furnishings,Tensor Computer Mounted Lamp,104.23,7,0.0,28.1421,0.2699999999999999,Bajo,Media,0,2015,8,3,5203,United States,94601,FUR-FU-10004018,0,0.0033333333333333335,Bajo
CA-2015-131338,2015-08-09,2015-08-12,3,First Class,NP-18325,Naresj Patel,Consumer,East,New York,New York City,Furniture,Furnishings,Longer-Life Soft White Bulbs,6.16,2,0.0,2.9568,0.48,Bajo,Alta,0,2015,8,3,1585,United States,10024,FUR-FU-10001706,0,0.0033333333333333335,Bajo
US-2017-106145,2017-09-26,2017-09-26,0,Same Day,RA-19885,Ruben Ausman,Corporate,West,California,San Francisco,Furniture,Furnishings,Stackable Trays,9.24,3,0.0,2.9568,0.3199999999999999,Bajo,Alta,0,2017,9,3,7528,United States,94109,FUR-FU-10003829,0,0.0033333333333333335,Bajo
CA-2017-148264,2017-12-08,2017-12-09,1,First Class,LF-17185,Luke Foster,Consumer,West,California,Inglewood,Furniture,Furnishings,"Tenex Traditional Chairmats for Hard Floors, Average Lip, 36"" x 48""",128.9,2,0.0,15.468,0.12,Bajo,Baja,0,2017,12,4,3432,United States,90301,FUR-FU-10002703,0,0.0033333333333333335,Bajo
CA-2017-121048,2017-07-14,2017-07-18,4,Standard Class,TC-21295,Toby Carlisle,Consumer,West,California,Westminster,Furniture,Furnishings,"Deflect-o RollaMat Studded, Beveled Mat for Medium Pile Carpeting",276.69,3,0.0,49.8042,0.18,Bajo,Media,0,2017,7,3,7497,United States,92683,FUR-FU-10003601,0,0.0033333333333333335,Bajo
CA-2014-138100,2014-09-15,2014-09-20,5,Standard Class,AA-10315,Alex Avila,Consumer,East,New York,New York City,Furniture,Furnishings,"Master Caster Door Stop, Large Neon Orange",14.56,2,0.0,6.2608,0.4299999999999999,Bajo,Alta,0,2014,9,3,7470,United States,10011,FUR-FU-10002456,0,0.0033333333333333335,Bajo
CA-2015-102582,2015-09-15,2015-09-19,4,Standard Class,NW-18400,Natalie Webber,Consumer,South,Alabama,Mobile,Furniture,Chairs,"Global Manager's Adjustable Task Chair, Storm",1056.86,7,0.0,306.4894,0.29,Bajo,Media,0,2015,9,3,3819,United States,36608,FUR-CH-10004853,0,0.0033333333333333335,Bajo
CA-2015-144519,2015-11-13,2015-11-17,4,Standard Class,AW-10930,Arthur Wiediger,Home Office,West,Montana,Helena,Furniture,Furnishings,"Eldon Stackable Tray, Side-Load, Legal, Smoke",63.98,7,0.0,21.7532,0.34,Bajo,Alta,0,2015,11,4,7276,United States,59601,FUR-FU-10000794,0,0.0033333333333333335,Bajo
CA-2016-100468,2016-11-24,2016-12-01,7,Standard Class,AT-10435,Alyssa Tate,Home Office,West,California,Los Angeles,Furniture,Furnishings,"DAX Value U-Channel Document Frames, Easel Back",9.94,2,0.0,3.0814,0.31,Bajo,Alta,0,2016,11,4,1504,United States,90045,FUR-FU-10000010,0,0.0033333333333333335,Bajo
CA-2017-116988,2017-06-27,2017-06-29,2,Second Class,PW-19030,Pauline Webber,Corporate,West,Washington,Seattle,Furniture,Furnishings,Executive Impressions Supervisor Wall Clock,126.3,3,0.0,40.416,0.32,Bajo,Alta,0,2017,6,2,8734,United States,98105,FUR-FU-10001290,0,0.0033333333333333335,Bajo
CA-2015-168529,2015-10-08,2015-10-12,4,Standard Class,MB-17305,Maria Bertelson,Consumer,West,California,San Francisco,Furniture,Furnishings,"Deflect-o SuperTray Unbreakable Stackable Tray, Letter, Black",145.9,5,0.0,62.737,0.43,Bajo,Alta,0,2015,10,4,5509,United States,94122,FUR-FU-10001588,0,0.0033333333333333335,Bajo
CA-2016-114951,2016-06-26,2016-07-03,7,Standard Class,DN-13690,Duane Noonan,Consumer,West,California,San Francisco,Furniture,Furnishings,"Eldon Expressions Wood Desk Accessories, Oak",22.14,3,0.0,6.4206,0.29,Bajo,Media,0,2016,6,2,3957,United States,94109,FUR-FU-10002364,0,0.0033333333333333335,Bajo
CA-2017-134838,2017-02-19,2017-02-20,1,First Class,ED-13885,Emily Ducich,Home Office,West,California,Los Angeles,Furniture,Furnishings,Tensor Computer Mounted Lamp,44.67,3,0.0,12.0609,0.27,Bajo,Media,0,2017,2,1,3964,United States,90045,FUR-FU-10004018,0,0.0033333333333333335,Bajo
CA-2014-155271,2014-05-04,2014-05-04,0,Same Day,AA-10480,Andrew Allen,Consumer,East,Connecticut,Middletown,Furniture,Furnishings,DAX Wood Document Frame,27.46,2,0.0,9.8856,0.36,Bajo,Alta,0,2014,5,2,1460,United States,6457,FUR-FU-10001473,0,0.0033333333333333335,Bajo
CA-2014-160276,2014-04-02,2014-04-08,6,Standard Class,AH-10690,Anna Hberlin,Corporate,South,Virginia,Virginia Beach,Furniture,Furnishings,Luxo Adjustable Task Clamp Lamp,177.68,2,0.0,46.1968,0.26,Bajo,Media,0,2014,4,2,8920,United States,23464,FUR-FU-10003192,0,0.0033333333333333335,Bajo
CA-2016-136329,2016-07-09,2016-07-13,4,Standard Class,JD-15895,Jonathan Doherty,Corporate,East,New York,New York City,Furniture,Furnishings,"Deflect-o EconoMat Studded, No Bevel Mat for Low Pile Carpeting",165.28,4,0.0,14.8752,0.09,Bajo,Baja,0,2016,7,3,1413,United States,10035,FUR-FU-10000723,0,0.0033333333333333335,Bajo
CA-2015-137526,2015-01-13,2015-01-17,4,Standard Class,PB-19150,Philip Brown,Consumer,West,California,Los Angeles,Furniture,Furnishings,"Floodlight Indoor Halogen Bulbs, 1 Bulb per Pack, 60 Watts",77.6,4,0.0,38.024,0.49,Bajo,Alta,0,2015,1,1,4858,United States,90004,FUR-FU-10001861,0,0.0033333333333333335,Bajo
CA-2016-158155,2016-05-02,2016-05-06,4,Standard Class,EH-13765,Edward Hooks,Corporate,East,New York,New York City,Furniture,Furnishings,Eldon 200 Class Desk Accessories,12.56,2,0.0,4.0192,0.3199999999999999,Bajo,Alta,0,2016,5,2,9851,United States,10009,FUR-FU-10000732,0,0.0033333333333333335,Bajo
CA-2016-145583,2016-10-13,2016-10-19,6,Standard Class,LC-16885,Lena Creighton,Consumer,West,California,Roseville,Furniture,Furnishings,Longer-Life Soft White Bulbs,43.12,14,0.0,20.6976,0.48,Bajo,Alta,0,2016,10,4,140,United States,95661,FUR-FU-10001706,0,0.0,Bajo
CA-2017-138870,2017-06-19,2017-06-23,4,Standard Class,GA-14515,George Ashbrook,Consumer,West,California,San Francisco,Furniture,Furnishings,"DAX Copper Panel Document Frame, 5 x 7 Size",50.32,4,0.0,21.1344,0.42,Bajo,Alta,0,2017,6,2,9855,United States,94109,FUR-FU-10002396,0,0.0,Bajo
US-2015-111927,2015-11-14,2015-11-19,5,Standard Class,LS-17230,Lycoris Saunders,Consumer,East,Delaware,Dover,Furniture,Furnishings,"Executive Impressions 13"" Chairman Wall Clock",76.14,3,0.0,26.649,0.35,Bajo,Alta,0,2015,11,4,3832,United States,19901,FUR-FU-10004017,0,0.0,Bajo
US-2017-126053,2017-12-05,2017-12-08,3,First Class,CS-11950,Carlos Soltero,Consumer,East,New York,New York City,Furniture,Furnishings,Magnifier Swing Arm Lamp,41.96,2,0.0,10.9096,0.2599999999999999,Bajo,Media,0,2017,12,4,7324,United States,10024,FUR-FU-10001934,0,0.0,Bajo
CA-2017-144904,2017-09-25,2017-10-01,6,Standard Class,KW-16435,Katrina Willman,Consumer,East,New York,New York City,Furniture,Furnishings,Eldon Wave Desk Accessories,47.12,8,0.0,20.7328,0.44,Bajo,Alta,0,2017,9,3,365,United States,10009,FUR-FU-10000023,0,0.0,Bajo
CA-2016-142545,2016-10-28,2016-11-03,6,Standard Class,JD-15895,Jonathan Doherty,Corporate,East,New Jersey,Belleville,Furniture,Furnishings,"Floodlight Indoor Halogen Bulbs, 1 Bulb per Pack, 60 Watts",77.6,4,0.0,38.024,0.49,Bajo,Alta,0,2016,10,4,302,United States,7109,FUR-FU-10001861,0,0.0,Bajo
US-2016-125969,2016-11-06,2016-11-10,4,Second Class,LS-16975,Lindsay Shagiari,Home Office,West,California,Los Angeles,Furniture,Furnishings,Eldon Cleatmat Plus Chair Mats for High Pile Carpets,238.56,3,0.0,26.2416,0.1099999999999999,Bajo,Baja,0,2016,11,4,130,United States,90004,FUR-FU-10003773,0,0.0,Bajo
CA-2014-113320,2014-12-12,2014-12-15,3,Second Class,LH-17155,Logan Haushalter,Consumer,West,California,Oakland,Furniture,Furnishings,Longer-Life Soft White Bulbs,9.24,3,0.0,4.4352,0.48,Bajo,Alta,0,2014,12,4,4856,United States,94601,FUR-FU-10001706,0,0.0,Bajo
CA-2017-103611,2017-09-12,2017-09-15,3,First Class,JM-15535,Jessica Myrick,Consumer,West,California,Los Angeles,Furniture,Furnishings,"Eldon Image Series Desk Accessories, Burgundy",8.36,2,0.0,3.0096,0.36,Bajo,Alta,0,2017,9,3,1510,United States,90036,FUR-FU-10004270,0,0.0,Bajo
CA-2015-125934,2015-09-11,2015-09-18,7,Standard Class,SN-20560,Skye Norling,Home Office,East,New Jersey,Paterson,Furniture,Furnishings,Eldon Pizzaz Desk Accessories,8.92,4,0.0,3.9248,0.44,Bajo,Alta,0,2015,9,3,8862,United States,7501,FUR-FU-10002107,0,0.0,Bajo
CA-2016-167241,2016-08-15,2016-08-22,7,Standard Class,BD-11320,Bill Donatelli,Consumer,West,California,Los Angeles,Furniture,Furnishings,Luxo Professional Magnifying Clamp-On Fluorescent Lamps,312.03,3,0.0,43.6842,0.14,Bajo,Baja,0,2016,8,3,8895,United States,90004,FUR-FU-10004071,0,0.0,Bajo
CA-2015-161711,2015-11-28,2015-12-03,5,Standard Class,MC-17425,Mark Cousins,Corporate,East,New York,New York City,Furniture,Furnishings,"Executive Impressions 14"" Two-Color Numerals Wall Clock",68.16,3,0.0,27.9456,0.41,Bajo,Alta,0,2015,11,4,6216,United States,10035,FUR-FU-10000087,0,0.0,Bajo
CA-2015-134075,2015-12-12,2015-12-16,4,Standard Class,HA-14905,Helen Abelman,Consumer,West,California,San Jose,Furniture,Furnishings,Eldon Cleatmat Chair Mats for Medium Pile Carpets,166.5,3,0.0,21.645,0.13,Bajo,Baja,0,2015,12,4,6239,United States,95123,FUR-FU-10004597,0,0.0,Bajo
CA-2015-112305,2015-11-20,2015-11-25,5,Standard Class,KB-16405,Katrina Bavinger,Home Office,West,Washington,Seattle,Furniture,Furnishings,"Eldon Expressions Wood Desk Accessories, Oak",22.14,3,0.0,6.4206,0.29,Bajo,Media,0,2015,11,4,6246,United States,98105,FUR-FU-10002364,0,0.0,Bajo
US-2016-139087,2016-07-17,2016-07-22,5,Second Class,DK-13375,Dennis Kane,Consumer,West,Washington,Seattle,Furniture,Furnishings,Eldon Image Series Black Desk Accessories,12.42,3,0.0,4.4712,0.36,Bajo,Alta,0,2016,7,3,6274,United States,98105,FUR-FU-10001847,0,0.0,Bajo
US-2016-139087,2016-07-17,2016-07-22,5,Second Class,DK-13375,Dennis Kane,Consumer,West,Washington,Seattle,Furniture,Furnishings,"Eldon 300 Class Desk Accessories, Black",24.75,5,0.0,10.89,0.44,Bajo,Alta,0,2016,7,3,6276,United States,98105,FUR-FU-10004164,0,0.0,Bajo
CA-2014-127558,2014-11-15,2014-11-18,3,First Class,SS-20410,Shahid Shariari,Consumer,West,California,Los Angeles,Furniture,Furnishings,Eldon 100 Class Desk Accessories,10.11,3,0.0,3.2352,0.32,Bajo,Alta,0,2014,11,4,5018,United States,90008,FUR-FU-10002505,0,0.0,Bajo
CA-2016-142762,2016-05-23,2016-05-27,4,Standard Class,LD-17005,Lisa DeCherney,Consumer,West,California,San Francisco,Furniture,Furnishings,"Eldon Image Series Desk Accessories, Ebony",37.05,3,0.0,16.302,0.44,Bajo,Alta,0,2016,5,2,1330,United States,94109,FUR-FU-10003691,0,0.0,Bajo
US-2017-123281,2017-04-02,2017-04-07,5,Standard Class,JF-15190,Jamie Frazer,Consumer,West,California,Los Angeles,Furniture,Furnishings,Westinghouse Clip-On Gooseneck Lamps,25.11,3,0.0,6.5286,0.26,Bajo,Media,0,2017,4,2,1337,United States,90008,FUR-FU-10003724,0,0.0,Bajo
CA-2017-105620,2017-12-25,2017-12-28,3,First Class,JH-15430,Jennifer Halladay,Consumer,South,Florida,Hialeah,Furniture,Furnishings,"Eldon 400 Class Desk Accessories, Black Carbon",21.0,3,0.2,5.775,0.275,Medio,Media,0,2017,12,4,8957,United States,33012,FUR-FU-10004963,0,0.0,Bajo
CA-2017-108560,2017-07-08,2017-07-15,7,Standard Class,JC-15385,Jenna Caffey,Consumer,West,Washington,Kent,Furniture,Furnishings,"GE 48"" Fluorescent Tube, Cool White Energy Saver, 34 Watts, 30/Box",198.46,2,0.0,99.23,0.5,Bajo,Alta,0,2017,7,3,1621,United States,98031,FUR-FU-10002937,0,0.0,Bajo
CA-2016-114307,2016-07-22,2016-07-26,4,Standard Class,MF-17665,Maureen Fritzler,Corporate,East,Maryland,Columbia,Furniture,Furnishings,"Eldon Stackable Tray, Side-Load, Legal, Smoke",27.42,3,0.0,9.3228,0.34,Bajo,Alta,0,2016,7,3,8759,United States,21044,FUR-FU-10000794,0,0.0,Bajo
CA-2015-140410,2015-11-03,2015-11-07,4,Standard Class,CM-12655,Corinna Mitchell,Home Office,West,California,Los Angeles,Furniture,Furnishings,Coloredge Poster Frame,42.6,3,0.0,16.614,0.39,Bajo,Alta,0,2015,11,4,1489,United States,90008,FUR-FU-10003347,0,0.0,Bajo
CA-2017-139661,2017-10-30,2017-11-03,4,Standard Class,JW-15220,Jane Waco,Corporate,West,Washington,Vancouver,Furniture,Furnishings,Magna Visual Magnetic Picture Hangers,9.64,2,0.0,3.6632,0.3799999999999999,Bajo,Alta,0,2017,10,4,1494,United States,98661,FUR-FU-10002885,0,0.0,Bajo
CA-2016-133795,2016-12-18,2016-12-24,6,Standard Class,JE-15475,Jeremy Ellison,Consumer,West,California,San Diego,Furniture,Furnishings,"Eldon Expressions Wood and Plastic Desk Accessories, Oak",39.92,4,0.0,11.1776,0.2799999999999999,Bajo,Media,0,2016,12,4,5024,United States,92037,FUR-FU-10003731,0,0.0,Bajo
CA-2017-107314,2017-11-30,2017-12-03,3,First Class,MZ-17335,Maria Zettner,Home Office,West,California,San Francisco,Furniture,Furnishings,Contemporary Borderless Frame,25.83,3,0.0,9.5571,0.37,Bajo,Alta,0,2017,11,4,6300,United States,94109,FUR-FU-10003489,0,0.0,Bajo
CA-2016-100965,2016-07-07,2016-07-11,4,Standard Class,RM-19375,Raymond Messe,Consumer,West,California,San Jose,Furniture,Furnishings,"Howard Miller 11-1/2"" Diameter Grantwood Wall Clock",215.65,5,0.0,73.321,0.3399999999999999,Bajo,Alta,0,2016,7,3,1799,United States,95123,FUR-FU-10003039,0,0.0,Bajo
CA-2016-157266,2016-05-26,2016-06-01,6,Standard Class,TB-21280,Toby Braunhardt,Consumer,East,District of Columbia,Washington,Furniture,Furnishings,9-3/4 Diameter Round Wall Clock,41.37,3,0.0,17.3754,0.42,Bajo,Alta,0,2016,5,2,1642,United States,20016,FUR-FU-10000629,0,0.0,Bajo
CA-2016-147585,2016-11-07,2016-11-12,5,Standard Class,CB-12535,Claudia Bergmann,Corporate,West,California,San Francisco,Furniture,Furnishings,"C-Line Magnetic Cubicle Keepers, Clear Polypropylene",14.82,3,0.0,6.2244,0.42,Bajo,Alta,0,2016,11,4,1684,United States,94110,FUR-FU-10002597,0,0.0,Bajo
CA-2015-131338,2015-08-09,2015-08-12,3,First Class,NP-18325,Naresj Patel,Consumer,East,New York,New York City,Furniture,Furnishings,Artistic Insta-Plaque,47.04,3,0.0,18.3456,0.39,Bajo,Alta,0,2015,8,3,1584,United States,10024,FUR-FU-10002157,0,0.0,Bajo
CA-2016-102127,2016-06-26,2016-07-02,6,Standard Class,VP-21760,Victoria Pisteka,Corporate,East,New York,New York City,Furniture,Furnishings,"DAX Executive Solid Wood Document Frame, Desktop or Hang, Mahogany, 5 x 7",37.74,3,0.0,12.8316,0.3399999999999999,Bajo,Alta,0,2016,6,2,9027,United States,10035,FUR-FU-10003976,0,0.0,Bajo
US-2016-152415,2016-09-17,2016-09-22,5,Standard Class,PO-18865,Patrick O'Donnell,Consumer,East,Massachusetts,Marlborough,Furniture,Furnishings,"C-Line Magnetic Cubicle Keepers, Clear Polypropylene",14.82,3,0.0,6.2244,0.42,Bajo,Alta,0,2016,9,3,9028,United States,1752,FUR-FU-10002597,0,0.0,Bajo
US-2016-152415,2016-09-17,2016-09-22,5,Standard Class,PO-18865,Patrick O'Donnell,Consumer,East,Massachusetts,Marlborough,Furniture,Furnishings,"Howard Miller 14-1/2"" Diameter Chrome Round Wall Clock",191.82,3,0.0,61.3824,0.32,Bajo,Alta,0,2016,9,3,9029,United States,1752,FUR-FU-10004864,0,0.0,Bajo
CA-2016-167507,2016-12-22,2016-12-28,6,Standard Class,SA-20830,Sue Ann Reed,Consumer,West,Oregon,Redmond,Furniture,Furnishings,3M Hangers With Command Adhesive,11.84,4,0.2,3.108,0.2625,Medio,Media,0,2016,12,4,1826,United States,97756,FUR-FU-10001935,0,0.0,Bajo
CA-2014-151946,2014-06-04,2014-06-09,5,Standard Class,BT-11440,Bobby Trafton,Consumer,East,New York,New York City,Furniture,Furnishings,"Seth Thomas 14"" Day/Date Wall Clock",56.96,2,0.0,21.0752,0.37,Bajo,Alta,0,2014,6,2,8608,United States,10035,FUR-FU-10002878,0,0.0,Bajo
CA-2014-151946,2014-06-04,2014-06-09,5,Standard Class,BT-11440,Bobby Trafton,Consumer,East,New York,New York City,Furniture,Furnishings,G.E. Halogen Desk Lamp Bulbs,13.96,2,0.0,6.7008,0.48,Bajo,Alta,0,2014,6,2,8611,United States,10035,FUR-FU-10002191,0,0.0,Bajo
CA-2016-169943,2016-05-19,2016-05-24,5,Standard Class,BN-11515,Bradley Nguyen,Consumer,East,New York,New York City,Furniture,Furnishings,Nu-Dell Float Frame 11 x 14 1/2,35.92,4,0.0,15.0864,0.42,Bajo,Alta,0,2016,5,2,1719,United States,10011,FUR-FU-10002088,0,0.0,Bajo
CA-2016-169943,2016-05-19,2016-05-24,5,Standard Class,BN-11515,Bradley Nguyen,Consumer,East,New York,New York City,Furniture,Furnishings,"DAX Value U-Channel Document Frames, Easel Back",39.76,8,0.0,12.3256,0.31,Bajo,Alta,0,2016,5,2,1720,United States,10011,FUR-FU-10000010,0,0.0,Bajo
CA-2017-168837,2017-10-14,2017-10-17,3,First Class,JW-15955,Joni Wasserman,Consumer,West,California,Oakland,Furniture,Furnishings,C-Line Cubicle Keepers Polyproplyene Holder With Velcro Backings,9.46,2,0.0,3.6894,0.3899999999999999,Bajo,Alta,0,2017,10,4,1752,United States,94601,FUR-FU-10001918,0,0.0,Bajo
CA-2017-107125,2017-11-27,2017-12-02,5,Standard Class,BD-11320,Bill Donatelli,Consumer,West,California,Los Angeles,Furniture,Furnishings,Eldon 200 Class Desk Accessories,18.84,3,0.0,6.0288,0.32,Bajo,Alta,0,2017,11,4,4950,United States,90045,FUR-FU-10000732,0,0.0,Bajo
CA-2014-113320,2014-12-12,2014-12-15,3,Second Class,LH-17155,Logan Haushalter,Consumer,West,California,Oakland,Furniture,Furnishings,"Eldon Image Series Desk Accessories, Burgundy",12.54,3,0.0,4.5144,0.36,Bajo,Alta,0,2014,12,4,4854,United States,94601,FUR-FU-10004270,0,0.0,Bajo
CA-2016-101161,2016-10-13,2016-10-20,7,Standard Class,BW-11110,Bart Watters,Corporate,East,New York,New York City,Furniture,Furnishings,Howard Miller Distant Time Traveler Alarm Clock,82.26,3,0.0,33.7266,0.4099999999999999,Bajo,Alta,0,2016,10,4,6445,United States,10024,FUR-FU-10003535,0,0.0,Bajo
CA-2017-161102,2017-07-31,2017-08-03,3,First Class,EC-14050,Erin Creighton,Consumer,West,California,San Francisco,Furniture,Furnishings,"Master Big Foot Doorstop, Beige",36.96,7,0.0,11.4576,0.31,Bajo,Alta,0,2017,7,3,6456,United States,94110,FUR-FU-10003142,0,0.0,Bajo
US-2016-155404,2016-09-22,2016-09-28,6,Standard Class,AS-10630,Ann Steele,Home Office,South,Kentucky,Louisville,Furniture,Furnishings,G.E. Longer-Life Indoor Recessed Floodlight Bulbs,13.28,2,0.0,6.3744,0.48,Bajo,Alta,0,2016,9,3,6465,United States,40214,FUR-FU-10004586,0,0.0,Bajo
CA-2015-103135,2015-07-24,2015-07-28,4,Standard Class,SS-20515,Shirley Schmidt,Home Office,South,Kentucky,Louisville,Furniture,Furnishings,"Eldon Expressions Wood and Plastic Desk Accessories, Cherry Wood",20.94,3,0.0,6.0726,0.29,Bajo,Media,0,2015,7,3,6498,United States,40214,FUR-FU-10001487,0,0.0,Bajo
CA-2016-147578,2016-04-22,2016-04-26,4,Second Class,PG-18895,Paul Gonzalez,Consumer,West,California,San Francisco,Furniture,Furnishings,Ultra Door Pull Handle,31.56,3,0.0,10.4148,0.33,Bajo,Alta,0,2016,4,2,1886,United States,94122,FUR-FU-10001889,0,0.0,Bajo
CA-2017-105886,2017-12-18,2017-12-23,5,Standard Class,DB-13660,Duane Benoit,Consumer,East,New York,Oceanside,Furniture,Furnishings,"DAX Charcoal/Nickel-Tone Document Frame, 5 x 7",18.96,2,0.0,8.532,0.4499999999999999,Bajo,Alta,0,2017,12,4,1910,United States,11572,FUR-FU-10001037,0,0.0,Bajo
CA-2016-151561,2016-09-01,2016-09-07,6,Standard Class,PG-18820,Patrick Gardner,Consumer,East,New York,New York City,Furniture,Furnishings,"Howard Miller 14-1/2"" Diameter Chrome Round Wall Clock",191.82,3,0.0,61.3824,0.32,Bajo,Alta,0,2016,9,3,6080,United States,10011,FUR-FU-10004864,0,0.0,Bajo
CA-2015-114048,2015-12-14,2015-12-18,4,Standard Class,EH-13945,Eric Hoffmann,Consumer,West,California,Costa Mesa,Furniture,Furnishings,Staple-based wall hangings,29.22,3,0.0,12.8568,0.44,Bajo,Alta,0,2015,12,4,6088,United States,92627,FUR-FU-10004351,0,0.0,Bajo
US-2015-120502,2015-04-13,2015-04-19,6,Standard Class,BT-11395,Bill Tyler,Corporate,West,California,Los Angeles,Furniture,Furnishings,Flat Face Poster Frame,37.68,2,0.0,15.8256,0.42,Bajo,Alta,0,2015,4,2,5179,United States,90036,FUR-FU-10004973,0,0.0,Bajo
CA-2017-100013,2017-11-06,2017-11-11,5,Standard Class,ZC-21910,Zuschuss Carroll,Consumer,West,California,Los Angeles,Furniture,Furnishings,Dax Clear Box Frame,8.73,1,0.0,2.9682,0.3399999999999999,Bajo,Alta,0,2017,11,4,1230,United States,90045,FUR-FU-10001424,0,0.0,Bajo
CA-2014-127012,2014-08-11,2014-08-15,4,Standard Class,GM-14680,Greg Matthias,Consumer,West,Washington,Seattle,Furniture,Furnishings,"Eldon Image Series Desk Accessories, Ebony",12.35,1,0.0,5.434,0.44,Bajo,Alta,0,2014,8,3,1239,United States,98105,FUR-FU-10003691,0,0.0,Bajo
CA-2017-100055,2017-05-28,2017-06-01,4,Standard Class,MD-17860,Michael Dominguez,Corporate,East,Maryland,Laurel,Furniture,Furnishings,DAX Wood Document Frame,27.46,2,0.0,9.8856,0.36,Bajo,Alta,0,2017,5,2,9132,United States,20707,FUR-FU-10001473,0,0.0,Bajo
CA-2017-157987,2017-09-02,2017-09-06,4,Standard Class,AC-10615,Ann Chong,Corporate,East,New York,New York City,Furniture,Furnishings,DAX Cubicle Frames - 8x10,11.54,2,0.0,3.462,0.3,Bajo,Alta,0,2017,9,3,1948,United States,10009,FUR-FU-10001196,0,0.0,Bajo
CA-2017-125451,2017-10-23,2017-10-24,1,First Class,AH-10075,Adam Hart,Corporate,East,Rhode Island,Cranston,Furniture,Furnishings,"Eldon 400 Class Desk Accessories, Black Carbon",35.0,4,0.0,14.7,0.42,Bajo,Alta,0,2017,10,4,8447,United States,2920,FUR-FU-10004963,0,0.0,Bajo
CA-2017-118003,2017-12-04,2017-12-10,6,Standard Class,DO-13645,Doug O'Connell,Consumer,East,New Jersey,Paterson,Furniture,Furnishings,"Tensor ""Hersey Kiss"" Styled Floor Lamp",12.99,1,0.0,1.5588,0.12,Bajo,Baja,0,2017,12,4,8519,United States,7501,FUR-FU-10002506,0,0.0,Bajo
US-2017-141852,2017-11-09,2017-11-14,5,Standard Class,JE-15745,Joel Eaton,Consumer,West,California,Oceanside,Furniture,Furnishings,Eldon Wave Desk Accessories,47.12,8,0.0,20.7328,0.44,Bajo,Alta,0,2017,11,4,4611,United States,92054,FUR-FU-10000023,0,0.0,Bajo
CA-2017-110625,2017-12-23,2017-12-30,7,Standard Class,JB-16045,Julia Barnett,Home Office,East,Connecticut,Danbury,Furniture,Furnishings,DAX Wood Document Frame,27.46,2,0.0,9.8856,0.36,Bajo,Alta,0,2017,12,4,8392,United States,6810,FUR-FU-10001473,0,0.0,Bajo
CA-2016-164091,2016-09-17,2016-09-22,5,Standard Class,LA-16780,Laura Armstrong,Corporate,East,Maine,Bangor,Furniture,Furnishings,"C-Line Cubicle Keepers Polyproplyene Holder w/Velcro Back, 8-1/2x11, 25/Bx",109.48,2,0.0,33.9388,0.31,Bajo,Alta,0,2016,9,3,2257,United States,4401,FUR-FU-10004952,0,0.0,Bajo
US-2015-115238,2015-04-30,2015-05-04,4,Standard Class,JW-15220,Jane Waco,Corporate,East,Massachusetts,Lawrence,Furniture,Furnishings,"Eldon 200 Class Desk Accessories, Burgundy",31.4,5,0.0,13.188,0.42,Bajo,Alta,0,2015,4,2,8347,United States,1841,FUR-FU-10002960,0,0.0,Bajo
US-2015-115238,2015-04-30,2015-05-04,4,Standard Class,JW-15220,Jane Waco,Corporate,East,Massachusetts,Lawrence,Furniture,Furnishings,"Eldon Imge Series Desk Accessories, Clear",24.3,5,0.0,10.449,0.43,Bajo,Alta,0,2015,4,2,8350,United States,1841,FUR-FU-10001025,0,0.0,Bajo
CA-2017-132199,2017-05-03,2017-05-08,5,Standard Class,BO-11350,Bill Overfelt,Corporate,East,Pennsylvania,Philadelphia,Furniture,Furnishings,"Career Cubicle Clock, 8 1/4"", Black",32.448,2,0.2,7.3008,0.2249999999999999,Medio,Media,0,2017,5,2,8352,United States,19134,FUR-FU-10004245,0,0.0,Bajo
CA-2016-113726,2016-11-24,2016-12-01,7,Standard Class,SC-20680,Steve Carroll,Home Office,West,Washington,Seattle,Furniture,Furnishings,Howard Miller Distant Time Traveler Alarm Clock,82.26,3,0.0,33.7266,0.4099999999999999,Bajo,Alta,0,2016,11,4,8373,United States,98105,FUR-FU-10003535,0,0.0,Bajo
CA-2016-113621,2016-12-01,2016-12-05,4,Standard Class,JE-15745,Joel Eaton,Consumer,East,Maryland,Rockville,Furniture,Chairs,Harbour Creations Steel Folding Chair,172.5,2,0.0,51.75,0.3,Bajo,Media,0,2016,12,4,1178,United States,20852,FUR-CH-10001270,0,0.0,Bajo
CA-2014-144071,2014-12-08,2014-12-15,7,Standard Class,DJ-13420,Denny Joy,Corporate,West,California,San Francisco,Furniture,Furnishings,Luxo Economy Swing Arm Lamp,39.88,2,0.0,11.1664,0.2799999999999999,Bajo,Media,0,2014,12,4,9213,United States,94110,FUR-FU-10000397,0,0.0,Bajo
CA-2014-144071,2014-12-08,2014-12-15,7,Standard Class,DJ-13420,Denny Joy,Corporate,West,California,San Francisco,Furniture,Furnishings,DAX Natural Wood-Tone Poster Frame,79.44,3,0.0,28.5984,0.36,Bajo,Alta,0,2014,12,4,9214,United States,94110,FUR-FU-10000758,0,0.0,Bajo
CA-2016-126732,2016-09-02,2016-09-06,4,Standard Class,LR-16915,Lena Radford,Consumer,West,California,Los Angeles,Furniture,Furnishings,Ultra Door Pull Handle,94.68,9,0.0,31.2444,0.3299999999999999,Bajo,Alta,0,2016,9,3,9233,United States,90036,FUR-FU-10001889,0,0.0,Bajo
CA-2016-101168,2016-12-25,2017-01-01,7,Standard Class,SS-20140,Saphhira Shifley,Corporate,East,New Hampshire,Nashua,Furniture,Furnishings,"Master Big Foot Doorstop, Beige",21.12,4,0.0,6.5472,0.31,Bajo,Alta,0,2016,12,4,6032,United States,3060,FUR-FU-10003142,0,0.0,Bajo
CA-2015-130253,2015-12-14,2015-12-18,4,Standard Class,PP-18955,Paul Prost,Home Office,West,California,Los Angeles,Furniture,Furnishings,"Master Caster Door Stop, Gray",15.24,3,0.0,5.1816,0.34,Bajo,Alta,0,2015,12,4,6034,United States,90036,FUR-FU-10002963,0,0.0,Bajo
US-2014-143231,2014-12-31,2015-01-03,3,First Class,GM-14455,Gary Mitchum,Home Office,East,Massachusetts,Franklin,Furniture,Furnishings,Nu-Dell Executive Frame,63.2,5,0.0,23.384,0.37,Bajo,Alta,0,2014,12,4,2342,United States,2038,FUR-FU-10002501,0,0.0,Bajo
US-2015-127040,2015-12-06,2015-12-10,4,Standard Class,SG-20605,Speros Goranitis,Consumer,East,New York,New York City,Furniture,Furnishings,"Seth Thomas 14"" Day/Date Wall Clock",113.92,4,0.0,42.1504,0.37,Bajo,Alta,0,2015,12,4,2393,United States,10009,FUR-FU-10002878,0,0.0,Bajo
CA-2015-113145,2015-11-01,2015-11-05,4,Standard Class,VD-21670,Valerie Dominguez,Consumer,East,New York,New York City,Furniture,Furnishings,"Howard Miller 11-1/2"" Diameter Ridgewood Wall Clock",259.7,5,0.0,106.477,0.41,Bajo,Alta,0,2015,11,4,2297,United States,10011,FUR-FU-10000965,0,0.0,Bajo
US-2014-165659,2014-06-01,2014-06-06,5,Standard Class,LT-17110,Liz Thompson,Consumer,South,Arkansas,Little Rock,Furniture,Furnishings,3M Hangers With Command Adhesive,22.2,6,0.0,9.102,0.41,Bajo,Alta,0,2014,6,2,2201,United States,72209,FUR-FU-10001935,0,0.0,Bajo
CA-2017-107874,2017-11-21,2017-11-25,4,Standard Class,SW-20275,Scott Williamson,Consumer,East,New York,New York City,Furniture,Furnishings,Howard Miller Distant Time Traveler Alarm Clock,27.42,1,0.0,11.2422,0.41,Bajo,Alta,0,2017,11,4,2213,United States,10035,FUR-FU-10003535,0,0.0,Bajo
US-2014-138247,2014-12-24,2014-12-29,5,Standard Class,BF-11170,Ben Ferrer,Home Office,West,California,Los Angeles,Furniture,Furnishings,"Westinghouse Floor Lamp with Metal Mesh Shade, Black",23.99,1,0.0,5.5177,0.23,Bajo,Media,0,2014,12,4,4509,United States,90045,FUR-FU-10002554,0,0.0,Bajo
US-2017-105046,2017-07-17,2017-07-23,6,Standard Class,BE-11335,Bill Eplett,Home Office,East,New York,Rome,Furniture,Furnishings,DAX Solid Wood Frames,39.08,4,0.0,14.4596,0.37,Bajo,Alta,0,2017,7,3,4528,United States,13440,FUR-FU-10004848,0,0.0,Bajo
CA-2017-138464,2017-07-08,2017-07-12,4,Standard Class,VF-21715,Vicky Freymann,Home Office,West,Washington,Seattle,Furniture,Furnishings,"Master Big Foot Doorstop, Beige",15.84,3,0.0,4.9104,0.31,Bajo,Alta,0,2017,7,3,4536,United States,98115,FUR-FU-10003142,0,0.0,Bajo
CA-2017-122175,2017-05-12,2017-05-14,2,Second Class,CA-12775,Cynthia Arntzen,Consumer,East,New Jersey,Vineland,Furniture,Furnishings,"DAX Cubicle Frames, 8-1/2 x 11",42.85,5,0.0,15.426,0.36,Bajo,Alta,0,2017,5,2,6667,United States,8360,FUR-FU-10000719,0,0.0,Bajo
CA-2014-109134,2014-11-05,2014-11-10,5,Standard Class,DE-13255,Deanra Eno,Home Office,West,California,Los Angeles,Furniture,Furnishings,OIC Stacking Trays,20.04,6,0.0,8.8176,0.44,Bajo,Alta,0,2014,11,4,6684,United States,90008,FUR-FU-10000320,0,0.0,Bajo
CA-2016-116722,2016-11-11,2016-11-16,5,Standard Class,LP-17080,Liz Pelletier,Consumer,West,California,San Francisco,Furniture,Furnishings,Magnifier Swing Arm Lamp,41.96,2,0.0,10.9096,0.2599999999999999,Bajo,Media,0,2016,11,4,8120,United States,94110,FUR-FU-10001934,0,0.0,Bajo
CA-2014-103219,2014-11-09,2014-11-13,4,Standard Class,BF-11215,Benjamin Farhat,Home Office,East,New York,New York City,Furniture,Furnishings,"Eldon 200 Class Desk Accessories, Black",56.52,9,0.0,21.4776,0.3799999999999999,Bajo,Alta,0,2014,11,4,8138,United States,10035,FUR-FU-10004091,0,0.0,Bajo
CA-2015-168207,2015-11-02,2015-11-06,4,Standard Class,LT-17110,Liz Thompson,Consumer,West,California,San Diego,Furniture,Furnishings,Contemporary Wood/Metal Frame,96.96,6,0.0,33.936,0.35,Bajo,Alta,0,2015,11,4,8164,United States,92105,FUR-FU-10004909,0,0.0,Bajo
US-2014-155502,2014-01-26,2014-01-31,5,Standard Class,SD-20485,Shirley Daniels,Home Office,South,Virginia,Alexandria,Furniture,Furnishings,Eldon Image Series Black Desk Accessories,12.42,3,0.0,4.4712,0.36,Bajo,Alta,0,2014,1,1,2584,United States,22304,FUR-FU-10001847,0,0.0,Bajo
US-2017-110604,2017-05-15,2017-05-20,5,Standard Class,JF-15295,Jason Fortune-,Consumer,West,Washington,Seattle,Furniture,Furnishings,24-Hour Round Wall Clock,39.96,2,0.0,17.1828,0.43,Bajo,Alta,0,2017,5,2,2632,United States,98103,FUR-FU-10000076,0,0.0,Bajo
CA-2017-131156,2017-04-03,2017-04-07,4,Standard Class,KH-16360,Katherine Hughes,Consumer,East,Pennsylvania,Philadelphia,Furniture,Furnishings,Staple-based wall hangings,25.472,4,0.2,7.6416,0.3,Medio,Media,0,2017,4,2,953,United States,19143,FUR-FU-10001940,0,0.0,Bajo
CA-2015-162537,2015-10-28,2015-11-03,6,Standard Class,RD-19585,Rob Dowd,Consumer,South,Kentucky,Henderson,Furniture,Furnishings,Magna Visual Magnetic Picture Hangers,24.1,5,0.0,9.158,0.3799999999999999,Bajo,Alta,0,2015,10,4,999,United States,42420,FUR-FU-10002885,0,0.0,Bajo
CA-2015-108665,2015-07-06,2015-07-10,4,Standard Class,KM-16225,Kalyca Meade,Corporate,East,New York,New York City,Furniture,Furnishings,G.E. Halogen Desk Lamp Bulbs,13.96,2,0.0,6.7008,0.48,Bajo,Alta,0,2015,7,3,1017,United States,10011,FUR-FU-10002191,0,0.0,Bajo
CA-2015-106187,2015-06-23,2015-06-29,6,Standard Class,RF-19345,Randy Ferguson,Corporate,South,Georgia,East Point,Furniture,Furnishings,"Eldon Stackable Tray, Side-Load, Legal, Smoke",27.42,3,0.0,9.3228,0.34,Bajo,Alta,0,2015,6,2,8077,United States,30344,FUR-FU-10000794,0,0.0,Bajo
CA-2016-105753,2016-10-20,2016-10-26,6,Standard Class,LC-16960,Lindsay Castell,Home Office,South,Virginia,Arlington,Furniture,Furnishings,Aluminum Document Frame,61.1,5,0.0,18.33,0.3,Bajo,Media,0,2016,10,4,8086,United States,22204,FUR-FU-10000246,0,0.0,Bajo
CA-2016-147137,2016-07-04,2016-07-06,2,First Class,AA-10645,Anna Andreadi,Consumer,West,California,San Francisco,Furniture,Furnishings,"Master Caster Door Stop, Brown",25.4,5,0.0,8.636,0.3399999999999999,Bajo,Alta,0,2016,7,3,4452,United States,94109,FUR-FU-10000221,0,0.0,Bajo
CA-2014-143210,2014-12-01,2014-12-03,2,First Class,AA-10645,Anna Andreadi,Consumer,East,Massachusetts,Lowell,Furniture,Furnishings,"Linden 10"" Round Wall Clock, Black",45.84,3,0.0,15.5856,0.3399999999999999,Bajo,Alta,0,2014,12,4,8005,United States,1852,FUR-FU-10003878,0,0.0,Bajo
CA-2014-143210,2014-12-01,2014-12-03,2,First Class,AA-10645,Anna Andreadi,Consumer,East,Massachusetts,Lowell,Furniture,Furnishings,Ultra Door Push Plate,9.82,2,0.0,3.2406,0.33,Bajo,Alta,0,2014,12,4,8006,United States,1852,FUR-FU-10002268,0,0.0,Bajo
CA-2017-120168,2017-05-25,2017-05-25,0,Same Day,TB-21625,Trudy Brown,Consumer,East,New York,New York City,Furniture,Furnishings,Eldon 200 Class Desk Accessories,18.84,3,0.0,6.0288,0.32,Bajo,Alta,0,2017,5,2,8016,United States,10009,FUR-FU-10000732,0,0.0,Bajo
CA-2017-158967,2017-12-10,2017-12-12,2,First Class,BT-11680,Brian Thompson,Consumer,South,Florida,Fort Lauderdale,Furniture,Furnishings,Staple-based wall hangings,19.104,3,0.2,5.7312,0.3,Medio,Alta,0,2017,12,4,2773,United States,33311,FUR-FU-10001940,0,0.0,Bajo
CA-2016-114860,2016-12-22,2016-12-28,6,Standard Class,DN-13690,Duane Noonan,Consumer,West,California,Moreno Valley,Furniture,Furnishings,Magnifier Swing Arm Lamp,41.96,2,0.0,10.9096,0.2599999999999999,Bajo,Media,0,2016,12,4,9350,United States,92553,FUR-FU-10001934,0,0.0,Bajo
CA-2014-134061,2014-04-29,2014-05-04,5,Standard Class,LL-16840,Lauren Leatherbury,Consumer,East,New York,Rochester,Furniture,Furnishings,Dax Clear Box Frame,17.46,2,0.0,5.9364,0.3399999999999999,Bajo,Alta,0,2014,4,2,885,United States,14609,FUR-FU-10001424,0,0.0,Bajo
CA-2015-133627,2015-05-31,2015-06-07,7,Standard Class,SC-20050,Sample Company A,Home Office,East,Connecticut,Norwich,Furniture,Furnishings,3M Hangers With Command Adhesive,22.2,6,0.0,9.102,0.41,Bajo,Alta,0,2015,5,2,913,United States,6360,FUR-FU-10001935,0,0.0,Bajo
CA-2014-114314,2014-10-11,2014-10-15,4,Standard Class,DB-13555,Dorothy Badders,Corporate,South,Arkansas,Fayetteville,Furniture,Furnishings,Eldon Pizzaz Desk Accessories,8.92,4,0.0,3.9248,0.44,Bajo,Alta,0,2014,10,4,5929,United States,72701,FUR-FU-10002107,0,0.0,Bajo
CA-2016-103107,2016-07-04,2016-07-04,0,Same Day,RB-19465,Rick Bensley,Home Office,West,Washington,Seattle,Furniture,Furnishings,"Master Caster Door Stop, Brown",25.4,5,0.0,8.636,0.3399999999999999,Bajo,Alta,0,2016,7,3,5936,United States,98103,FUR-FU-10000221,0,0.0,Bajo
CA-2014-104178,2014-08-25,2014-08-29,4,Standard Class,JM-15265,Janet Molinari,Corporate,West,California,Los Angeles,Furniture,Furnishings,"Eldon 200 Class Desk Accessories, Smoke",6.28,1,0.0,2.6376,0.42,Bajo,Alta,0,2014,8,3,5944,United States,90036,FUR-FU-10000771,0,0.0,Bajo
US-2016-107440,2016-04-16,2016-04-20,4,Standard Class,BS-11365,Bill Shonely,Corporate,East,New Jersey,Lakewood,Furniture,Furnishings,Stacking Trays by OIC,9.96,2,0.0,3.2868,0.3299999999999999,Bajo,Alta,0,2016,4,2,4279,United States,8701,FUR-FU-10000550,0,0.0,Bajo
CA-2017-169124,2017-07-03,2017-07-10,7,Standard Class,MB-17305,Maria Bertelson,Consumer,West,California,Citrus Heights,Furniture,Furnishings,"Howard Miller 11-1/2"" Diameter Brentwood Wall Clock",129.39,3,0.0,54.3438,0.42,Bajo,Alta,0,2017,7,3,4296,United States,95610,FUR-FU-10001215,0,0.0,Bajo
CA-2017-169859,2017-12-14,2017-12-18,4,Standard Class,MP-18175,Mike Pelletier,Home Office,West,California,San Diego,Furniture,Furnishings,"Eldon 400 Class Desk Accessories, Black Carbon",26.25,3,0.0,11.025,0.42,Bajo,Alta,0,2017,12,4,2947,United States,92024,FUR-FU-10004963,0,0.0,Bajo
CA-2017-120404,2017-11-20,2017-11-24,4,Second Class,KH-16330,Katharine Harms,Corporate,East,New York,New York City,Furniture,Furnishings,Tensor Brushed Steel Torchiere Floor Lamp,50.97,3,0.0,9.1746,0.18,Bajo,Media,0,2017,11,4,7929,United States,10035,FUR-FU-10000820,0,0.0,Bajo
CA-2016-139269,2016-05-25,2016-05-30,5,Standard Class,JB-16045,Julia Barnett,Home Office,South,Georgia,Columbus,Furniture,Furnishings,Eldon Expressions Mahogany Wood Desk Collection,24.96,4,0.0,6.24,0.25,Bajo,Media,0,2016,5,2,2986,United States,31907,FUR-FU-10000755,0,0.0,Bajo
CA-2017-126242,2017-11-19,2017-11-24,5,Standard Class,MC-18100,Mick Crebagga,Consumer,West,California,Los Angeles,Furniture,Furnishings,"Executive Impressions 13-1/2"" Indoor/Outdoor Wall Clock",18.7,1,0.0,7.106,0.38,Bajo,Alta,0,2017,11,4,2945,United States,90049,FUR-FU-10002685,0,0.0,Bajo
CA-2016-166443,2016-11-04,2016-11-05,1,First Class,LH-17020,Lisa Hazard,Consumer,West,California,San Francisco,Furniture,Furnishings,Advantus Panel Wall Acrylic Frame,38.29,7,0.0,16.4647,0.43,Bajo,Alta,0,2016,11,4,2946,United States,94122,FUR-FU-10004020,0,0.0,Bajo
CA-2016-120355,2016-09-18,2016-09-25,7,Standard Class,MM-17260,Magdelene Morse,Consumer,East,New York,New Rochelle,Furniture,Furnishings,DAX Two-Tone Silver Metal Document Frame,60.72,3,0.0,26.1096,0.43,Bajo,Alta,0,2016,9,3,4348,United States,10801,FUR-FU-10004053,0,0.0,Bajo
CA-2014-141726,2014-07-20,2014-07-22,2,First Class,CC-12145,Charles Crestani,Consumer,West,California,San Diego,Furniture,Furnishings,Nu-Dell Leatherette Frames,43.02,3,0.0,15.4872,0.36,Bajo,Alta,0,2014,7,3,5972,United States,92105,FUR-FU-10003577,0,0.0,Bajo
CA-2017-135783,2017-04-22,2017-04-24,2,First Class,GM-14440,Gary McGarr,Consumer,West,California,San Francisco,Furniture,Furnishings,"Eldon Stackable Tray, Side-Load, Legal, Smoke",18.28,2,0.0,6.2152,0.3399999999999999,Bajo,Alta,0,2017,4,2,805,United States,94122,FUR-FU-10000794,0,0.0,Bajo
CA-2015-135272,2015-12-07,2015-12-12,5,Standard Class,MS-17830,Melanie Seite,Consumer,West,California,Los Angeles,Furniture,Furnishings,12-1/2 Diameter Round Wall Clock,79.92,4,0.0,28.7712,0.36,Bajo,Alta,0,2015,12,4,755,United States,90036,FUR-FU-10002759,0,0.0,Bajo
CA-2014-103331,2014-08-26,2014-09-01,6,Standard Class,KB-16315,Karl Braun,Consumer,East,Delaware,Newark,Furniture,Furnishings,Acrylic Self-Standing Desk Frames,10.68,4,0.0,4.0584,0.38,Bajo,Alta,0,2014,8,3,5334,United States,19711,FUR-FU-10001731,0,0.0,Bajo
US-2016-147340,2016-09-24,2016-09-24,0,Same Day,EB-13750,Edward Becker,Corporate,West,California,San Francisco,Furniture,Furnishings,Nu-Dell Executive Frame,63.2,5,0.0,23.384,0.37,Bajo,Alta,0,2016,9,3,5397,United States,94110,FUR-FU-10002501,0,0.0,Bajo
CA-2014-119375,2014-11-17,2014-11-22,5,Standard Class,YC-21895,Yoseph Carroll,Corporate,East,Delaware,Newark,Furniture,Furnishings,Eldon Econocleat Chair Mats for Low Pile Carpets,124.41,3,0.0,14.9292,0.12,Bajo,Baja,0,2014,11,4,3072,United States,19711,FUR-FU-10002379,0,0.0,Bajo
CA-2015-133242,2015-06-18,2015-06-24,6,Standard Class,KH-16510,Keith Herrera,Consumer,South,Virginia,Arlington,Furniture,Furnishings,"Seth Thomas 8 1/2"" Cubicle Clock",60.84,3,0.0,19.4688,0.32,Bajo,Alta,0,2015,6,2,7749,United States,22204,FUR-FU-10003464,0,0.0,Bajo
CA-2015-158323,2015-11-30,2015-12-03,3,First Class,AB-10600,Ann Blume,Corporate,South,North Carolina,Jacksonville,Furniture,Furnishings,Dana Swing-Arm Lamps,17.088,2,0.2,1.068,0.0625,Medio,Baja,0,2015,11,4,7754,United States,28540,FUR-FU-10001546,0,0.0,Bajo
CA-2016-124233,2016-04-08,2016-04-14,6,Standard Class,CK-12595,Clytie Kelty,Consumer,West,California,Los Angeles,Furniture,Furnishings,"C-Line Magnetic Cubicle Keepers, Clear Polypropylene",24.7,5,0.0,10.374,0.42,Bajo,Alta,0,2016,4,2,4196,United States,90032,FUR-FU-10002597,0,0.0,Bajo
CA-2014-145387,2014-10-31,2014-11-02,2,Second Class,AM-10705,Anne McFarland,Consumer,East,Rhode Island,Cranston,Furniture,Furnishings,"Eldon Expressions Wood Desk Accessories, Oak",14.76,2,0.0,4.2804,0.29,Bajo,Media,0,2014,10,4,4206,United States,2920,FUR-FU-10002364,0,0.0,Bajo
CA-2014-145387,2014-10-31,2014-11-02,2,Second Class,AM-10705,Anne McFarland,Consumer,East,Rhode Island,Cranston,Furniture,Furnishings,Eldon Wave Desk Accessories,17.67,3,0.0,7.7748,0.4399999999999999,Bajo,Alta,0,2014,10,4,4208,United States,2920,FUR-FU-10000023,0,0.0,Bajo
CA-2017-117702,2017-11-28,2017-12-04,6,Standard Class,LS-16975,Lindsay Shagiari,Home Office,East,Maryland,Baltimore,Furniture,Furnishings,"Eldon Image Series Desk Accessories, Burgundy",20.9,5,0.0,7.524,0.36,Bajo,Alta,0,2017,11,4,4248,United States,21215,FUR-FU-10004270,0,0.0,Bajo
US-2016-117541,2016-11-14,2016-11-20,6,Standard Class,JM-16195,Justin MacKendrick,Consumer,East,Delaware,Newark,Furniture,Furnishings,Stacking Trays by OIC,19.92,4,0.0,6.5736,0.3299999999999999,Bajo,Alta,0,2016,11,4,7129,United States,19711,FUR-FU-10000550,0,0.0,Bajo
CA-2014-103940,2014-09-17,2014-09-21,4,Standard Class,BN-11515,Bradley Nguyen,Consumer,West,Washington,Seattle,Furniture,Furnishings,"Executive Impressions 12"" Wall Clock",35.34,2,0.0,13.4292,0.3799999999999999,Bajo,Alta,0,2014,9,3,3927,United States,98103,FUR-FU-10004671,0,0.0,Bajo
CA-2015-107685,2015-11-30,2015-12-02,2,Second Class,JM-15865,John Murray,Consumer,West,Nevada,Las Vegas,Furniture,Furnishings,"DAX Contemporary Wood Frame with Silver Metal Mat, Desktop, 11 x 14 Size",80.96,4,0.0,29.1456,0.36,Bajo,Alta,0,2015,11,4,7655,United States,89115,FUR-FU-10002813,0,0.0,Bajo
CA-2016-159639,2016-11-27,2016-12-02,5,Standard Class,PC-18745,Pamela Coakley,Corporate,East,New Jersey,Westfield,Furniture,Furnishings,Ultra Door Pull Handle,31.56,3,0.0,10.4148,0.33,Bajo,Alta,0,2016,11,4,5902,United States,7090,FUR-FU-10001889,0,0.0,Bajo
US-2016-113985,2016-12-02,2016-12-07,5,Standard Class,KD-16495,Keith Dawkins,Corporate,West,California,San Jose,Furniture,Furnishings,"Eldon Regeneration Recycled Desk Accessories, Black",14.52,3,0.0,5.6628,0.39,Bajo,Alta,0,2016,12,4,5910,United States,95123,FUR-FU-10003026,0,0.0,Bajo
CA-2016-126858,2016-11-19,2016-11-23,4,Standard Class,JM-15265,Janet Molinari,Corporate,West,Washington,Seattle,Furniture,Furnishings,Tenex Chairmats For Use With Carpeted Floors,31.96,2,0.0,1.598,0.05,Bajo,Baja,0,2016,11,4,9466,United States,98115,FUR-FU-10000448,0,0.0,Bajo
US-2015-158589,2015-11-20,2015-11-24,4,Standard Class,KW-16570,Kelly Williams,Consumer,West,California,San Francisco,Furniture,Furnishings,Dana Swing-Arm Lamps,32.04,3,0.0,8.01,0.25,Bajo,Media,0,2015,11,4,9502,United States,94109,FUR-FU-10001546,0,0.0,Bajo
CA-2017-101574,2017-09-28,2017-10-04,6,Standard Class,BD-11725,Bruce Degenhardt,Consumer,West,California,Los Angeles,Furniture,Furnishings,Longer-Life Soft White Bulbs,9.24,3,0.0,4.4352,0.48,Bajo,Alta,0,2017,9,3,5462,United States,90032,FUR-FU-10001706,0,0.0,Bajo
CA-2017-122945,2017-11-16,2017-11-22,6,Standard Class,MB-18085,Mick Brown,Consumer,West,California,Roseville,Furniture,Furnishings,DAX Cubicle Frames - 8x10,17.31,3,0.0,5.193,0.3,Bajo,Media,0,2017,11,4,7589,United States,95661,FUR-FU-10001196,0,0.0,Bajo
CA-2015-113740,2015-08-24,2015-08-28,4,Second Class,SC-20380,Shahid Collister,Consumer,East,New York,New York City,Furniture,Furnishings,"DAX Value U-Channel Document Frames, Easel Back",14.91,3,0.0,4.6221,0.31,Bajo,Alta,0,2015,8,3,7615,United States,10035,FUR-FU-10000010,0,0.0,Bajo
CA-2017-105235,2017-12-05,2017-12-11,6,Standard Class,SM-20950,Suzanne McNair,Corporate,East,New York,New York City,Furniture,Furnishings,"Eldon Expressions Wood and Plastic Desk Accessories, Cherry Wood",20.94,3,0.0,6.0726,0.29,Bajo,Media,0,2017,12,4,3179,United States,10011,FUR-FU-10001487,0,0.0,Bajo
CA-2017-105235,2017-12-05,2017-12-11,6,Standard Class,SM-20950,Suzanne McNair,Corporate,East,New York,New York City,Furniture,Furnishings,"Seth Thomas 14"" Putty-Colored Wall Clock",58.68,2,0.0,18.1908,0.31,Bajo,Alta,0,2017,12,4,3180,United States,10011,FUR-FU-10000521,0,0.0,Bajo
CA-2014-158372,2014-11-10,2014-11-16,6,Standard Class,RD-19900,Ruben Dartt,Consumer,West,California,San Diego,Furniture,Furnishings,Luxo Economy Swing Arm Lamp,39.88,2,0.0,11.1664,0.2799999999999999,Bajo,Media,0,2014,11,4,3205,United States,92037,FUR-FU-10000397,0,0.0,Bajo
CA-2014-116834,2014-10-11,2014-10-16,5,Standard Class,Dp-13240,Dean percer,Home Office,West,Washington,Seattle,Furniture,Furnishings,DAX Cubicle Frames - 8x10,63.47,11,0.0,19.041,0.3,Bajo,Media,0,2014,10,4,4001,United States,98115,FUR-FU-10001196,0,0.0,Bajo
CA-2014-110786,2014-12-29,2015-01-02,4,Standard Class,AJ-10795,Anthony Johnson,Corporate,West,California,San Francisco,Furniture,Furnishings,Stacking Trays by OIC,24.9,5,0.0,8.217,0.33,Bajo,Alta,0,2014,12,4,4038,United States,94110,FUR-FU-10000550,0,0.0,Bajo
CA-2015-128013,2015-08-09,2015-08-16,7,Standard Class,MF-18250,Monica Federle,Corporate,East,New York,New York City,Furniture,Furnishings,OIC Stacking Trays,10.02,3,0.0,4.4088,0.44,Bajo,Alta,0,2015,8,3,7124,United States,10035,FUR-FU-10000320,0,0.0,Bajo
CA-2017-119564,2017-12-15,2017-12-20,5,Standard Class,PL-18925,Paul Lucas,Home Office,West,Washington,Seattle,Furniture,Furnishings,"Master Giant Foot Doorstop, Safety Yellow",22.77,3,0.0,9.7911,0.43,Bajo,Alta,0,2017,12,4,3982,United States,98115,FUR-FU-10003096,0,0.0,Bajo
CA-2016-147683,2016-11-13,2016-11-17,4,Standard Class,PO-19180,Philisse Overcash,Home Office,West,Washington,Seattle,Furniture,Furnishings,DAX Solid Wood Frames,19.54,2,0.0,7.2298,0.37,Bajo,Alta,0,2016,11,4,7196,United States,98103,FUR-FU-10004848,0,0.0,Bajo
CA-2015-161718,2015-12-04,2015-12-10,6,Standard Class,SO-20335,Sean O'Donnell,Consumer,East,New York,Hempstead,Furniture,Furnishings,"DAX Two-Tone Rosewood/Black Document Frame, Desktop, 5 x 7",28.44,3,0.0,11.376,0.3999999999999999,Bajo,Alta,0,2015,12,4,3374,United States,11550,FUR-FU-10002445,0,0.0,Bajo
US-2014-137155,2014-11-01,2014-11-05,4,Standard Class,DL-12925,Daniel Lacy,Consumer,East,New York,Long Beach,Furniture,Furnishings,"Master Big Foot Doorstop, Beige",31.68,6,0.0,9.8208,0.31,Bajo,Alta,0,2014,11,4,7561,United States,11561,FUR-FU-10003142,0,0.0,Bajo
CA-2014-159478,2014-09-30,2014-10-06,6,Standard Class,MH-17785,Maya Herman,Corporate,East,New York,New York City,Furniture,Furnishings,"Master Caster Door Stop, Brown",15.24,3,0.0,5.1816,0.34,Bajo,Alta,0,2014,9,3,3284,United States,10035,FUR-FU-10000221,0,0.0,Bajo
US-2017-109253,2017-08-21,2017-08-22,1,First Class,PR-18880,Patrick Ryan,Consumer,West,California,Oakland,Furniture,Furnishings,Tenex Chairmats For Use with Hard Floors,129.92,4,0.0,10.3936,0.08,Bajo,Baja,0,2017,8,3,3337,United States,94601,FUR-FU-10000193,0,0.0,Bajo
CA-2015-134992,2015-09-22,2015-09-26,4,Second Class,MG-17875,Michael Grace,Home Office,South,Virginia,Arlington,Furniture,Furnishings,"Westinghouse Floor Lamp with Metal Mesh Shade, Black",47.98,2,0.0,11.0354,0.23,Bajo,Media,0,2015,9,3,5841,United States,22204,FUR-FU-10002554,0,0.0,Bajo
CA-2015-126725,2015-11-17,2015-11-21,4,Standard Class,BS-11665,Brian Stugart,Consumer,West,California,San Diego,Furniture,Furnishings,"DAX Contemporary Wood Frame with Silver Metal Mat, Desktop, 11 x 14 Size",80.96,4,0.0,29.1456,0.36,Bajo,Alta,0,2015,11,4,5844,United States,92105,FUR-FU-10002813,0,0.0,Bajo
US-2017-162558,2017-10-02,2017-10-05,3,First Class,Dp-13240,Dean percer,Home Office,South,Tennessee,Knoxville,Furniture,Furnishings,"Eldon Image Series Desk Accessories, Ebony",19.76,2,0.2,5.928,0.3,Medio,Media,0,2017,10,4,5323,United States,37918,FUR-FU-10003691,0,0.0,Bajo
CA-2015-119508,2015-12-04,2015-12-09,5,Standard Class,TZ-21580,Tracy Zic,Consumer,West,California,Lakewood,Furniture,Furnishings,"Eldon Image Series Desk Accessories, Burgundy",25.08,6,0.0,9.0288,0.36,Bajo,Alta,0,2015,12,4,5326,United States,90712,FUR-FU-10004270,0,0.0,Bajo
CA-2015-148495,2015-08-13,2015-08-13,0,Same Day,SF-20065,Sandra Flanagan,Consumer,West,California,Pomona,Furniture,Furnishings,Ultra Door Pull Handle,31.56,3,0.0,10.4148,0.33,Bajo,Alta,0,2015,8,3,9575,United States,91767,FUR-FU-10001889,0,0.0,Bajo
US-2017-129441,2017-09-07,2017-09-11,4,Standard Class,JC-15340,Jasper Cacioppo,Consumer,West,California,Los Angeles,Furniture,Furnishings,Tenex Chairmats For Use With Carpeted Floors,47.94,3,0.0,2.397,0.0499999999999999,Bajo,Baja,0,2017,9,3,533,United States,90032,FUR-FU-10000448,0,0.0,Bajo
CA-2017-118731,2017-11-20,2017-11-22,2,Second Class,LP-17080,Liz Pelletier,Consumer,West,California,San Francisco,Furniture,Furnishings,Coloredge Poster Frame,42.6,3,0.0,16.614,0.39,Bajo,Alta,0,2017,11,4,560,United States,94110,FUR-FU-10003347,0,0.0,Bajo
CA-2017-121048,2017-07-14,2017-07-18,4,Standard Class,TC-21295,Toby Carlisle,Consumer,West,California,Westminster,Furniture,Furnishings,"Eldon 200 Class Desk Accessories, Burgundy",18.84,3,0.0,7.9128,0.42,Bajo,Alta,0,2017,7,3,7500,United States,92683,FUR-FU-10002960,0,0.0,Bajo
US-2016-150035,2016-12-01,2016-12-05,4,Standard Class,CL-11890,Carl Ludwig,Consumer,West,California,San Francisco,Furniture,Furnishings,Westinghouse Clip-On Gooseneck Lamps,16.74,2,0.0,4.3524,0.26,Bajo,Media,0,2016,12,4,3471,United States,94122,FUR-FU-10003724,0,0.0,Bajo
CA-2014-124688,2014-08-27,2014-08-29,2,First Class,CC-12610,Corey Catlett,Corporate,South,Virginia,Springfield,Furniture,Furnishings,"Master Caster Door Stop, Large Neon Orange",29.12,4,0.0,12.5216,0.4299999999999999,Bajo,Alta,0,2014,8,3,3484,United States,22153,FUR-FU-10002456,0,0.0,Bajo
CA-2017-117863,2017-05-18,2017-05-23,5,Standard Class,TS-21340,Toby Swindell,Consumer,East,New York,New York City,Furniture,Furnishings,"Master Caster Door Stop, Large Neon Orange",14.56,2,0.0,6.2608,0.4299999999999999,Bajo,Alta,0,2017,5,2,3941,United States,10024,FUR-FU-10002456,0,0.0,Bajo
CA-2016-167556,2016-03-29,2016-04-02,4,Standard Class,JM-15250,Janet Martin,Consumer,East,New York,New York City,Furniture,Furnishings,"Howard Miller 13-3/4"" Diameter Brushed Chrome Round Wall Clock",414.0,8,0.0,124.2,0.3,Bajo,Media,0,2016,3,1,3975,United States,10009,FUR-FU-10004848,0,0.0,Bajo
US-2016-116400,2016-10-22,2016-10-24,2,First Class,EB-13930,Eric Barreto,Consumer,South,Virginia,Richmond,Furniture,Furnishings,"Eldon Expressions Wood and Plastic Desk Accessories, Oak",39.92,4,0.0,11.1776,0.2799999999999999,Bajo,Media,0,2016,10,4,3977,United States,23223,FUR-FU-10003731,0,0.0,Bajo
CA-2014-124702,2014-11-18,2014-11-25,7,Standard Class,MH-17785,Maya Herman,Corporate,West,Washington,Seattle,Furniture,Furnishings,"Howard Miller 13-1/2"" Diameter Rosebrook Wall Clock",137.54,2,0.0,55.016,0.4,Bajo,Alta,0,2014,11,4,9637,United States,98105,FUR-FU-10003553,0,0.0,Bajo
CA-2017-157448,2017-11-16,2017-11-20,4,Standard Class,LC-16885,Lena Creighton,Consumer,West,California,Los Angeles,Furniture,Furnishings,Eldon Radial Chair Mat for Low to Medium Pile Carpets,119.94,3,0.0,23.988,0.2,Bajo,Media,0,2017,11,4,9666,United States,90049,FUR-FU-10003268,0,0.0,Bajo
CA-2016-152632,2016-10-27,2016-11-02,6,Standard Class,JE-15475,Jeremy Ellison,Consumer,East,New York,Troy,Furniture,Furnishings,Electrix 20W Halogen Replacement Bulb for Zoom-In Desk Lamp,40.2,3,0.0,19.296,0.4799999999999999,Bajo,Alta,0,2016,10,4,479,United States,12180,FUR-FU-10002671,0,0.0,Bajo
CA-2016-126158,2016-07-25,2016-07-31,6,Standard Class,SC-20095,Sanjit Chand,Consumer,West,California,Costa Mesa,Furniture,Furnishings,Deflect-O Glasstique Clear Desk Accessories,69.3,9,0.0,22.869,0.33,Bajo,Alta,0,2016,7,3,500,United States,92627,FUR-FU-10000073,0,0.0,Bajo
CA-2017-158169,2017-08-12,2017-08-15,3,First Class,JM-16195,Justin MacKendrick,Consumer,West,California,Lake Forest,Furniture,Furnishings,DAX Wood Document Frame,54.92,4,0.0,19.7712,0.36,Bajo,Alta,0,2017,8,3,5763,United States,92630,FUR-FU-10001473,0,0.0,Bajo
CA-2015-103835,2015-09-24,2015-09-28,4,Standard Class,SC-20440,Shaun Chance,Corporate,West,California,Los Angeles,Furniture,Furnishings,"DAX Value U-Channel Document Frames, Easel Back",14.91,3,0.0,4.6221,0.31,Bajo,Alta,0,2015,9,3,5771,United States,90032,FUR-FU-10000010,0,0.0,Bajo
CA-2017-140186,2017-09-29,2017-10-02,3,First Class,PG-18820,Patrick Gardner,Consumer,West,California,Bakersfield,Furniture,Furnishings,"Howard Miller 13-3/4"" Diameter Brushed Chrome Round Wall Clock",51.75,1,0.0,15.525,0.3,Bajo,Media,0,2017,9,3,5794,United States,93309,FUR-FU-10004848,0,0.0,Bajo
CA-2014-124856,2014-09-29,2014-10-03,4,Second Class,LD-17005,Lisa DeCherney,Consumer,East,New York,New York City,Furniture,Furnishings,"Seth Thomas 14"" Putty-Colored Wall Clock",117.36,4,0.0,36.3816,0.31,Bajo,Alta,0,2014,9,3,5797,United States,10011,FUR-FU-10000521,0,0.0,Bajo
CA-2017-136651,2017-04-23,2017-04-25,2,Second Class,JF-15355,Jay Fein,Consumer,West,California,Pasadena,Furniture,Furnishings,Eldon 500 Class Desk Accessories,24.14,2,0.0,7.9662,0.3299999999999999,Bajo,Alta,0,2017,4,2,7243,United States,91104,FUR-FU-10004864,0,0.0,Bajo
CA-2017-169411,2017-12-24,2017-12-29,5,Standard Class,AC-10615,Ann Chong,Corporate,East,New York,Rochester,Furniture,Furnishings,"Eldon Delta Triangular Chair Mat, 52"" x 58"", Clear",37.93,1,0.0,6.8274,0.18,Bajo,Media,0,2017,12,4,3701,United States,14609,FUR-FU-10001602,0,0.0,Bajo
CA-2016-129728,2016-05-30,2016-06-06,7,Standard Class,JG-15310,Jason Gross,Corporate,West,California,Los Angeles,Furniture,Furnishings,36X48 HARDFLOOR CHAIRMAT,167.84,8,0.0,11.7488,0.0699999999999999,Bajo,Baja,0,2016,5,2,7409,United States,90032,FUR-FU-10003247,0,0.0,Bajo
CA-2015-145457,2015-03-24,2015-03-27,3,Second Class,CP-12085,Cathy Prescott,Corporate,West,Washington,Covington,Furniture,Furnishings,"Eldon Expressions Punched Metal & Wood Desk Accessories, Black & Cherry",46.9,5,0.0,13.132,0.28,Bajo,Media,0,2015,3,1,7439,United States,98042,FUR-FU-10003832,0,0.0,Bajo
CA-2017-112956,2017-08-21,2017-08-27,6,Standard Class,TH-21550,Tracy Hopkins,Home Office,East,Maryland,Columbia,Furniture,Furnishings,"DAX Executive Solid Wood Document Frame, Desktop or Hang, Mahogany, 5 x 7",25.16,2,0.0,8.5544,0.3399999999999999,Bajo,Alta,0,2017,8,3,3605,United States,21044,FUR-FU-10003976,0,0.0,Bajo
CA-2017-148985,2017-11-11,2017-11-15,4,Second Class,TB-21190,Thomas Brumley,Home Office,West,California,Los Angeles,Furniture,Furnishings,Dax Clear Box Frame,34.92,4,0.0,11.8728,0.3399999999999999,Bajo,Alta,0,2017,11,4,7468,United States,90045,FUR-FU-10001424,0,0.0,Bajo
CA-2015-167745,2015-09-18,2015-09-23,5,Standard Class,GB-14530,George Bell,Corporate,West,California,Los Angeles,Furniture,Furnishings,Advantus Panel Wall Certificate Holder - 8.5x11,24.4,2,0.0,10.248,0.42,Bajo,Alta,0,2015,9,3,3761,United States,90049,FUR-FU-10001591,0,0.0,Bajo
CA-2015-156440,2015-12-05,2015-12-09,4,Standard Class,MH-17620,Matt Hagelstein,Corporate,West,California,San Diego,Furniture,Furnishings,"Executive Impressions 14"" Contract Wall Clock",44.46,2,0.0,14.6718,0.3299999999999999,Bajo,Alta,0,2015,12,4,3677,United States,92105,FUR-FU-10004090,0,0.0,Bajo
CA-2017-148068,2017-09-18,2017-09-25,7,Standard Class,MM-18280,Muhammed MacIntyre,Corporate,East,New York,New York City,Furniture,Furnishings,Ultra Door Push Plate,9.82,2,0.0,3.2406,0.33,Bajo,Alta,0,2017,9,3,3914,United States,10035,FUR-FU-10002268,0,0.0,Bajo
CA-2017-137414,2017-10-02,2017-10-06,4,Standard Class,CM-12115,Chad McGuire,Consumer,West,California,San Francisco,Furniture,Furnishings,Dax Clear Box Frame,17.46,2,0.0,5.9364,0.3399999999999999,Bajo,Alta,0,2017,10,4,7206,United States,94109,FUR-FU-10001424,0,0.0,Bajo
CA-2016-109953,2016-07-14,2016-07-18,4,Standard Class,RB-19360,Raymond Buch,Consumer,West,California,San Francisco,Furniture,Furnishings,Deflect-O Glasstique Clear Desk Accessories,30.8,4,0.0,10.164,0.3299999999999999,Bajo,Alta,0,2016,7,3,7226,United States,94122,FUR-FU-10000073,0,0.0,Bajo
CA-2016-101651,2016-12-24,2016-12-30,6,Standard Class,SC-20305,Sean Christensen,Consumer,West,California,San Jose,Furniture,Furnishings,"Eldon 200 Class Desk Accessories, Smoke",43.96,7,0.0,18.4632,0.42,Bajo,Alta,0,2016,12,4,7239,United States,95123,FUR-FU-10000771,0,0.0,Bajo
CA-2017-151008,2017-09-07,2017-09-08,1,First Class,JM-16195,Justin MacKendrick,Consumer,West,Utah,Draper,Furniture,Furnishings,"DAX Copper Panel Document Frame, 5 x 7 Size",25.16,2,0.0,10.5672,0.42,Bajo,Alta,0,2017,9,3,5547,United States,84020,FUR-FU-10002396,0,0.0,Bajo
CA-2017-116113,2017-10-02,2017-10-06,4,Second Class,JW-15220,Jane Waco,Corporate,South,Alabama,Montgomery,Furniture,Furnishings,"Master Caster Door Stop, Gray",10.16,2,0.0,3.4544,0.34,Bajo,Alta,0,2017,10,4,5556,United States,36116,FUR-FU-10002963,0,0.0,Bajo
CA-2017-163818,2017-10-04,2017-10-08,4,Standard Class,PS-18970,Paul Stevenson,Home Office,East,Maryland,Clinton,Furniture,Furnishings,24-Hour Round Wall Clock,19.98,1,0.0,8.5914,0.43,Bajo,Alta,0,2017,10,4,5582,United States,20735,FUR-FU-10000076,0,0.0,Bajo
CA-2017-125388,2017-10-19,2017-10-23,4,Standard Class,MP-17965,Michael Paige,Corporate,East,Massachusetts,Lawrence,Furniture,Furnishings,"Westinghouse Mesh Shade Clip-On Gooseneck Lamp, Black",56.56,4,0.0,14.7056,0.26,Bajo,Media,0,2017,10,4,423,United States,1841,FUR-FU-10004712,0,0.0,Bajo
CA-2017-157448,2017-11-16,2017-11-20,4,Standard Class,LC-16885,Lena Creighton,Consumer,West,California,Los Angeles,Furniture,Furnishings,Eldon Image Series Black Desk Accessories,12.42,3,0.0,4.4712,0.36,Bajo,Alta,0,2017,11,4,9667,United States,90049,FUR-FU-10001847,0,0.0,Bajo
CA-2016-137393,2016-05-06,2016-05-10,4,Standard Class,GM-14500,Gene McClure,Consumer,West,California,Bakersfield,Furniture,Furnishings,"Executive Impressions 8-1/2"" Career Panel/Partition Cubicle Clock",41.6,4,0.0,14.144,0.3399999999999999,Bajo,Alta,0,2016,5,2,9676,United States,93309,FUR-FU-10001617,0,0.0,Bajo
CA-2016-161746,2016-10-21,2016-10-27,6,Standard Class,CS-11950,Carlos Soltero,Consumer,West,California,Los Angeles,Furniture,Furnishings,"Eldon Expressions Wood and Plastic Desk Accessories, Oak",19.96,2,0.0,5.5888,0.2799999999999999,Bajo,Media,0,2016,10,4,9709,United States,90045,FUR-FU-10003731,0,0.0,Bajo
CA-2014-120887,2014-09-27,2014-10-03,6,Standard Class,TS-21205,Thomas Seio,Corporate,East,New Jersey,Hackensack,Furniture,Furnishings,"Deflect-o SuperTray Unbreakable Stackable Tray, Letter, Black",87.54,3,0.0,37.6422,0.43,Bajo,Alta,0,2014,9,3,314,United States,7601,FUR-FU-10001588,0,0.0,Bajo
CA-2017-146780,2017-12-25,2017-12-30,5,Standard Class,CV-12805,Cynthia Voltz,Corporate,East,New York,New York City,Furniture,Furnishings,Magnifier Swing Arm Lamp,41.96,2,0.0,10.9096,0.2599999999999999,Bajo,Media,0,2017,12,4,111,United States,10035,FUR-FU-10001934,0,0.0,Bajo
CA-2016-129630,2016-09-04,2016-09-04,0,Same Day,IM-15055,Ionia McGrath,Consumer,West,California,San Francisco,Furniture,Furnishings,"6"" Cubicle Wall Clock, Black",24.27,3,0.0,8.7372,0.36,Bajo,Alta,0,2016,9,3,9929,United States,94122,FUR-FU-10000260,0,0.0,Bajo
US-2015-129007,2015-09-13,2015-09-15,2,First Class,KD-16615,Ken Dana,Corporate,West,California,Anaheim,Furniture,Furnishings,Tensor Computer Mounted Lamp,44.67,3,0.0,12.0609,0.27,Bajo,Media,0,2015,9,3,9910,United States,92804,FUR-FU-10004018,0,0.0,Bajo
CA-2015-135545,2015-11-24,2015-11-30,6,Standard Class,KM-16720,Kunst Miller,Consumer,West,California,Los Angeles,Furniture,Furnishings,Luxo Economy Swing Arm Lamp,79.76,4,0.0,22.3328,0.2799999999999999,Bajo,Media,0,2015,11,4,66,United States,90004,FUR-FU-10000397,0,0.0,Bajo
